signal_date,label_end,target,forward_return,probability,prediction,candidate,year
2024-01-01,2024-02-02,0,-0.041470259023367984,1.0,1,always_up,2024
2024-01-02,2024-02-03,1,0.008280034907036216,1.0,1,always_up,2024
2024-01-03,2024-02-04,0,-0.025820421235257962,1.0,1,always_up,2024
2024-01-04,2024-02-05,0,-0.035388736059614456,1.0,1,always_up,2024
2024-01-05,2024-02-06,0,-0.028648354087670413,1.0,1,always_up,2024
2024-01-06,2024-02-07,0,-0.018895258509126545,1.0,1,always_up,2024
2024-01-07,2024-02-08,0,-0.055407505350254294,1.0,1,always_up,2024
2024-01-08,2024-02-09,0,-0.017812621990891286,1.0,1,always_up,2024
2024-01-09,2024-02-10,1,0.010262356925451188,1.0,1,always_up,2024
2024-01-10,2024-02-11,1,0.03046926185109955,1.0,1,always_up,2024
2024-01-11,2024-02-12,1,0.12895994973673974,1.0,1,always_up,2024
2024-01-12,2024-02-13,1,0.16498533536812343,1.0,1,always_up,2024
2024-01-13,2024-02-14,1,0.19091304467637227,1.0,1,always_up,2024
2024-01-14,2024-02-15,1,0.21839166711752922,1.0,1,always_up,2024
2024-01-15,2024-02-16,1,0.20265385876098851,1.0,1,always_up,2024
2024-01-16,2024-02-17,1,0.21853353123205044,1.0,1,always_up,2024
2024-01-17,2024-02-18,1,0.24959476145550497,1.0,1,always_up,2024
2024-01-18,2024-02-19,1,0.2515337010967371,1.0,1,always_up,2024
2024-01-19,2024-02-20,1,0.24171810039560082,1.0,1,always_up,2024
2024-01-20,2024-02-21,1,0.2568162053586889,1.0,1,always_up,2024
2024-01-21,2024-02-22,1,0.3103860137555532,1.0,1,always_up,2024
2024-01-22,2024-02-23,1,0.2855017057421263,1.0,1,always_up,2024
2024-01-23,2024-02-24,1,0.26591715731289267,1.0,1,always_up,2024
2024-01-24,2024-02-25,1,0.29046054549563105,1.0,1,always_up,2024
2024-01-25,2024-02-26,1,0.23683665000857168,1.0,1,always_up,2024
2024-01-26,2024-02-27,1,0.29334437780251643,1.0,1,always_up,2024
2024-01-27,2024-02-28,1,0.35702891076953813,1.0,1,always_up,2024
2024-01-28,2024-02-29,1,0.44175988061717164,1.0,1,always_up,2024
2024-01-29,2024-03-01,1,0.42360093244001673,1.0,1,always_up,2024
2024-01-30,2024-03-02,1,0.4651925786754345,1.0,1,always_up,2024
2024-01-31,2024-03-03,1,0.4387891265570256,1.0,1,always_up,2024
2024-02-01,2024-03-04,1,0.4609718659657098,1.0,1,always_up,2024
2024-02-02,2024-03-05,1,0.5866999448979451,1.0,1,always_up,2024
2024-02-03,2024-03-06,1,0.496470177686432,1.0,1,always_up,2024
2024-02-04,2024-03-07,1,0.547086190869776,1.0,1,always_up,2024
2024-02-05,2024-03-08,1,0.550459222217891,1.0,1,always_up,2024
2024-02-06,2024-03-09,1,0.5360724786694806,1.0,1,always_up,2024
2024-02-07,2024-03-10,1,0.508397024773972,1.0,1,always_up,2024
2024-02-08,2024-03-11,1,0.4630132150066262,1.0,1,always_up,2024
2024-02-09,2024-03-12,1,0.509454864685783,1.0,1,always_up,2024
2024-02-10,2024-03-13,1,0.4793374741200829,1.0,1,always_up,2024
2024-02-11,2024-03-14,1,0.4638698262405323,1.0,1,always_up,2024
2024-02-12,2024-03-15,1,0.43640874373234406,1.0,1,always_up,2024
2024-02-13,2024-03-16,1,0.34182086862539496,1.0,1,always_up,2024
2024-02-14,2024-03-17,1,0.2586859563057138,1.0,1,always_up,2024
2024-02-15,2024-03-18,1,0.31212759548845925,1.0,1,always_up,2024
2024-02-16,2024-03-19,1,0.3091894604923373,1.0,1,always_up,2024
2024-02-17,2024-03-20,1,0.18795868937781668,1.0,1,always_up,2024
2024-02-18,2024-03-21,1,0.3103013168197464,1.0,1,always_up,2024
2024-02-19,2024-03-22,1,0.2534014353940637,1.0,1,always_up,2024
2024-02-20,2024-03-23,1,0.230422427423433,1.0,1,always_up,2024
2024-02-21,2024-03-24,1,0.24765044429132343,1.0,1,always_up,2024
2024-02-22,2024-03-25,1,0.32448765030057647,1.0,1,always_up,2024
2024-02-23,2024-03-26,1,0.35509842207049647,1.0,1,always_up,2024
2024-02-24,2024-03-27,1,0.35297788371479366,1.0,1,always_up,2024
2024-02-25,2024-03-28,1,0.2752290529784598,1.0,1,always_up,2024
2024-02-26,2024-03-29,1,0.2409517623101356,1.0,1,always_up,2024
2024-02-27,2024-03-30,1,0.11882379115490416,1.0,1,always_up,2024
2024-02-28,2024-03-31,1,0.13824706584990687,1.0,1,always_up,2024
2024-02-29,2024-04-01,1,0.14252924044566329,1.0,1,always_up,2024
2024-03-01,2024-04-02,1,0.12361455446988479,1.0,1,always_up,2024
2024-03-02,2024-04-03,1,0.03723454569566775,1.0,1,always_up,2024
2024-03-03,2024-04-04,0,-0.03344444654469858,1.0,1,always_up,2024
2024-03-04,2024-04-05,1,0.07475659488472242,1.0,1,always_up,2024
2024-03-05,2024-04-06,1,0.026433830896370303,1.0,1,always_up,2024
2024-03-06,2024-04-07,1,0.03101947557718754,1.0,1,always_up,2024
2024-03-07,2024-04-08,1,0.018145974558233524,1.0,1,always_up,2024
2024-03-08,2024-04-09,1,0.04840522955419502,1.0,1,always_up,2024
2024-03-09,2024-04-10,1,0.002757125280686612,1.0,1,always_up,2024
2024-03-10,2024-04-11,0,-0.020075723416682845,1.0,1,always_up,2024
2024-03-11,2024-04-12,0,-0.0202342831551251,1.0,1,always_up,2024
2024-03-12,2024-04-13,0,-0.08150656061659378,1.0,1,always_up,2024
2024-03-13,2024-04-14,0,-0.10455989401159349,1.0,1,always_up,2024
2024-03-14,2024-04-15,0,-0.055223004829939026,1.0,1,always_up,2024
2024-03-15,2024-04-16,0,-0.028799870874159916,1.0,1,always_up,2024
2024-03-16,2024-04-17,0,-0.06725890644238408,1.0,1,always_up,2024
2024-03-17,2024-04-18,0,-0.09366395503623726,1.0,1,always_up,2024
2024-03-18,2024-04-19,1,0.02474562627013288,1.0,1,always_up,2024
2024-03-19,2024-04-20,0,-0.059293481136860504,1.0,1,always_up,2024
2024-03-20,2024-04-21,0,-0.008560138061424083,1.0,1,always_up,2024
2024-03-21,2024-04-22,1,0.017939973014252875,1.0,1,always_up,2024
2024-03-22,2024-04-23,1,0.04421470723090892,1.0,1,always_up,2024
2024-03-23,2024-04-24,0,-0.011843475673262938,1.0,1,always_up,2024
2024-03-24,2024-04-25,0,-0.08000028620492272,1.0,1,always_up,2024
2024-03-25,2024-04-26,0,-0.07843717186334398,1.0,1,always_up,2024
2024-03-26,2024-04-27,0,-0.08204967353529202,1.0,1,always_up,2024
2024-03-27,2024-04-28,0,-0.10339867138735759,1.0,1,always_up,2024
2024-03-28,2024-04-29,0,-0.09637593301010028,1.0,1,always_up,2024
2024-03-29,2024-04-30,0,-0.08214992432687851,1.0,1,always_up,2024
2024-03-30,2024-05-01,0,-0.1488214085297418,1.0,1,always_up,2024
2024-03-31,2024-05-02,0,-0.16202255253819065,1.0,1,always_up,2024
2024-04-01,2024-05-03,0,-0.09781545548934611,1.0,1,always_up,2024
2024-04-02,2024-05-04,0,-0.04671175337426425,1.0,1,always_up,2024
2024-04-03,2024-05-05,0,-0.06710348412417988,1.0,1,always_up,2024
2024-04-04,2024-05-06,0,-0.056157396355651756,1.0,1,always_up,2024
2024-04-05,2024-05-07,0,-0.08318073618207156,1.0,1,always_up,2024
2024-04-06,2024-05-08,0,-0.1016186762529272,1.0,1,always_up,2024
2024-04-07,2024-05-09,0,-0.1455874057525831,1.0,1,always_up,2024
2024-04-08,2024-05-10,0,-0.08781419026407888,1.0,1,always_up,2024
2024-04-09,2024-05-11,0,-0.13918929173955719,1.0,1,always_up,2024
2024-04-10,2024-05-12,0,-0.13113449062097626,1.0,1,always_up,2024
2024-04-11,2024-05-13,0,-0.08392151440509732,1.0,1,always_up,2024
2024-04-12,2024-05-14,0,-0.015399880984636294,1.0,1,always_up,2024
2024-04-13,2024-05-15,0,-0.06220293823582501,1.0,1,always_up,2024
2024-04-14,2024-05-16,1,0.043937566057641986,1.0,1,always_up,2024
2024-04-15,2024-05-17,1,0.022601240880718132,1.0,1,always_up,2024
2024-04-16,2024-05-18,1,0.09378044557388066,1.0,1,always_up,2024
2024-04-17,2024-05-19,1,0.054279267604630865,1.0,1,always_up,2024
2024-04-18,2024-05-20,1,0.03848427740068994,1.0,1,always_up,2024
2024-04-19,2024-05-21,1,0.10018450712944049,1.0,1,always_up,2024
2024-04-20,2024-05-22,1,0.08018321203120049,1.0,1,always_up,2024
2024-04-21,2024-05-23,1,0.03512906147503436,1.0,1,always_up,2024
2024-04-22,2024-05-24,1,0.023423675731020666,1.0,1,always_up,2024
2024-04-23,2024-05-25,1,0.06626905946500194,1.0,1,always_up,2024
2024-04-24,2024-05-26,1,0.07430006327295602,1.0,1,always_up,2024
2024-04-25,2024-05-27,1,0.07429308452250272,1.0,1,always_up,2024
2024-04-26,2024-05-28,1,0.09414219348340525,1.0,1,always_up,2024
2024-04-27,2024-05-29,1,0.0836485335072279,1.0,1,always_up,2024
2024-04-28,2024-05-30,1,0.05928678796229603,1.0,1,always_up,2024
2024-04-29,2024-05-31,1,0.12658489474800638,1.0,1,always_up,2024
2024-04-30,2024-06-01,1,0.1572011430829141,1.0,1,always_up,2024
2024-05-01,2024-06-02,1,0.14741198023724777,1.0,1,always_up,2024
2024-05-02,2024-06-03,1,0.07766307088466151,1.0,1,always_up,2024
2024-05-03,2024-06-04,1,0.07697141568361499,1.0,1,always_up,2024
2024-05-04,2024-06-05,1,0.10194697869149527,1.0,1,always_up,2024
2024-05-05,2024-06-06,1,0.1257468117719287,1.0,1,always_up,2024
2024-05-06,2024-06-07,1,0.13620138120913006,1.0,1,always_up,2024
2024-05-07,2024-06-08,1,0.13339051849532546,1.0,1,always_up,2024
2024-05-08,2024-06-09,1,0.09887528934267698,1.0,1,always_up,2024
2024-05-09,2024-06-10,1,0.14552897130410702,1.0,1,always_up,2024
2024-05-10,2024-06-11,1,0.14326129340434912,1.0,1,always_up,2024
2024-05-11,2024-06-12,1,0.09482515776462153,1.0,1,always_up,2024
2024-05-12,2024-06-13,1,0.08458662833179931,1.0,1,always_up,2024
2024-05-13,2024-06-14,1,0.08437368915166887,1.0,1,always_up,2024
2024-05-14,2024-06-15,0,-0.002454743498788714,1.0,1,always_up,2024
2024-05-15,2024-06-16,1,0.015222454254381956,1.0,1,always_up,2024
2024-05-16,2024-06-17,0,-0.005179338744330408,1.0,1,always_up,2024
2024-05-17,2024-06-18,0,-0.0061401594854382235,1.0,1,always_up,2024
2024-05-18,2024-06-19,0,-0.01657784349820446,1.0,1,always_up,2024
2024-05-19,2024-06-20,0,-0.0905886100700074,1.0,1,always_up,2024
2024-05-20,2024-06-21,0,-0.0752455439430213,1.0,1,always_up,2024
2024-05-21,2024-06-22,0,-0.07262260321525038,1.0,1,always_up,2024
2024-05-22,2024-06-23,0,-0.05454860300904851,1.0,1,always_up,2024
2024-05-23,2024-06-24,0,-0.07789906315084805,1.0,1,always_up,2024
2024-05-24,2024-06-25,0,-0.12984827947703115,1.0,1,always_up,2024
2024-05-25,2024-06-26,0,-0.09782349917899702,1.0,1,always_up,2024
2024-05-26,2024-06-27,0,-0.12344312632432275,1.0,1,always_up,2024
2024-05-27,2024-06-28,0,-0.09783766871739685,1.0,1,always_up,2024
2024-05-28,2024-06-29,0,-0.10678954378713201,1.0,1,always_up,2024
2024-05-29,2024-06-30,0,-0.10775795413664258,1.0,1,always_up,2024
2024-05-30,2024-07-01,0,-0.07059519239040668,1.0,1,always_up,2024
2024-05-31,2024-07-02,0,-0.07181742574982097,1.0,1,always_up,2024
2024-06-01,2024-07-03,0,-0.08308283758047219,1.0,1,always_up,2024
2024-06-02,2024-07-04,0,-0.12500121712155043,1.0,1,always_up,2024
2024-06-03,2024-07-05,0,-0.19121384936281716,1.0,1,always_up,2024
2024-06-04,2024-07-06,0,-0.20362279912246162,1.0,1,always_up,2024
2024-06-05,2024-07-07,0,-0.17752961691864266,1.0,1,always_up,2024
2024-06-06,2024-07-08,0,-0.19461716141162366,1.0,1,always_up,2024
2024-06-07,2024-07-09,0,-0.181730867173584,1.0,1,always_up,2024
2024-06-08,2024-07-10,0,-0.16652488257046305,1.0,1,always_up,2024
2024-06-09,2024-07-11,0,-0.16988999137187233,1.0,1,always_up,2024
2024-06-10,2024-07-12,0,-0.14817580175840972,1.0,1,always_up,2024
2024-06-11,2024-07-13,0,-0.15198190905364728,1.0,1,always_up,2024
2024-06-12,2024-07-14,0,-0.113354183074868,1.0,1,always_up,2024
2024-06-13,2024-07-15,0,-0.07943311722989477,1.0,1,always_up,2024
2024-06-14,2024-07-16,0,-0.02271221117876443,1.0,1,always_up,2024
2024-06-15,2024-07-17,0,-0.024489155608107493,1.0,1,always_up,2024
2024-06-16,2024-07-18,0,-0.03633357406953808,1.0,1,always_up,2024
2024-06-17,2024-07-19,0,-0.01821855266686845,1.0,1,always_up,2024
2024-06-18,2024-07-20,1,0.025943152661580093,1.0,1,always_up,2024
2024-06-19,2024-07-21,1,0.03499276013453989,1.0,1,always_up,2024
2024-06-20,2024-07-22,1,0.06269982520458806,1.0,1,always_up,2024
2024-06-21,2024-07-23,1,0.050885274207887354,1.0,1,always_up,2024
2024-06-22,2024-07-24,1,0.04312592261890158,1.0,1,always_up,2024
2024-06-23,2024-07-25,1,0.08429974806487617,1.0,1,always_up,2024
2024-06-24,2024-07-26,1,0.06462057654263709,1.0,1,always_up,2024
2024-06-25,2024-07-27,1,0.11571547382419234,1.0,1,always_up,2024
2024-06-26,2024-07-28,1,0.10031413242632947,1.0,1,always_up,2024
2024-06-27,2024-07-29,1,0.12944430911315075,1.0,1,always_up,2024
2024-06-28,2024-07-30,1,0.09506993986227807,1.0,1,always_up,2024
2024-06-29,2024-07-31,1,0.05441899980580511,1.0,1,always_up,2024
2024-06-30,2024-08-01,1,0.027472337042925288,1.0,1,always_up,2024
2024-07-01,2024-08-02,1,0.051799085417569835,1.0,1,always_up,2024
2024-07-02,2024-08-03,1,0.021421701262793524,1.0,1,always_up,2024
2024-07-03,2024-08-04,1,0.06394336058076755,1.0,1,always_up,2024
2024-07-04,2024-08-05,1,0.027057085274115877,1.0,1,always_up,2024
2024-07-05,2024-08-06,0,-0.07232183750920695,1.0,1,always_up,2024
2024-07-06,2024-08-07,1,0.0029394278078571645,1.0,1,always_up,2024
2024-07-07,2024-08-08,0,-0.027873770092045058,1.0,1,always_up,2024
2024-07-08,2024-08-09,1,0.06263565891472878,1.0,1,always_up,2024
2024-07-09,2024-08-10,1,0.053912415321731855,1.0,1,always_up,2024
2024-07-10,2024-08-11,1,0.06249785271649455,1.0,1,always_up,2024
2024-07-11,2024-08-12,1,0.014225478410526016,1.0,1,always_up,2024
2024-07-12,2024-08-13,1,0.002409127354717988,1.0,1,always_up,2024
2024-07-13,2024-08-14,0,-0.0034664020523074157,1.0,1,always_up,2024
2024-07-14,2024-08-15,0,-0.09332959026365151,1.0,1,always_up,2024
2024-07-15,2024-08-16,0,-0.11535191562634517,1.0,1,always_up,2024
2024-07-16,2024-08-17,0,-0.08134753485013346,1.0,1,always_up,2024
2024-07-17,2024-08-18,0,-0.07026216823425424,1.0,1,always_up,2024
2024-07-18,2024-08-19,0,-0.12350223169783503,1.0,1,always_up,2024
2024-07-19,2024-08-20,0,-0.11470767711096685,1.0,1,always_up,2024
2024-07-20,2024-08-21,0,-0.13425516042974917,1.0,1,always_up,2024
2024-07-21,2024-08-22,0,-0.09441405555884619,1.0,1,always_up,2024
2024-07-22,2024-08-23,0,-0.08432677141470513,1.0,1,always_up,2024
2024-07-23,2024-08-24,0,-0.02047800102820596,1.0,1,always_up,2024
2024-07-24,2024-08-25,0,-0.024968560006504603,1.0,1,always_up,2024
2024-07-25,2024-08-26,0,-0.054308917947811786,1.0,1,always_up,2024
2024-07-26,2024-08-27,0,-0.07456188088662619,1.0,1,always_up,2024
2024-07-27,2024-08-28,0,-0.12944901881146176,1.0,1,always_up,2024
2024-07-28,2024-08-29,0,-0.11604128371955957,1.0,1,always_up,2024
2024-07-29,2024-08-30,0,-0.10317580226022849,1.0,1,always_up,2024
2024-07-30,2024-08-31,0,-0.08516462134606961,1.0,1,always_up,2024
2024-07-31,2024-09-01,0,-0.09762245688941551,1.0,1,always_up,2024
2024-08-01,2024-09-02,0,-0.06823875246063549,1.0,1,always_up,2024
2024-08-02,2024-09-03,0,-0.02579772410915082,1.0,1,always_up,2024
2024-08-03,2024-09-04,0,-0.011575798215298971,1.0,1,always_up,2024
2024-08-04,2024-09-05,1,0.07316116864455768,1.0,1,always_up,2024
2024-08-05,2024-09-06,1,0.0028203205883403637,1.0,1,always_up,2024
2024-08-06,2024-09-07,0,-0.02123544630368035,1.0,1,always_up,2024
2024-08-07,2024-09-08,0,-0.12199105145413869,1.0,1,always_up,2024
2024-08-08,2024-09-09,0,-0.0980972579797591,1.0,1,always_up,2024
2024-08-09,2024-09-10,0,-0.06371103700361325,1.0,1,always_up,2024
2024-08-10,2024-09-11,0,-0.0183367826219214,1.0,1,always_up,2024
2024-08-11,2024-09-12,0,-0.033845892539156375,1.0,1,always_up,2024
2024-08-12,2024-09-13,0,-0.04051766083770891,1.0,1,always_up,2024
2024-08-13,2024-09-14,1,0.030921867329068764,1.0,1,always_up,2024
2024-08-14,2024-09-15,1,0.042612534877274566,1.0,1,always_up,2024
2024-08-15,2024-09-16,1,0.004372174821090091,1.0,1,always_up,2024
2024-08-16,2024-09-17,0,-0.021481883527513568,1.0,1,always_up,2024
2024-08-17,2024-09-18,1,0.032290357170058126,1.0,1,always_up,2024
2024-08-18,2024-09-19,1,0.039056840263465675,1.0,1,always_up,2024
2024-08-19,2024-09-20,1,0.06666576292324833,1.0,1,always_up,2024
2024-08-20,2024-09-21,1,0.033439384472798483,1.0,1,always_up,2024
2024-08-21,2024-09-22,1,0.049243877889546095,1.0,1,always_up,2024
2024-08-22,2024-09-23,0,-0.007159584017049969,1.0,1,always_up,2024
2024-08-23,2024-09-24,0,-0.012734849592452968,1.0,1,always_up,2024
2024-08-24,2024-09-25,1,0.0006650577180096207,1.0,1,always_up,2024
2024-08-25,2024-09-26,1,0.005061113409937423,1.0,1,always_up,2024
2024-08-26,2024-09-27,1,0.0969282167802743,1.0,1,always_up,2024
2024-08-27,2024-09-28,1,0.11408590511714256,1.0,1,always_up,2024
2024-08-28,2024-09-29,1,0.109486345794235,1.0,1,always_up,2024
2024-08-29,2024-09-30,1,0.10956669196378654,1.0,1,always_up,2024
2024-08-30,2024-10-01,1,0.07382236239698847,1.0,1,always_up,2024
2024-08-31,2024-10-02,1,0.06113510978805725,1.0,1,always_up,2024
2024-09-01,2024-10-03,1,0.025656952600380256,1.0,1,always_up,2024
2024-09-02,2024-10-04,1,0.056794370417066364,1.0,1,always_up,2024
2024-09-03,2024-10-05,1,0.07098561519658997,1.0,1,always_up,2024
2024-09-04,2024-10-06,1,0.10462815948736215,1.0,1,always_up,2024
2024-09-05,2024-10-07,1,0.1641299580063884,1.0,1,always_up,2024
2024-09-06,2024-10-08,1,0.14887411315108356,1.0,1,always_up,2024
2024-09-07,2024-10-09,1,0.13286963082707381,1.0,1,always_up,2024
2024-09-08,2024-10-10,1,0.06300619490792836,1.0,1,always_up,2024
2024-09-09,2024-10-11,1,0.04667934046070865,1.0,1,always_up,2024
2024-09-10,2024-10-12,1,0.09072499912797793,1.0,1,always_up,2024
2024-09-11,2024-10-13,1,0.08728227039317726,1.0,1,always_up,2024
2024-09-12,2024-10-14,1,0.039208410064532684,1.0,1,always_up,2024
2024-09-13,2024-10-15,1,0.10152814444080338,1.0,1,always_up,2024
2024-09-14,2024-10-16,1,0.13431204762226878,1.0,1,always_up,2024
2024-09-15,2024-10-17,1,0.16157645267056941,1.0,1,always_up,2024
2024-09-16,2024-10-18,1,0.11784645651862857,1.0,1,always_up,2024
2024-09-17,2024-10-19,1,0.10796651812387248,1.0,1,always_up,2024
2024-09-18,2024-10-20,1,0.08626151744296884,1.0,1,always_up,2024
2024-09-19,2024-10-21,1,0.09226033428242086,1.0,1,always_up,2024
2024-09-20,2024-10-22,1,0.0635926677260894,1.0,1,always_up,2024
2024-09-21,2024-10-23,1,0.06051156077910291,1.0,1,always_up,2024
2024-09-22,2024-10-24,1,0.05255226595394147,1.0,1,always_up,2024
2024-09-23,2024-10-25,1,0.06124190237882954,1.0,1,always_up,2024
2024-09-24,2024-10-26,1,0.05615514058855764,1.0,1,always_up,2024
2024-09-25,2024-10-27,1,0.02944073241487888,1.0,1,always_up,2024
2024-09-26,2024-10-28,1,0.03423660805580675,1.0,1,always_up,2024
2024-09-27,2024-10-29,1,0.062319080445807806,1.0,1,always_up,2024
2024-09-28,2024-10-30,1,0.10875276534972045,1.0,1,always_up,2024
2024-09-29,2024-10-31,1,0.14238894257795964,1.0,1,always_up,2024
2024-09-30,2024-11-01,1,0.15602503876331064,1.0,1,always_up,2024
2024-10-01,2024-11-02,1,0.1458670483585376,1.0,1,always_up,2024
2024-10-02,2024-11-03,1,0.14191990087028206,1.0,1,always_up,2024
2024-10-03,2024-11-04,1,0.1077535998453758,1.0,1,always_up,2024
2024-10-04,2024-11-05,1,0.09333202917721639,1.0,1,always_up,2024
2024-10-05,2024-11-06,1,0.10429973554562544,1.0,1,always_up,2024
2024-10-06,2024-11-07,1,0.2145149436688507,1.0,1,always_up,2024
2024-10-07,2024-11-08,1,0.22035520949799303,1.0,1,always_up,2024
2024-10-08,2024-11-09,1,0.2617878386127319,1.0,1,always_up,2024
2024-10-09,2024-11-10,1,0.2710431917037981,1.0,1,always_up,2024
2024-10-10,2024-11-11,1,0.2850979029577714,1.0,1,always_up,2024
2024-10-11,2024-11-12,1,0.40251997311024557,1.0,1,always_up,2024
2024-10-12,2024-11-13,1,0.39894976969945306,1.0,1,always_up,2024
2024-10-13,2024-11-14,1,0.3675808062465953,1.0,1,always_up,2024
2024-10-14,2024-11-15,1,0.3019263459807311,1.0,1,always_up,2024
2024-10-15,2024-11-16,1,0.34623010943507837,1.0,1,always_up,2024
2024-10-16,2024-11-17,1,0.3436011330463242,1.0,1,always_up,2024
2024-10-17,2024-11-18,1,0.31314656473177105,1.0,1,always_up,2024
2024-10-18,2024-11-19,1,0.3229998424931766,1.0,1,always_up,2024
2024-10-19,2024-11-20,1,0.33721752230849456,1.0,1,always_up,2024
2024-10-20,2024-11-21,1,0.3993775370116137,1.0,1,always_up,2024
2024-10-21,2024-11-22,1,0.4581482724545023,1.0,1,always_up,2024
2024-10-22,2024-11-23,1,0.483335870757845,1.0,1,always_up,2024
2024-10-23,2024-11-24,1,0.4321829571336633,1.0,1,always_up,2024
2024-10-24,2024-11-25,1,0.4678038367383166,1.0,1,always_up,2024
2024-10-25,2024-11-26,1,0.386289817261952,1.0,1,always_up,2024
2024-10-26,2024-11-27,1,0.3519975760672809,1.0,1,always_up,2024
2024-10-27,2024-11-28,1,0.3702127191236524,1.0,1,always_up,2024
2024-10-28,2024-11-29,1,0.3149396567688727,1.0,1,always_up,2024
2024-10-29,2024-11-30,1,0.34716064399973745,1.0,1,always_up,2024
2024-10-30,2024-12-01,1,0.37153554152171786,1.0,1,always_up,2024
2024-10-31,2024-12-02,1,0.39842825486358935,1.0,1,always_up,2024
2024-11-01,2024-12-03,1,0.38149144775173194,1.0,1,always_up,2024
2024-11-02,2024-12-04,1,0.39365045853938274,1.0,1,always_up,2024
2024-11-03,2024-12-05,1,0.4530185036081795,1.0,1,always_up,2024
2024-11-04,2024-12-06,1,0.39747471638777676,1.0,1,always_up,2024
2024-11-05,2024-12-07,1,0.3198122743624985,1.0,1,always_up,2024
2024-11-06,2024-12-08,1,0.3160396367470808,1.0,1,always_up,2024
2024-11-07,2024-12-09,1,0.32152516972340006,1.0,1,always_up,2024
2024-11-08,2024-12-10,1,0.2686450490144039,1.0,1,always_up,2024
2024-11-09,2024-12-11,1,0.2018537760540282,1.0,1,always_up,2024
2024-11-10,2024-12-12,1,0.14074767620250883,1.0,1,always_up,2024
2024-11-11,2024-12-13,1,0.137032585955976,1.0,1,always_up,2024
2024-11-12,2024-12-14,1,0.12225730927762157,1.0,1,always_up,2024
2024-11-13,2024-12-15,1,0.1614006844958047,1.0,1,always_up,2024
2024-11-14,2024-12-16,1,0.14755139067458423,1.0,1,always_up,2024
2024-11-15,2024-12-17,1,0.1707806046674183,1.0,1,always_up,2024
2024-11-16,2024-12-18,1,0.18115388647477904,1.0,1,always_up,2024
2024-11-17,2024-12-19,1,0.10766639175089066,1.0,1,always_up,2024
2024-11-18,2024-12-20,1,0.05580127135719759,1.0,1,always_up,2024
2024-11-19,2024-12-21,1,0.03732111978631947,1.0,1,always_up,2024
2024-11-20,2024-12-22,0,-0.010426668315752119,1.0,1,always_up,2024
2024-11-21,2024-12-23,0,-0.03747239412692638,1.0,1,always_up,2024
2024-11-22,2024-12-24,0,-0.028574397680409147,1.0,1,always_up,2024
2024-11-23,2024-12-25,1,0.007799076711401121,1.0,1,always_up,2024
2024-11-24,2024-12-26,1,0.06902052800553404,1.0,1,always_up,2024
2024-11-25,2024-12-27,1,0.04160749570815736,1.0,1,always_up,2024
2024-11-26,2024-12-28,0,-0.01631576526152767,1.0,1,always_up,2024
2024-11-27,2024-12-29,0,-0.0035965668098958403,1.0,1,always_up,2024
2024-11-28,2024-12-30,0,-0.03818807715986039,1.0,1,always_up,2024
2024-11-29,2024-12-31,0,-0.03750664234364809,1.0,1,always_up,2024
2024-11-30,2025-01-01,0,-0.03713704467461443,1.0,1,always_up,2024
2024-12-01,2025-01-02,0,-0.013030280170378772,1.0,1,always_up,2024
2024-12-02,2025-01-03,1,0.011842500481743734,1.0,1,always_up,2024
2024-12-03,2025-01-04,0,-0.004190701197679503,1.0,1,always_up,2024
2024-12-04,2025-01-05,1,0.013150463821834935,1.0,1,always_up,2024
2024-12-05,2025-01-06,0,-0.01380808503317188,1.0,1,always_up,2024
2024-12-06,2025-01-07,1,0.024076551013357594,1.0,1,always_up,2024
2024-12-07,2025-01-08,0,-0.041094020745804594,1.0,1,always_up,2024
2024-12-08,2025-01-09,0,-0.022779093157976105,1.0,1,always_up,2024
2024-12-09,2025-01-10,0,-0.04183025685091046,1.0,1,always_up,2024
2024-12-10,2025-01-11,0,-0.0632771322620519,1.0,1,always_up,2024
2024-12-11,2025-01-12,0,-0.05404068165475695,1.0,1,always_up,2024
2024-12-12,2025-01-13,0,-0.06782569926084725,1.0,1,always_up,2024
2024-12-13,2025-01-14,0,-0.06787507394991121,1.0,1,always_up,2024
2024-12-14,2025-01-15,0,-0.07565420390318234,1.0,1,always_up,2024
2024-12-15,2025-01-16,0,-0.05243608135687172,1.0,1,always_up,2024
2024-12-16,2025-01-17,0,-0.05791221528610979,1.0,1,always_up,2024
2024-12-17,2025-01-18,1,0.03865573842803305,1.0,1,always_up,2024
2024-12-18,2025-01-19,1,0.07279124367214007,1.0,1,always_up,2024
2024-12-19,2025-01-20,1,0.03605249360362772,1.0,1,always_up,2024
2024-12-20,2025-01-21,1,0.05106278008469345,1.0,1,always_up,2024
2024-12-21,2025-01-22,1,0.1151168004464509,1.0,1,always_up,2024
2024-12-22,2025-01-23,1,0.09301278742835661,1.0,1,always_up,2024
2024-12-23,2025-01-24,1,0.05317838659412111,1.0,1,always_up,2024
2024-12-24,2025-01-25,1,0.0547211238181462,1.0,1,always_up,2024
2024-12-25,2025-01-26,1,0.09348690281820105,1.0,1,always_up,2024
2024-12-26,2025-01-27,1,0.08824035623696225,1.0,1,always_up,2024
2024-12-27,2025-01-28,1,0.07117345225603366,1.0,1,always_up,2024
2024-12-28,2025-01-29,1,0.08104839660334817,1.0,1,always_up,2024
2024-12-29,2025-01-30,1,0.11791096327756523,1.0,1,always_up,2024
2024-12-30,2025-01-31,1,0.11912178336325563,1.0,1,always_up,2024
2024-12-31,2025-02-01,1,0.08285899683883735,1.0,1,always_up,2024
2025-01-01,2025-02-02,1,0.03764373774485685,1.0,1,always_up,2025
2025-01-02,2025-02-03,0,-0.0048238757709895275,1.0,1,always_up,2025
2025-01-03,2025-02-04,1,0.03164308554292794,1.0,1,always_up,2025
2025-01-04,2025-02-05,0,-0.0061045949818230305,1.0,1,always_up,2025
2025-01-05,2025-02-06,0,-0.055001975828380734,1.0,1,always_up,2025
2025-01-06,2025-02-07,0,-0.004128220837381624,1.0,1,always_up,2025
2025-01-07,2025-02-08,1,0.015213346516501414,1.0,1,always_up,2025
2025-01-08,2025-02-09,1,0.04205462219330891,1.0,1,always_up,2025
2025-01-09,2025-02-10,1,0.018333384357637428,1.0,1,always_up,2025
2025-01-10,2025-02-11,1,0.029924210351396363,1.0,1,always_up,2025
2025-01-11,2025-02-12,1,0.01304287997248288,1.0,1,always_up,2025
2025-01-12,2025-02-13,1,0.035265783624902625,1.0,1,always_up,2025
2025-01-13,2025-02-14,1,0.000489639434615663,1.0,1,always_up,2025
2025-01-14,2025-02-15,0,-0.029820487803907336,1.0,1,always_up,2025
2025-01-15,2025-02-16,0,-0.024179370780089138,1.0,1,always_up,2025
2025-01-16,2025-02-17,0,-0.0764752448344489,1.0,1,always_up,2025
2025-01-17,2025-02-18,0,-0.08393780074128532,1.0,1,always_up,2025
2025-01-18,2025-02-19,0,-0.05585455746910861,1.0,1,always_up,2025
2025-01-19,2025-02-20,0,-0.054915216115783316,1.0,1,always_up,2025
2025-01-20,2025-02-21,0,-0.07385083747692534,1.0,1,always_up,2025
2025-01-21,2025-02-22,0,-0.07255724945726727,1.0,1,always_up,2025
2025-01-22,2025-02-23,0,-0.07082393621039684,1.0,1,always_up,2025
2025-01-23,2025-02-24,0,-0.08212518466821606,1.0,1,always_up,2025
2025-01-24,2025-02-25,0,-0.12596062545454823,1.0,1,always_up,2025
2025-01-25,2025-02-26,0,-0.13583725045437045,1.0,1,always_up,2025
2025-01-26,2025-02-27,0,-0.1746889266294832,1.0,1,always_up,2025
2025-01-27,2025-02-28,0,-0.16407820278615037,1.0,1,always_up,2025
2025-01-28,2025-03-01,0,-0.18685715525157076,1.0,1,always_up,2025
2025-01-29,2025-03-02,0,-0.17816917668659804,1.0,1,always_up,2025
2025-01-30,2025-03-03,0,-0.07966030509161603,1.0,1,always_up,2025
2025-01-31,2025-03-04,0,-0.14323451547890675,1.0,1,always_up,2025
2025-02-01,2025-03-05,0,-0.10663814824454998,1.0,1,always_up,2025
2025-02-02,2025-03-06,0,-0.105819280279558,1.0,1,always_up,2025
2025-02-03,2025-03-07,0,-0.08010442381453786,1.0,1,always_up,2025
2025-02-04,2025-03-08,0,-0.10154696434537824,1.0,1,always_up,2025
2025-02-05,2025-03-09,0,-0.10700595053459527,1.0,1,always_up,2025
2025-02-06,2025-03-10,0,-0.16343221410304776,1.0,1,always_up,2025
2025-02-07,2025-03-11,0,-0.18506854961000985,1.0,1,always_up,2025
2025-02-08,2025-03-12,0,-0.14025890823141574,1.0,1,always_up,2025
2025-02-09,2025-03-13,0,-0.1411329597759724,1.0,1,always_up,2025
2025-02-10,2025-03-14,0,-0.15308732539478453,1.0,1,always_up,2025
2025-02-11,2025-03-15,0,-0.14189036476959227,1.0,1,always_up,2025
2025-02-12,2025-03-16,0,-0.12700473552277647,1.0,1,always_up,2025
2025-02-13,2025-03-17,0,-0.15308592871398463,1.0,1,always_up,2025
2025-02-14,2025-03-18,0,-0.13897402748210586,1.0,1,always_up,2025
2025-02-15,2025-03-19,0,-0.13944394667727578,1.0,1,always_up,2025
2025-02-16,2025-03-20,0,-0.09327708360022102,1.0,1,always_up,2025
2025-02-17,2025-03-21,0,-0.11966292240529963,1.0,1,always_up,2025
2025-02-18,2025-03-22,0,-0.1299152759752069,1.0,1,always_up,2025
2025-02-19,2025-03-23,0,-0.1471381773929935,1.0,1,always_up,2025
2025-02-20,2025-03-24,0,-0.1050039617604086,1.0,1,always_up,2025
2025-02-21,2025-03-25,0,-0.09376235422084134,1.0,1,always_up,2025
2025-02-22,2025-03-26,0,-0.09209748800099726,1.0,1,always_up,2025
2025-02-23,2025-03-27,0,-0.05072161574818845,1.0,1,always_up,2025
2025-02-24,2025-03-28,0,-0.016332584915334736,1.0,1,always_up,2025
2025-02-25,2025-03-29,1,0.002068721825697839,1.0,1,always_up,2025
2025-02-26,2025-03-30,0,-0.02431914504046062,1.0,1,always_up,2025
2025-02-27,2025-03-31,0,-0.0232359355281182,1.0,1,always_up,2025
2025-02-28,2025-04-01,0,-0.04083609811892319,1.0,1,always_up,2025
2025-03-01,2025-04-02,0,-0.09665472543277032,1.0,1,always_up,2025
2025-03-02,2025-04-03,0,-0.042969498438666376,1.0,1,always_up,2025
2025-03-03,2025-04-04,0,-0.046617755463384314,1.0,1,always_up,2025
2025-03-04,2025-04-05,0,-0.07412456128733202,1.0,1,always_up,2025
2025-03-05,2025-04-06,0,-0.07109703477787854,1.0,1,always_up,2025
2025-03-06,2025-04-07,0,-0.0964466841332905,1.0,1,always_up,2025
2025-03-07,2025-04-08,0,-0.08187217112571366,1.0,1,always_up,2025
2025-03-08,2025-04-09,0,-0.054649017371512176,1.0,1,always_up,2025
2025-03-09,2025-04-10,1,0.05113958928625495,1.0,1,always_up,2025
2025-03-10,2025-04-11,0,-0.040100929678286046,1.0,1,always_up,2025
2025-03-11,2025-04-12,0,-0.003062734613669238,1.0,1,always_up,2025
2025-03-12,2025-04-13,1,0.051298649905110905,1.0,1,always_up,2025
2025-03-13,2025-04-14,0,-0.002657555637026965,1.0,1,always_up,2025
2025-03-14,2025-04-15,1,0.003001478329454521,1.0,1,always_up,2025
2025-03-15,2025-04-16,1,0.01295157392377222,1.0,1,always_up,2025
2025-03-16,2025-04-17,1,0.0002423520432444093,1.0,1,always_up,2025
2025-03-17,2025-04-18,1,0.026994972981331244,1.0,1,always_up,2025
2025-03-18,2025-04-19,0,-0.027303870198637892,1.0,1,always_up,2025
2025-03-19,2025-04-20,1,0.010135190489861445,1.0,1,always_up,2025
2025-03-20,2025-04-21,1,0.012967840303089284,1.0,1,always_up,2025
2025-03-21,2025-04-22,1,0.04384069816302594,1.0,1,always_up,2025
2025-03-22,2025-04-23,1,0.08550506781285394,1.0,1,always_up,2025
2025-03-23,2025-04-24,1,0.07077760263758703,1.0,1,always_up,2025
2025-03-24,2025-04-25,1,0.07537902401202468,1.0,1,always_up,2025
2025-03-25,2025-04-26,1,0.08893779563192239,1.0,1,always_up,2025
2025-03-26,2025-04-27,1,0.08478527549691917,1.0,1,always_up,2025
2025-03-27,2025-04-28,1,0.1104528099584503,1.0,1,always_up,2025
2025-03-28,2025-04-29,1,0.14958100283211317,1.0,1,always_up,2025
2025-03-29,2025-04-30,1,0.1440322854715379,1.0,1,always_up,2025
2025-03-30,2025-05-01,1,0.14078740157480318,1.0,1,always_up,2025
2025-03-31,2025-05-02,1,0.13306446167639452,1.0,1,always_up,2025
2025-04-01,2025-05-03,1,0.17415775408198253,1.0,1,always_up,2025
2025-04-02,2025-05-04,1,0.15193919610484352,1.0,1,always_up,2025
2025-04-03,2025-05-05,1,0.12382591604922033,1.0,1,always_up,2025
2025-04-04,2025-05-06,1,0.13401914506202495,1.0,1,always_up,2025
2025-04-05,2025-05-07,1,0.23465536146882582,1.0,1,always_up,2025
2025-04-06,2025-05-08,1,0.22570147457329925,1.0,1,always_up,2025
2025-04-07,2025-05-09,1,0.352965616132193,1.0,1,always_up,2025
2025-04-08,2025-05-10,1,0.24640459711902962,1.0,1,always_up,2025
2025-04-09,2025-05-11,1,0.31658189638387424,1.0,1,always_up,2025
2025-04-10,2025-05-12,1,0.24806065604995586,1.0,1,always_up,2025
2025-04-11,2025-05-13,1,0.20538279353696098,1.0,1,always_up,2025
2025-04-12,2025-05-14,1,0.24288108882521486,1.0,1,always_up,2025
2025-04-13,2025-05-15,1,0.22361859182675148,1.0,1,always_up,2025
2025-04-14,2025-05-16,1,0.24053993598344614,1.0,1,always_up,2025
2025-04-15,2025-05-17,1,0.2312677867218973,1.0,1,always_up,2025
2025-04-16,2025-05-18,1,0.21399852992280444,1.0,1,always_up,2025
2025-04-17,2025-05-19,1,0.2601911578259528,1.0,1,always_up,2025
2025-04-18,2025-05-20,1,0.2409197550454294,1.0,1,always_up,2025
2025-04-19,2025-05-21,1,0.25441363412023854,1.0,1,always_up,2025
2025-04-20,2025-05-22,1,0.2528419303301719,1.0,1,always_up,2025
2025-04-21,2025-05-23,1,0.19534081689808946,1.0,1,always_up,2025
2025-04-22,2025-05-24,1,0.145448547017341,1.0,1,always_up,2025
2025-04-23,2025-05-25,1,0.14664142454277984,1.0,1,always_up,2025
2025-04-24,2025-05-26,1,0.151793325942416,1.0,1,always_up,2025
2025-04-25,2025-05-27,1,0.1564735596229445,1.0,1,always_up,2025
2025-04-26,2025-05-28,1,0.16201594700077204,1.0,1,always_up,2025
2025-04-27,2025-05-29,1,0.13441155030386964,1.0,1,always_up,2025
2025-04-28,2025-05-30,1,0.12023458886051941,1.0,1,always_up,2025
2025-04-29,2025-05-31,1,0.10420793866542066,1.0,1,always_up,2025
2025-04-30,2025-06-01,1,0.08396713023850166,1.0,1,always_up,2025
2025-05-01,2025-06-02,1,0.0903711359805992,1.0,1,always_up,2025
2025-05-02,2025-06-03,1,0.10433917728202236,1.0,1,always_up,2025
2025-05-03,2025-06-04,1,0.11772986184100342,1.0,1,always_up,2025
2025-05-04,2025-06-05,1,0.10517041035458563,1.0,1,always_up,2025
2025-05-05,2025-06-06,1,0.04827507935744069,1.0,1,always_up,2025
2025-05-06,2025-06-07,1,0.0748005008734367,1.0,1,always_up,2025
2025-05-07,2025-06-08,1,0.022181912522959868,1.0,1,always_up,2025
2025-05-08,2025-06-09,1,0.02682302245494128,1.0,1,always_up,2025
2025-05-09,2025-06-10,1,0.052032386749563786,1.0,1,always_up,2025
2025-05-10,2025-06-11,1,0.05912896905434217,1.0,1,always_up,2025
2025-05-11,2025-06-12,1,0.05694848553360332,1.0,1,always_up,2025
2025-05-12,2025-06-13,1,0.015062093842564073,1.0,1,always_up,2025
2025-05-13,2025-06-14,1,0.024720448684896645,1.0,1,always_up,2025
2025-05-14,2025-06-15,1,0.01591037945732654,1.0,1,always_up,2025
2025-05-15,2025-06-16,1,0.02058805051810353,1.0,1,always_up,2025
2025-05-16,2025-06-17,1,0.035566752144087,1.0,1,always_up,2025
2025-05-17,2025-06-18,0,-0.017877159835862022,1.0,1,always_up,2025
2025-05-18,2025-06-19,0,-0.006506732309259133,1.0,1,always_up,2025
2025-05-19,2025-06-20,0,-0.020509218530650464,1.0,1,always_up,2025
2025-05-20,2025-06-21,0,-0.05787832055363917,1.0,1,always_up,2025
2025-05-21,2025-06-22,0,-0.0857343247604977,1.0,1,always_up,2025
2025-05-22,2025-06-23,0,-0.05921105720086883,1.0,1,always_up,2025
2025-05-23,2025-06-24,0,-0.022530783143207334,1.0,1,always_up,2025
2025-05-24,2025-06-25,0,-0.026798967379238592,1.0,1,always_up,2025
2025-05-25,2025-06-26,0,-0.01913642079784872,1.0,1,always_up,2025
2025-05-26,2025-06-27,0,-0.018277432051594045,1.0,1,always_up,2025
2025-05-27,2025-06-28,0,-0.0068119119947731566,1.0,1,always_up,2025
2025-05-28,2025-06-29,1,0.01616672072810088,1.0,1,always_up,2025
2025-05-29,2025-06-30,1,0.04203914258405517,1.0,1,always_up,2025
2025-05-30,2025-07-01,1,0.024424745018446936,1.0,1,always_up,2025
2025-05-31,2025-07-02,1,0.0003615954233757712,1.0,1,always_up,2025
2025-06-01,2025-07-03,1,0.0282604054488087,1.0,1,always_up,2025
2025-06-02,2025-07-04,1,0.03993161689136815,1.0,1,always_up,2025
2025-06-03,2025-07-05,1,0.0313991269652214,1.0,1,always_up,2025
2025-06-04,2025-07-06,1,0.06590007220071503,1.0,1,always_up,2025
2025-06-05,2025-07-07,1,0.04713293699023002,1.0,1,always_up,2025
2025-06-06,2025-07-08,1,0.025681997003377033,1.0,1,always_up,2025
2025-06-07,2025-07-09,1,0.03016039966705142,1.0,1,always_up,2025
2025-06-08,2025-07-10,1,0.008806034879146107,1.0,1,always_up,2025
2025-06-09,2025-07-11,1,0.05201225778714336,1.0,1,always_up,2025
2025-06-10,2025-07-12,1,0.08175727710942948,1.0,1,always_up,2025
2025-06-11,2025-07-13,1,0.11117693339770884,1.0,1,always_up,2025
2025-06-12,2025-07-14,1,0.12275363995391952,1.0,1,always_up,2025
2025-06-13,2025-07-15,1,0.1368551974237351,1.0,1,always_up,2025
2025-06-14,2025-07-16,1,0.11519648555855722,1.0,1,always_up,2025
2025-06-15,2025-07-17,1,0.11082880368498271,1.0,1,always_up,2025
2025-06-16,2025-07-18,1,0.1398969518944646,1.0,1,always_up,2025
2025-06-17,2025-07-19,1,0.12430593023201486,1.0,1,always_up,2025
2025-06-18,2025-07-20,1,0.1259468525230465,1.0,1,always_up,2025
2025-06-19,2025-07-21,1,0.13521203415594396,1.0,1,always_up,2025
2025-06-20,2025-07-22,1,0.14943534088614552,1.0,1,always_up,2025
2025-06-21,2025-07-23,1,0.1880926315522573,1.0,1,always_up,2025
2025-06-22,2025-07-24,1,0.12742388635609747,1.0,1,always_up,2025
2025-06-23,2025-07-25,1,0.11555084226501888,1.0,1,always_up,2025
2025-06-24,2025-07-26,1,0.09571141727467691,1.0,1,always_up,2025
2025-06-25,2025-07-27,1,0.10260151143939833,1.0,1,always_up,2025
2025-06-26,2025-07-28,1,0.11553722185966264,1.0,1,always_up,2025
2025-06-27,2025-07-29,1,0.10033412928755858,1.0,1,always_up,2025
2025-06-28,2025-07-30,1,0.08853905329359191,1.0,1,always_up,2025
2025-06-29,2025-07-31,1,0.09980521064101855,1.0,1,always_up,2025
2025-06-30,2025-08-01,1,0.09540908580368135,1.0,1,always_up,2025
2025-07-01,2025-08-02,1,0.040866759351137594,1.0,1,always_up,2025
2025-07-02,2025-08-03,1,0.027025470783941907,1.0,1,always_up,2025
2025-07-03,2025-08-04,1,0.05764322111789455,1.0,1,always_up,2025
2025-07-04,2025-08-05,1,0.06337365196363853,1.0,1,always_up,2025
2025-07-05,2025-08-06,1,0.04510738403453729,1.0,1,always_up,2025
2025-07-06,2025-08-07,1,0.06215728115271957,1.0,1,always_up,2025
2025-07-07,2025-08-08,1,0.07848691997896862,1.0,1,always_up,2025
2025-07-08,2025-08-09,1,0.0489125627056477,1.0,1,always_up,2025
2025-07-09,2025-08-10,1,0.0038982842946053697,1.0,1,always_up,2025
2025-07-10,2025-08-11,1,0.01503144025840375,1.0,1,always_up,2025
2025-07-11,2025-08-12,1,0.010781808891159983,1.0,1,always_up,2025
2025-07-12,2025-08-13,1,0.008795612270561026,1.0,1,always_up,2025
2025-07-13,2025-08-14,1,0.02891552210313031,1.0,1,always_up,2025
2025-07-14,2025-08-15,1,0.00456028155350352,1.0,1,always_up,2025
2025-07-15,2025-08-16,0,-0.010860618910289888,1.0,1,always_up,2025
2025-07-16,2025-08-17,0,-0.015077502845334267,1.0,1,always_up,2025
2025-07-17,2025-08-18,0,-0.004408146748386521,1.0,1,always_up,2025
2025-07-18,2025-08-19,0,-0.013687710990520019,1.0,1,always_up,2025
2025-07-19,2025-08-20,0,-0.03745495996208936,1.0,1,always_up,2025
2025-07-20,2025-08-21,0,-0.02648765091536609,1.0,1,always_up,2025
2025-07-21,2025-08-22,0,-0.062143849126705786,1.0,1,always_up,2025
2025-07-22,2025-08-23,0,-0.015325541446326918,1.0,1,always_up,2025
2025-07-23,2025-08-24,0,-0.024530133179562985,1.0,1,always_up,2025
2025-07-24,2025-08-25,0,-0.035035872760721065,1.0,1,always_up,2025
2025-07-25,2025-08-26,0,-0.06621447305075256,1.0,1,always_up,2025
2025-07-26,2025-08-27,0,-0.06408159874642794,1.0,1,always_up,2025
2025-07-27,2025-08-28,0,-0.05759932550876534,1.0,1,always_up,2025
2025-07-28,2025-08-29,0,-0.045644898400391765,1.0,1,always_up,2025
2025-07-29,2025-08-30,0,-0.08030267067401142,1.0,1,always_up,2025
2025-07-30,2025-08-31,0,-0.06001637641109203,1.0,1,always_up,2025
2025-07-31,2025-09-01,0,-0.0445865202114919,1.0,1,always_up,2025
2025-08-01,2025-09-02,0,-0.029400509212426762,1.0,1,always_up,2025
2025-08-02,2025-09-03,0,-0.025994492018610482,1.0,1,always_up,2025
2025-08-03,2025-09-04,0,-0.029110504773237622,1.0,1,always_up,2025
2025-08-04,2025-09-05,0,-0.029780841542192182,1.0,1,always_up,2025
2025-08-05,2025-09-06,0,-0.0376744454214184,1.0,1,always_up,2025
2025-08-06,2025-09-07,0,-0.062006595272644516,1.0,1,always_up,2025
2025-08-07,2025-09-08,0,-0.047460058621086265,1.0,1,always_up,2025
2025-08-08,2025-09-09,0,-0.03775489482643524,1.0,1,always_up,2025
2025-08-09,2025-09-10,0,-0.06494771291194457,1.0,1,always_up,2025
2025-08-10,2025-09-11,0,-0.03981935527357905,1.0,1,always_up,2025
2025-08-11,2025-09-12,0,-0.038718402078877,1.0,1,always_up,2025
2025-08-12,2025-09-13,0,-0.05901581458356919,1.0,1,always_up,2025
2025-08-13,2025-09-14,0,-0.020092127238755197,1.0,1,always_up,2025
2025-08-14,2025-09-15,0,-0.017675080474142124,1.0,1,always_up,2025
2025-08-15,2025-09-16,0,-0.01730225405105068,1.0,1,always_up,2025
2025-08-16,2025-09-17,0,-0.005247220710598244,1.0,1,always_up,2025
2025-08-17,2025-09-18,1,0.0018975789198814041,1.0,1,always_up,2025
2025-08-18,2025-09-19,1,0.037215116642207,1.0,1,always_up,2025
2025-08-19,2025-09-20,1,0.011911659653965456,1.0,1,always_up,2025
2025-08-20,2025-09-21,1,0.028316711111111115,1.0,1,always_up,2025
2025-08-21,2025-09-22,0,-0.014569593623862676,1.0,1,always_up,2025
2025-08-22,2025-09-23,0,-0.024143423754695692,1.0,1,always_up,2025
2025-08-23,2025-09-24,0,-0.013170699772559802,1.0,1,always_up,2025
2025-08-24,2025-09-25,1,0.029016188792536424,1.0,1,always_up,2025
2025-08-25,2025-09-26,0,-0.024773176721286316,1.0,1,always_up,2025
2025-08-26,2025-09-27,0,-0.014547193601841202,1.0,1,always_up,2025
2025-08-27,2025-09-28,0,-0.02603829367247379,1.0,1,always_up,2025
2025-08-28,2025-09-29,1,0.03493864957085169,1.0,1,always_up,2025
2025-08-29,2025-09-30,1,0.05050381684440186,1.0,1,always_up,2025
2025-08-30,2025-10-01,1,0.05360531291768145,1.0,1,always_up,2025
2025-08-31,2025-10-02,1,0.08566257920934262,1.0,1,always_up,2025
2025-09-01,2025-10-03,1,0.08350718415073866,1.0,1,always_up,2025
2025-09-02,2025-10-04,1,0.09423411800219372,1.0,1,always_up,2025
2025-09-03,2025-10-05,1,0.1053014394269638,1.0,1,always_up,2025
2025-09-04,2025-10-06,1,0.11587131754925006,1.0,1,always_up,2025
2025-09-05,2025-10-07,1,0.13132612105240526,1.0,1,always_up,2025
2025-09-06,2025-10-08,1,0.09173882587626925,1.0,1,always_up,2025
2025-09-07,2025-10-09,1,0.1003056880354416,1.0,1,always_up,2025
2025-09-08,2025-10-10,1,0.09068900308553274,1.0,1,always_up,2025
2025-09-09,2025-10-11,0,-0.010402860652860557,1.0,1,always_up,2025
2025-09-10,2025-10-12,0,-0.041896235704242835,1.0,1,always_up,2025
2025-09-11,2025-10-13,0,-0.009226970989510419,1.0,1,always_up,2025
2025-09-12,2025-10-14,0,-0.006489830034587252,1.0,1,always_up,2025
2025-09-13,2025-10-15,0,-0.019431930854015733,1.0,1,always_up,2025
2025-09-14,2025-10-16,0,-0.03976108825934632,1.0,1,always_up,2025
2025-09-15,2025-10-17,0,-0.07359163057878071,1.0,1,always_up,2025
2025-09-16,2025-10-18,0,-0.08601224928637441,1.0,1,always_up,2025
2025-09-17,2025-10-19,0,-0.08446426788361128,1.0,1,always_up,2025
2025-09-18,2025-10-20,0,-0.060446904193539486,1.0,1,always_up,2025
2025-09-19,2025-10-21,0,-0.04454779733662695,1.0,1,always_up,2025
2025-09-20,2025-10-22,0,-0.06017957293046927,1.0,1,always_up,2025
2025-09-21,2025-10-23,0,-0.04512645650073743,1.0,1,always_up,2025
2025-09-22,2025-10-24,0,-0.017148487305221116,1.0,1,always_up,2025
2025-09-23,2025-10-25,0,-0.02031745432166998,1.0,1,always_up,2025
2025-09-24,2025-10-26,1,0.02432948674744928,1.0,1,always_up,2025
2025-09-25,2025-10-27,1,0.04483577953486684,1.0,1,always_up,2025
2025-09-26,2025-10-28,1,0.040787753275958405,1.0,1,always_up,2025
2025-09-27,2025-10-29,1,0.0065482709419317775,1.0,1,always_up,2025
2025-09-28,2025-10-30,0,-0.037534739362815595,1.0,1,always_up,2025
2025-09-29,2025-10-31,0,-0.05020713037753799,1.0,1,always_up,2025
2025-09-30,2025-11-01,0,-0.07577874916975846,1.0,1,always_up,2025
2025-10-01,2025-11-02,0,-0.08654531033312629,1.0,1,always_up,2025
2025-10-02,2025-11-03,0,-0.09565007455890717,1.0,1,always_up,2025
2025-10-03,2025-11-04,0,-0.12915934416414154,1.0,1,always_up,2025
2025-10-04,2025-11-05,0,-0.17804241125369213,1.0,1,always_up,2025
2025-10-05,2025-11-06,0,-0.16664225331052318,1.0,1,always_up,2025
2025-10-06,2025-11-07,0,-0.16472786949234575,1.0,1,always_up,2025
2025-10-07,2025-11-08,0,-0.1619298199657908,1.0,1,always_up,2025
2025-10-08,2025-11-09,0,-0.15904222183335026,1.0,1,always_up,2025
2025-10-09,2025-11-10,0,-0.07139504687629272,1.0,1,always_up,2025
2025-10-10,2025-11-11,0,-0.04187532310717934,1.0,1,always_up,2025
2025-10-11,2025-11-12,0,-0.10351368459711785,1.0,1,always_up,2025
2025-10-12,2025-11-13,0,-0.1173230814650158,1.0,1,always_up,2025
2025-10-13,2025-11-14,0,-0.11798921206605828,1.0,1,always_up,2025
2025-10-14,2025-11-15,0,-0.14598050906401472,1.0,1,always_up,2025
2025-10-15,2025-11-16,0,-0.11643906835361995,1.0,1,always_up,2025
2025-10-16,2025-11-17,0,-0.11434781448531106,1.0,1,always_up,2025
2025-10-17,2025-11-18,0,-0.13966375892149085,1.0,1,always_up,2025
2025-10-18,2025-11-19,0,-0.14434407370136093,1.0,1,always_up,2025
2025-10-19,2025-11-20,0,-0.17168887333985983,1.0,1,always_up,2025
2025-10-20,2025-11-21,0,-0.20000838429934686,1.0,1,always_up,2025
2025-10-21,2025-11-22,0,-0.2085949792432562,1.0,1,always_up,2025
2025-10-22,2025-11-23,0,-0.23018583426925898,1.0,1,always_up,2025
2025-10-23,2025-11-24,0,-0.21778227807961625,1.0,1,always_up,2025
2025-10-24,2025-11-25,0,-0.2091091802708681,1.0,1,always_up,2025
2025-10-25,2025-11-26,0,-0.23733921115690104,1.0,1,always_up,2025
2025-10-26,2025-11-27,0,-0.20702941476754622,1.0,1,always_up,2025
2025-10-27,2025-11-28,0,-0.19100795369714585,1.0,1,always_up,2025
2025-10-28,2025-11-29,0,-0.17388078490255976,1.0,1,always_up,2025
2025-10-29,2025-11-30,0,-0.1617426680072268,1.0,1,always_up,2025
2025-10-30,2025-12-01,0,-0.17560760386033836,1.0,1,always_up,2025
2025-10-31,2025-12-02,0,-0.21628066242741706,1.0,1,always_up,2025
2025-11-01,2025-12-03,0,-0.1742599037512793,1.0,1,always_up,2025
2025-11-02,2025-12-04,0,-0.1234070520594035,1.0,1,always_up,2025
2025-11-03,2025-12-05,0,-0.09280223706597701,1.0,1,always_up,2025
2025-11-04,2025-12-06,0,-0.14010778825387582,1.0,1,always_up,2025
2025-11-05,2025-12-07,0,-0.11948409627055967,1.0,1,always_up,2025
2025-11-06,2025-12-08,0,-0.12525531238953225,1.0,1,always_up,2025
2025-11-07,2025-12-09,0,-0.11414586325582432,1.0,1,always_up,2025
2025-11-08,2025-12-10,0,-0.11500955616701014,1.0,1,always_up,2025
2025-11-09,2025-12-11,0,-0.13202151509940507,1.0,1,always_up,2025
2025-11-10,2025-12-12,0,-0.10232604624535457,1.0,1,always_up,2025
2025-11-11,2025-12-13,0,-0.1120063997248717,1.0,1,always_up,2025
2025-11-12,2025-12-14,0,-0.09481229342004571,1.0,1,always_up,2025
2025-11-13,2025-12-15,0,-0.06788844958454021,1.0,1,always_up,2025
2025-11-14,2025-12-16,0,-0.09586308999842352,1.0,1,always_up,2025
2025-11-15,2025-12-17,0,-0.0678752554729426,1.0,1,always_up,2025
2025-11-16,2025-12-18,0,-0.06476062390622628,1.0,1,always_up,2025
2025-11-17,2025-12-19,0,-0.08008125572889135,1.0,1,always_up,2025
2025-11-18,2025-12-20,0,-0.03733287634006954,1.0,1,always_up,2025
2025-11-19,2025-12-21,1,0.01989549064478302,1.0,1,always_up,2025
2025-11-20,2025-12-22,1,0.04145981494999029,1.0,1,always_up,2025
2025-11-21,2025-12-23,1,0.04579952147604871,1.0,1,always_up,2025
2025-11-22,2025-12-24,1,0.007554992514108072,1.0,1,always_up,2025
2025-11-23,2025-12-25,0,-0.007141222294312244,1.0,1,always_up,2025
2025-11-24,2025-12-26,0,-0.0016561754570820764,1.0,1,always_up,2025
2025-11-25,2025-12-27,0,-0.0344198936364557,1.0,1,always_up,2025
2025-11-26,2025-12-28,0,-0.037849456620397626,1.0,1,always_up,2025
2025-11-27,2025-12-29,0,-0.03232453569787275,1.0,1,always_up,2025
2025-11-28,2025-12-30,0,-0.039264473509742714,1.0,1,always_up,2025
2025-11-29,2025-12-31,0,-0.020744906956074893,1.0,1,always_up,2025
2025-11-30,2026-01-01,1,0.015787031988152123,1.0,1,always_up,2025
2025-12-01,2026-01-02,0,-0.02671874061930446,1.0,1,always_up,2025
2025-12-02,2026-01-03,0,-0.03676347894866683,1.0,1,always_up,2025
2025-12-03,2026-01-04,0,-0.015748051164414245,1.0,1,always_up,2025
2025-12-04,2026-01-05,1,0.024624415258293952,1.0,1,always_up,2025
2025-12-05,2026-01-06,1,0.0518049728363188,1.0,1,always_up,2025
2025-12-06,2026-01-07,1,0.03708875636482056,1.0,1,always_up,2025
2025-12-07,2026-01-08,1,0.008052245092506238,1.0,1,always_up,2025
2025-12-08,2026-01-09,0,-0.017035285627858165,1.0,1,always_up,2025
2025-12-09,2026-01-10,0,-0.014933481772286372,1.0,1,always_up,2025
2025-12-10,2026-01-11,0,-0.021712318801885844,1.0,1,always_up,2025
2025-12-11,2026-01-12,1,0.008255710218954881,1.0,1,always_up,2025
2025-12-12,2026-01-13,1,0.011704343971631115,1.0,1,always_up,2025
2025-12-13,2026-01-14,1,0.08213284102374274,1.0,1,always_up,2025
2025-12-14,2026-01-15,1,0.12171059634339465,1.0,1,always_up,2025
2025-12-15,2026-01-16,1,0.08810696327243317,1.0,1,always_up,2025
2025-12-16,2026-01-17,1,0.10792394950884843,1.0,1,always_up,2025
2025-12-17,2026-01-18,1,0.11262586911681627,1.0,1,always_up,2025
2025-12-18,2026-01-19,1,0.06281349649607804,1.0,1,always_up,2025
2025-12-19,2026-01-20,1,0.04832544164608543,1.0,1,always_up,2025
2025-12-20,2026-01-21,0,-0.0026078608942341486,1.0,1,always_up,2025
2025-12-21,2026-01-22,1,0.009410207243695234,1.0,1,always_up,2025
2025-12-22,2026-01-23,1,0.023702992478796592,1.0,1,always_up,2025
2025-12-23,2026-01-24,1,0.022023866013059834,1.0,1,always_up,2025
2025-12-24,2026-01-25,1,0.022929937620141505,1.0,1,always_up,2025
2025-12-25,2026-01-26,0,-0.008002787240773523,1.0,1,always_up,2025
2025-12-26,2026-01-27,1,0.005349295037381907,1.0,1,always_up,2025
2025-12-27,2026-01-28,1,0.01474974449337596,1.0,1,always_up,2025
2025-12-28,2026-01-29,1,0.02364669722628432,1.0,1,always_up,2025
2025-12-29,2026-01-30,0,-0.04334427674590746,1.0,1,always_up,2025
2025-12-30,2026-01-31,0,-0.03865121717830866,1.0,1,always_up,2025
2025-12-31,2026-02-01,0,-0.11366566841946191,1.0,1,always_up,2025
2026-01-01,2026-02-02,0,-0.1447513721296505,1.0,1,always_up,2026
2026-01-02,2026-02-03,0,-0.13118913236647245,1.0,1,always_up,2026
2026-01-03,2026-02-04,0,-0.17217933755738846,1.0,1,always_up,2026
2026-01-04,2026-02-05,0,-0.2204766027936802,1.0,1,always_up,2026
2026-01-05,2026-02-06,0,-0.328946856129258,1.0,1,always_up,2026
2026-01-06,2026-02-07,0,-0.22748416884695277,1.0,1,always_up,2026
2026-01-07,2026-02-08,0,-0.23941416026344686,1.0,1,always_up,2026
2026-01-08,2026-02-09,0,-0.22407993621448596,1.0,1,always_up,2026
2026-01-09,2026-02-10,0,-0.22503472195366647,1.0,1,always_up,2026
2026-01-10,2026-02-11,0,-0.24361595830779692,1.0,1,always_up,2026
2026-01-11,2026-02-12,0,-0.26522111544620686,1.0,1,always_up,2026
2026-01-12,2026-02-13,0,-0.3054250220538939,1.0,1,always_up,2026
2026-01-13,2026-02-14,0,-0.2898122138654906,1.0,1,always_up,2026
2026-01-14,2026-02-15,0,-0.269671264447887,1.0,1,always_up,2026
2026-01-15,2026-02-16,0,-0.2796241460314258,1.0,1,always_up,2026
2026-01-16,2026-02-17,0,-0.2759427782700531,1.0,1,always_up,2026
2026-01-17,2026-02-18,0,-0.2793716533896482,1.0,1,always_up,2026
2026-01-18,2026-02-19,0,-0.28251873374126746,1.0,1,always_up,2026
2026-01-19,2026-02-20,0,-0.2422763420404883,1.0,1,always_up,2026
2026-01-20,2026-02-21,0,-0.23961538981784414,1.0,1,always_up,2026
2026-01-21,2026-02-22,0,-0.24099851629661917,1.0,1,always_up,2026
2026-01-22,2026-02-23,0,-0.24505364158541498,1.0,1,always_up,2026
2026-01-23,2026-02-24,0,-0.2753626940508156,1.0,1,always_up,2026
2026-01-24,2026-02-25,0,-0.2608989970735093,1.0,1,always_up,2026
2026-01-25,2026-02-26,0,-0.23044383583475547,1.0,1,always_up,2026
2026-01-26,2026-02-27,0,-0.24386333264575155,1.0,1,always_up,2026
2026-01-27,2026-02-28,0,-0.2623506159014558,1.0,1,always_up,2026
2026-01-28,2026-03-01,0,-0.20882299572735608,1.0,1,always_up,2026
2026-01-29,2026-03-02,0,-0.21936755656565066,1.0,1,always_up,2026
2026-01-30,2026-03-03,0,-0.12586870135164496,1.0,1,always_up,2026
2026-01-31,2026-03-04,0,-0.11212692719150852,1.0,1,always_up,2026
2026-02-01,2026-03-05,0,-0.07711376631029765,1.0,1,always_up,2026
2026-02-02,2026-03-06,0,-0.06439456878897398,1.0,1,always_up,2026
2026-02-03,2026-03-07,0,-0.06904615596568009,1.0,1,always_up,2026
2026-02-04,2026-03-08,1,0.069194865606939,1.0,1,always_up,2026
2026-02-05,2026-03-09,0,-0.06530239474889998,1.0,1,always_up,2026
2026-02-06,2026-03-10,0,-0.012371450339352053,1.0,1,always_up,2026
2026-02-07,2026-03-11,0,-0.005427810854996218,1.0,1,always_up,2026
2026-02-08,2026-03-12,1,0.0007679146824830507,1.0,1,always_up,2026
2026-02-09,2026-03-13,1,0.024695357204282065,1.0,1,always_up,2026
2026-02-10,2026-03-14,1,0.05735458357855361,1.0,1,always_up,2026
2026-02-11,2026-03-15,1,0.07453777354808211,1.0,1,always_up,2026
2026-02-12,2026-03-16,1,0.05753161364551662,1.0,1,always_up,2026
2026-02-13,2026-03-17,1,0.07249379645142406,1.0,1,always_up,2026
2026-02-14,2026-03-18,1,0.07375546961112467,1.0,1,always_up,2026
2026-02-15,2026-03-19,1,0.03417095318019725,1.0,1,always_up,2026
2026-02-16,2026-03-20,1,0.03594612547612308,1.0,1,always_up,2026
2026-02-17,2026-03-21,1,0.06093393117768309,1.0,1,always_up,2026
2026-02-18,2026-03-22,1,0.028571394458189125,1.0,1,always_up,2026
2026-02-19,2026-03-23,0,-0.0023669508967950614,1.0,1,always_up,2026
2026-02-20,2026-03-24,1,0.043111142429386407,1.0,1,always_up,2026
2026-02-21,2026-03-25,1,0.043069248894829215,1.0,1,always_up,2026
2026-02-22,2026-03-26,1,0.10332403747153585,1.0,1,always_up,2026
2026-02-23,2026-03-27,1,0.0743412040466358,1.0,1,always_up,2026
2026-02-24,2026-03-28,0,-0.023250559951426664,1.0,1,always_up,2026
2026-02-25,2026-03-29,0,-0.016420639847053997,1.0,1,always_up,2026
2026-02-26,2026-03-30,1,0.0021077211911750826,1.0,1,always_up,2026
2026-02-27,2026-03-31,0,-0.0026261227242034835,1.0,1,always_up,2026
2026-02-28,2026-04-01,1,0.0381292826858477,1.0,1,always_up,2026
2026-03-01,2026-04-02,0,-0.010404465723261036,1.0,1,always_up,2026
2026-03-02,2026-04-03,0,-0.021013488686603354,1.0,1,always_up,2026
2026-03-03,2026-04-04,0,-0.0784743838208305,1.0,1,always_up,2026
2026-03-04,2026-04-05,0,-0.05064957451592611,1.0,1,always_up,2026
2026-03-05,2026-04-06,1,0.013509113101825232,1.0,1,always_up,2026
2026-03-06,2026-04-07,1,0.023649735047145626,1.0,1,always_up,2026
2026-03-07,2026-04-08,1,0.09023664871944126,1.0,1,always_up,2026
2026-03-08,2026-04-09,1,0.03854576561663392,1.0,1,always_up,2026
2026-03-09,2026-04-10,1,0.026295579156363713,1.0,1,always_up,2026
2026-03-10,2026-04-11,1,0.03947537506485799,1.0,1,always_up,2026
2026-03-11,2026-04-12,1,0.035466011844969225,1.0,1,always_up,2026
2026-03-12,2026-04-13,0,-0.002656844401967451,1.0,1,always_up,2026
2026-03-13,2026-04-14,1,0.04502123590212048,1.0,1,always_up,2026
2026-03-14,2026-04-15,1,0.018077257167969707,1.0,1,always_up,2026
2026-03-15,2026-04-16,0,-0.000997266863831947,1.0,1,always_up,2026
2026-03-16,2026-04-17,1,0.016843737133735548,1.0,1,always_up,2026
2026-03-17,2026-04-18,1,0.08176480124300745,1.0,1,always_up,2026
2026-03-18,2026-04-19,1,0.08239309561088293,1.0,1,always_up,2026
2026-03-19,2026-04-20,1,0.04667474014238704,1.0,1,always_up,2026
2026-03-20,2026-04-21,1,0.10045036051476752,1.0,1,always_up,2026
2026-03-21,2026-04-22,1,0.12492285474292286,1.0,1,always_up,2026
2026-03-22,2026-04-23,1,0.10255442205892429,1.0,1,always_up,2026
2026-03-23,2026-04-24,1,0.10914251423747734,1.0,1,always_up,2026
2026-03-24,2026-04-25,1,0.0855185975544368,1.0,1,always_up,2026
2026-03-25,2026-04-26,1,0.1279373777886208,1.0,1,always_up,2026
2026-03-26,2026-04-27,1,0.18447179285162707,1.0,1,always_up,2026
2026-03-27,2026-04-28,1,0.16563377939118729,1.0,1,always_up,2026
2026-03-28,2026-04-29,1,0.1565172616110697,1.0,1,always_up,2026
2026-03-29,2026-04-30,1,0.13447563362515114,1.0,1,always_up,2026
2026-03-30,2026-05-01,1,0.11806619629142712,1.0,1,always_up,2026
2026-03-31,2026-05-02,1,0.14853366242906008,1.0,1,always_up,2026
2026-04-01,2026-05-03,1,0.1761509635214138,1.0,1,always_up,2026
2026-04-02,2026-05-04,1,0.17329071957606068,1.0,1,always_up,2026
2026-04-03,2026-05-05,1,0.18663464507353744,1.0,1,always_up,2026
2026-04-04,2026-05-06,1,0.17196336655262656,1.0,1,always_up,2026
2026-04-05,2026-05-07,1,0.1829002263641466,1.0,1,always_up,2026
2026-04-06,2026-05-08,1,0.11236520882673462,1.0,1,always_up,2026
2026-04-07,2026-05-09,1,0.1283700434206141,1.0,1,always_up,2026
2026-04-08,2026-05-10,1,0.12384287731734478,1.0,1,always_up,2026
2026-04-09,2026-05-11,1,0.12674090641644198,1.0,1,always_up,2026
2026-04-10,2026-05-12,1,0.11914188816584614,1.0,1,always_up,2026
2026-04-11,2026-05-13,1,0.13800812422004838,1.0,1,always_up,2026
2026-04-12,2026-05-14,1,0.0657852938805128,1.0,1,always_up,2026
2026-04-13,2026-05-15,1,0.09386624183630321,1.0,1,always_up,2026
2026-04-14,2026-05-16,1,0.05752186305599016,1.0,1,always_up,2026
2026-04-15,2026-05-17,1,0.03983499010302549,1.0,1,always_up,2026
2026-04-16,2026-05-18,1,0.005003891814940431,1.0,1,always_up,2026
2026-04-17,2026-05-19,1,0.017308621176202132,1.0,1,always_up,2026
2026-04-18,2026-05-20,1,0.04109059670631332,1.0,1,always_up,2026
2026-04-19,2026-05-21,1,0.022563925540509455,1.0,1,always_up,2026
2026-04-20,2026-05-22,1,0.016759820446776708,1.0,1,always_up,2026
2026-04-21,2026-05-23,0,-0.03375262317305261,1.0,1,always_up,2026
2026-04-22,2026-05-24,0,-0.019237522087345416,1.0,1,always_up,2026
2026-04-23,2026-05-25,0,-0.004806092374549542,1.0,1,always_up,2026
2026-04-24,2026-05-26,0,-0.0039032528180354964,1.0,1,always_up,2026
2026-04-25,2026-05-27,0,-0.03467613725573715,1.0,1,always_up,2026
2026-04-26,2026-05-28,0,-0.03776606111928826,1.0,1,always_up,2026
2026-04-27,2026-05-29,0,-0.03569767828732451,1.0,1,always_up,2026
2026-04-28,2026-05-30,0,-0.03060464502507254,1.0,1,always_up,2026
2026-04-29,2026-05-31,0,-0.03225029857264072,1.0,1,always_up,2026
2026-04-30,2026-06-01,0,-0.058247145349939355,1.0,1,always_up,2026
2026-05-01,2026-06-02,0,-0.09249246760957741,1.0,1,always_up,2026
2026-05-02,2026-06-03,0,-0.15028577581521785,1.0,1,always_up,2026
2026-05-03,2026-06-04,0,-0.19682020049583637,1.0,1,always_up,2026
2026-05-04,2026-06-05,0,-0.2103631235096044,1.0,1,always_up,2026
2026-05-05,2026-06-06,0,-0.2503534506668814,1.0,1,always_up,2026
2026-05-06,2026-06-07,0,-0.23899932505062116,1.0,1,always_up,2026
2026-05-07,2026-06-08,0,-0.21025690713349932,1.0,1,always_up,2026
2026-05-08,2026-06-09,0,-0.21805598300710194,1.0,1,always_up,2026
2026-05-09,2026-06-10,0,-0.2491187515106118,1.0,1,always_up,2026
2026-05-10,2026-06-11,0,-0.24753204023308395,1.0,1,always_up,2026
2026-05-11,2026-06-12,0,-0.20965879285957667,1.0,1,always_up,2026
2026-05-12,2026-06-13,0,-0.19837213310552881,1.0,1,always_up,2026
2026-05-13,2026-06-14,0,-0.20510531508200758,1.0,1,always_up,2026
2026-05-14,2026-06-15,0,-0.1689572662969011,1.0,1,always_up,2026
2026-05-15,2026-06-16,0,-0.1512425453994053,1.0,1,always_up,2026
2026-05-16,2026-06-17,0,-0.15211727902478855,1.0,1,always_up,2026
2026-05-17,2026-06-18,0,-0.16223603891229676,1.0,1,always_up,2026
2026-05-18,2026-06-19,0,-0.18060084056143633,1.0,1,always_up,2026
2026-05-19,2026-06-20,0,-0.1806310172343185,1.0,1,always_up,2026
2026-05-20,2026-06-21,0,-0.17158308029115832,1.0,1,always_up,2026
2026-05-21,2026-06-22,0,-0.1618689559766745,1.0,1,always_up,2026
2026-05-22,2026-06-23,0,-0.16588479779028553,1.0,1,always_up,2026
2026-05-23,2026-06-24,0,-0.18595208509807837,1.0,1,always_up,2026
2026-05-24,2026-06-25,0,-0.21008261425175057,1.0,1,always_up,2026
2026-05-25,2026-06-26,0,-0.21250319866940615,1.0,1,always_up,2026
2026-05-26,2026-06-27,0,-0.19277599752099783,1.0,1,always_up,2026
2026-05-27,2026-06-28,0,-0.18458255589158667,1.0,1,always_up,2026
2026-05-28,2026-06-29,0,-0.18899567905486436,1.0,1,always_up,2026
2026-05-29,2026-06-30,0,-0.1843986509733181,1.0,1,always_up,2026
2026-05-30,2026-07-01,0,-0.2042728823407971,1.0,1,always_up,2026
2026-05-31,2026-07-02,0,-0.15943250771262396,1.0,1,always_up,2026
2026-06-01,2026-07-03,0,-0.07790255485101738,1.0,1,always_up,2026
2026-06-02,2026-07-04,0,-0.024312802304235492,1.0,1,always_up,2026
2026-06-03,2026-07-05,0,-0.011614126978387485,1.0,1,always_up,2026
2026-06-04,2026-07-06,1,0.04247772594779886,1.0,1,always_up,2026
2026-06-05,2026-07-07,1,0.05187369158253752,1.0,1,always_up,2026
2026-06-06,2026-07-08,1,0.0005051158174198545,1.0,1,always_up,2026
2026-06-07,2026-07-09,0,-0.012617537964049075,1.0,1,always_up,2026
2026-06-08,2026-07-10,1,0.024299530212214426,1.0,1,always_up,2026
2026-06-09,2026-07-11,1,0.04309360002171969,1.0,1,always_up,2026
2026-06-10,2026-07-12,1,0.0030335083142112307,1.0,1,always_up,2026
2026-06-11,2026-07-13,1,0.003145643284051536,1.0,1,always_up,2026
2026-06-12,2026-07-14,0,-0.03294377223249689,1.0,1,always_up,2026
2026-06-13,2026-07-15,0,-0.01068437915659326,1.0,1,always_up,2026
2026-06-14,2026-07-16,0,-0.023707068760841943,1.0,1,always_up,2026
2026-06-15,2026-07-17,0,-0.02809013229078583,1.0,1,always_up,2026
2026-06-16,2026-07-18,0,-0.008955749084629594,1.0,1,always_up,2026
2026-06-17,2026-07-19,1,0.02980081486057129,1.0,1,always_up,2026
2026-06-18,2026-07-20,1,0.018548593964172744,1.0,1,always_up,2026
2026-06-19,2026-07-21,1,0.014891596178482125,1.0,1,always_up,2026
2026-06-20,2026-07-22,1,0.05124068107151869,1.0,1,always_up,2026
2026-06-21,2026-07-23,1,0.03271617733268073,1.0,1,always_up,2026
2026-06-22,2026-07-24,1,0.0376891082540296,1.0,1,always_up,2026
2026-06-23,2026-07-25,1,0.05013261730901464,1.0,1,always_up,2026
2026-06-24,2026-07-26,1,0.07660168202367301,1.0,1,always_up,2026
2026-06-25,2026-07-27,1,0.08823578841434898,1.0,1,always_up,2026
2026-06-26,2026-07-28,1,0.062084148980634524,1.0,1,always_up,2026
2026-06-27,2026-07-29,1,0.07281315393303545,1.0,1,always_up,2026
2026-06-28,2026-07-30,1,0.061800159972917434,1.0,1,always_up,2026
2026-06-29,2026-07-31,1,0.10499531682118346,1.0,1,always_up,2026
2026-06-30,2026-08-01,1,0.0477122484339596,1.0,1,always_up,2026
2026-07-01,2026-08-02,1,0.02052712800519818,1.0,1,always_up,2026
2026-07-02,2026-08-03,1,0.01576699583882335,1.0,1,always_up,2026
2026-07-03,2026-08-04,1,0.005954484043696251,1.0,1,always_up,2026
2026-07-04,2026-08-05,1,0.007172661873894537,1.0,1,always_up,2026
2026-07-05,2026-08-06,1,0.009717075717803558,1.0,1,always_up,2026
2026-07-06,2026-08-07,1,0.01514440376238868,1.0,1,always_up,2026
2026-07-07,2026-08-08,1,0.042273070754042186,1.0,1,always_up,2026
2026-07-08,2026-08-09,1,0.027401387410819655,1.0,1,always_up,2026
2026-07-09,2026-08-10,1,0.011531330519194194,1.0,1,always_up,2026
2026-07-10,2026-08-11,1,0.002366066161164193,1.0,1,always_up,2026
2026-07-11,2026-08-12,0,-0.002822044528065226,1.0,1,always_up,2026
2026-07-12,2026-08-13,1,0.018376174228982523,1.0,1,always_up,2026
2026-07-13,2026-08-14,0,-0.023878147696658747,1.0,1,always_up,2026
2026-07-14,2026-08-15,0,-0.026448708912865326,1.0,1,always_up,2026
2026-07-15,2026-08-16,0,-0.011658901272438404,1.0,1,always_up,2026
2026-07-16,2026-08-17,0,-0.01613707259641428,1.0,1,always_up,2026
2026-07-17,2026-08-18,0,-0.004659577096720935,1.0,1,always_up,2026
2026-07-18,2026-08-19,1,4.434312306900168e-05,1.0,1,always_up,2026
2026-07-19,2026-08-20,1,0.06251226907888685,1.0,1,always_up,2026
2026-07-20,2026-08-21,1,0.09722422345643511,1.0,1,always_up,2026
2026-07-21,2026-08-22,1,0.1848842538323665,1.0,1,always_up,2026
2026-07-22,2026-08-23,1,0.1839654016084431,1.0,1,always_up,2026
2026-07-23,2026-08-24,1,0.21194262550670406,1.0,1,always_up,2026
2026-07-24,2026-08-25,1,0.2270718093869033,1.0,1,always_up,2026
2026-07-25,2026-08-26,1,0.20090412844036698,1.0,1,always_up,2026
2026-07-26,2026-08-27,1,0.23947430087210808,1.0,1,always_up,2026
2026-07-27,2026-08-28,1,0.25556739419541574,1.0,1,always_up,2026
2026-07-28,2026-08-29,1,0.21664052222819086,1.0,1,always_up,2026
2026-07-29,2026-08-30,1,0.20762525117694453,1.0,1,always_up,2026
2026-07-30,2026-08-31,1,0.23524596472325032,1.0,1,always_up,2026
2026-07-31,2026-09-01,1,0.2508235354042625,1.0,1,always_up,2026
2026-08-01,2026-09-02,1,0.21816891329732346,1.0,1,always_up,2026
2026-08-02,2026-09-03,1,0.21756942695214088,1.0,1,always_up,2026
2026-08-03,2026-09-04,1,0.26773894399246245,1.0,1,always_up,2026
2026-08-04,2026-09-05,1,0.2318947552038777,1.0,1,always_up,2026
2026-08-05,2026-09-06,1,0.24109561014998993,1.0,1,always_up,2026
2026-08-06,2026-09-07,1,0.23749029622692674,1.0,1,always_up,2026
2026-08-07,2026-09-08,1,0.21780840052584094,1.0,1,always_up,2026
2026-08-08,2026-09-09,1,0.20884249523008624,1.0,1,always_up,2026
2026-08-09,2026-09-10,1,0.22411157978558993,1.0,1,always_up,2026
2026-08-10,2026-09-11,1,0.2039106597624747,1.0,1,always_up,2026
2026-08-11,2026-09-12,1,0.21653626599500098,1.0,1,always_up,2026
2026-08-12,2026-09-13,1,0.21716306882596959,1.0,1,always_up,2026
2026-08-13,2026-09-14,1,0.21887168173878502,1.0,1,always_up,2026
2026-08-14,2026-09-15,1,0.23940632796399708,1.0,1,always_up,2026
2026-08-15,2026-09-16,1,0.2026149443561207,1.0,1,always_up,2026
2024-01-01,2024-02-02,0,-0.041470259023367984,0.5393529695799131,1,historical_prior,2024
2024-01-02,2024-02-03,1,0.008280034907036216,0.5393529695799131,1,historical_prior,2024
2024-01-03,2024-02-04,0,-0.025820421235257962,0.5393529695799131,1,historical_prior,2024
2024-01-04,2024-02-05,0,-0.035388736059614456,0.5393529695799131,1,historical_prior,2024
2024-01-05,2024-02-06,0,-0.028648354087670413,0.5393529695799131,1,historical_prior,2024
2024-01-06,2024-02-07,0,-0.018895258509126545,0.5393529695799131,1,historical_prior,2024
2024-01-07,2024-02-08,0,-0.055407505350254294,0.5393529695799131,1,historical_prior,2024
2024-01-08,2024-02-09,0,-0.017812621990891286,0.5393529695799131,1,historical_prior,2024
2024-01-09,2024-02-10,1,0.010262356925451188,0.5393529695799131,1,historical_prior,2024
2024-01-10,2024-02-11,1,0.03046926185109955,0.5393529695799131,1,historical_prior,2024
2024-01-11,2024-02-12,1,0.12895994973673974,0.5393529695799131,1,historical_prior,2024
2024-01-12,2024-02-13,1,0.16498533536812343,0.5393529695799131,1,historical_prior,2024
2024-01-13,2024-02-14,1,0.19091304467637227,0.5393529695799131,1,historical_prior,2024
2024-01-14,2024-02-15,1,0.21839166711752922,0.5393529695799131,1,historical_prior,2024
2024-01-15,2024-02-16,1,0.20265385876098851,0.5393529695799131,1,historical_prior,2024
2024-01-16,2024-02-17,1,0.21853353123205044,0.5393529695799131,1,historical_prior,2024
2024-01-17,2024-02-18,1,0.24959476145550497,0.5393529695799131,1,historical_prior,2024
2024-01-18,2024-02-19,1,0.2515337010967371,0.5393529695799131,1,historical_prior,2024
2024-01-19,2024-02-20,1,0.24171810039560082,0.5393529695799131,1,historical_prior,2024
2024-01-20,2024-02-21,1,0.2568162053586889,0.5393529695799131,1,historical_prior,2024
2024-01-21,2024-02-22,1,0.3103860137555532,0.5393529695799131,1,historical_prior,2024
2024-01-22,2024-02-23,1,0.2855017057421263,0.5393529695799131,1,historical_prior,2024
2024-01-23,2024-02-24,1,0.26591715731289267,0.5393529695799131,1,historical_prior,2024
2024-01-24,2024-02-25,1,0.29046054549563105,0.5393529695799131,1,historical_prior,2024
2024-01-25,2024-02-26,1,0.23683665000857168,0.5393529695799131,1,historical_prior,2024
2024-01-26,2024-02-27,1,0.29334437780251643,0.5393529695799131,1,historical_prior,2024
2024-01-27,2024-02-28,1,0.35702891076953813,0.5393529695799131,1,historical_prior,2024
2024-01-28,2024-02-29,1,0.44175988061717164,0.5393529695799131,1,historical_prior,2024
2024-01-29,2024-03-01,1,0.42360093244001673,0.5393529695799131,1,historical_prior,2024
2024-01-30,2024-03-02,1,0.4651925786754345,0.5393529695799131,1,historical_prior,2024
2024-01-31,2024-03-03,1,0.4387891265570256,0.5393529695799131,1,historical_prior,2024
2024-02-01,2024-03-04,1,0.4609718659657098,0.5393529695799131,1,historical_prior,2024
2024-02-02,2024-03-05,1,0.5866999448979451,0.5393529695799131,1,historical_prior,2024
2024-02-03,2024-03-06,1,0.496470177686432,0.5393529695799131,1,historical_prior,2024
2024-02-04,2024-03-07,1,0.547086190869776,0.5393529695799131,1,historical_prior,2024
2024-02-05,2024-03-08,1,0.550459222217891,0.5393529695799131,1,historical_prior,2024
2024-02-06,2024-03-09,1,0.5360724786694806,0.5393529695799131,1,historical_prior,2024
2024-02-07,2024-03-10,1,0.508397024773972,0.5393529695799131,1,historical_prior,2024
2024-02-08,2024-03-11,1,0.4630132150066262,0.5393529695799131,1,historical_prior,2024
2024-02-09,2024-03-12,1,0.509454864685783,0.5393529695799131,1,historical_prior,2024
2024-02-10,2024-03-13,1,0.4793374741200829,0.5393529695799131,1,historical_prior,2024
2024-02-11,2024-03-14,1,0.4638698262405323,0.5393529695799131,1,historical_prior,2024
2024-02-12,2024-03-15,1,0.43640874373234406,0.5393529695799131,1,historical_prior,2024
2024-02-13,2024-03-16,1,0.34182086862539496,0.5393529695799131,1,historical_prior,2024
2024-02-14,2024-03-17,1,0.2586859563057138,0.5393529695799131,1,historical_prior,2024
2024-02-15,2024-03-18,1,0.31212759548845925,0.5393529695799131,1,historical_prior,2024
2024-02-16,2024-03-19,1,0.3091894604923373,0.5393529695799131,1,historical_prior,2024
2024-02-17,2024-03-20,1,0.18795868937781668,0.5393529695799131,1,historical_prior,2024
2024-02-18,2024-03-21,1,0.3103013168197464,0.5393529695799131,1,historical_prior,2024
2024-02-19,2024-03-22,1,0.2534014353940637,0.5393529695799131,1,historical_prior,2024
2024-02-20,2024-03-23,1,0.230422427423433,0.5393529695799131,1,historical_prior,2024
2024-02-21,2024-03-24,1,0.24765044429132343,0.5393529695799131,1,historical_prior,2024
2024-02-22,2024-03-25,1,0.32448765030057647,0.5393529695799131,1,historical_prior,2024
2024-02-23,2024-03-26,1,0.35509842207049647,0.5393529695799131,1,historical_prior,2024
2024-02-24,2024-03-27,1,0.35297788371479366,0.5393529695799131,1,historical_prior,2024
2024-02-25,2024-03-28,1,0.2752290529784598,0.5393529695799131,1,historical_prior,2024
2024-02-26,2024-03-29,1,0.2409517623101356,0.5393529695799131,1,historical_prior,2024
2024-02-27,2024-03-30,1,0.11882379115490416,0.5393529695799131,1,historical_prior,2024
2024-02-28,2024-03-31,1,0.13824706584990687,0.5393529695799131,1,historical_prior,2024
2024-02-29,2024-04-01,1,0.14252924044566329,0.5393529695799131,1,historical_prior,2024
2024-03-01,2024-04-02,1,0.12361455446988479,0.5393529695799131,1,historical_prior,2024
2024-03-02,2024-04-03,1,0.03723454569566775,0.5393529695799131,1,historical_prior,2024
2024-03-03,2024-04-04,0,-0.03344444654469858,0.5393529695799131,1,historical_prior,2024
2024-03-04,2024-04-05,1,0.07475659488472242,0.5393529695799131,1,historical_prior,2024
2024-03-05,2024-04-06,1,0.026433830896370303,0.5393529695799131,1,historical_prior,2024
2024-03-06,2024-04-07,1,0.03101947557718754,0.5393529695799131,1,historical_prior,2024
2024-03-07,2024-04-08,1,0.018145974558233524,0.5393529695799131,1,historical_prior,2024
2024-03-08,2024-04-09,1,0.04840522955419502,0.5393529695799131,1,historical_prior,2024
2024-03-09,2024-04-10,1,0.002757125280686612,0.5393529695799131,1,historical_prior,2024
2024-03-10,2024-04-11,0,-0.020075723416682845,0.5393529695799131,1,historical_prior,2024
2024-03-11,2024-04-12,0,-0.0202342831551251,0.5393529695799131,1,historical_prior,2024
2024-03-12,2024-04-13,0,-0.08150656061659378,0.5393529695799131,1,historical_prior,2024
2024-03-13,2024-04-14,0,-0.10455989401159349,0.5393529695799131,1,historical_prior,2024
2024-03-14,2024-04-15,0,-0.055223004829939026,0.5393529695799131,1,historical_prior,2024
2024-03-15,2024-04-16,0,-0.028799870874159916,0.5393529695799131,1,historical_prior,2024
2024-03-16,2024-04-17,0,-0.06725890644238408,0.5393529695799131,1,historical_prior,2024
2024-03-17,2024-04-18,0,-0.09366395503623726,0.5393529695799131,1,historical_prior,2024
2024-03-18,2024-04-19,1,0.02474562627013288,0.5393529695799131,1,historical_prior,2024
2024-03-19,2024-04-20,0,-0.059293481136860504,0.5393529695799131,1,historical_prior,2024
2024-03-20,2024-04-21,0,-0.008560138061424083,0.5393529695799131,1,historical_prior,2024
2024-03-21,2024-04-22,1,0.017939973014252875,0.5393529695799131,1,historical_prior,2024
2024-03-22,2024-04-23,1,0.04421470723090892,0.5393529695799131,1,historical_prior,2024
2024-03-23,2024-04-24,0,-0.011843475673262938,0.5393529695799131,1,historical_prior,2024
2024-03-24,2024-04-25,0,-0.08000028620492272,0.5393529695799131,1,historical_prior,2024
2024-03-25,2024-04-26,0,-0.07843717186334398,0.5393529695799131,1,historical_prior,2024
2024-03-26,2024-04-27,0,-0.08204967353529202,0.5393529695799131,1,historical_prior,2024
2024-03-27,2024-04-28,0,-0.10339867138735759,0.5393529695799131,1,historical_prior,2024
2024-03-28,2024-04-29,0,-0.09637593301010028,0.5393529695799131,1,historical_prior,2024
2024-03-29,2024-04-30,0,-0.08214992432687851,0.5393529695799131,1,historical_prior,2024
2024-03-30,2024-05-01,0,-0.1488214085297418,0.5393529695799131,1,historical_prior,2024
2024-03-31,2024-05-02,0,-0.16202255253819065,0.5393529695799131,1,historical_prior,2024
2024-04-01,2024-05-03,0,-0.09781545548934611,0.5393529695799131,1,historical_prior,2024
2024-04-02,2024-05-04,0,-0.04671175337426425,0.5393529695799131,1,historical_prior,2024
2024-04-03,2024-05-05,0,-0.06710348412417988,0.5393529695799131,1,historical_prior,2024
2024-04-04,2024-05-06,0,-0.056157396355651756,0.5393529695799131,1,historical_prior,2024
2024-04-05,2024-05-07,0,-0.08318073618207156,0.5393529695799131,1,historical_prior,2024
2024-04-06,2024-05-08,0,-0.1016186762529272,0.5393529695799131,1,historical_prior,2024
2024-04-07,2024-05-09,0,-0.1455874057525831,0.5393529695799131,1,historical_prior,2024
2024-04-08,2024-05-10,0,-0.08781419026407888,0.5393529695799131,1,historical_prior,2024
2024-04-09,2024-05-11,0,-0.13918929173955719,0.5393529695799131,1,historical_prior,2024
2024-04-10,2024-05-12,0,-0.13113449062097626,0.5393529695799131,1,historical_prior,2024
2024-04-11,2024-05-13,0,-0.08392151440509732,0.5393529695799131,1,historical_prior,2024
2024-04-12,2024-05-14,0,-0.015399880984636294,0.5393529695799131,1,historical_prior,2024
2024-04-13,2024-05-15,0,-0.06220293823582501,0.5393529695799131,1,historical_prior,2024
2024-04-14,2024-05-16,1,0.043937566057641986,0.5393529695799131,1,historical_prior,2024
2024-04-15,2024-05-17,1,0.022601240880718132,0.5393529695799131,1,historical_prior,2024
2024-04-16,2024-05-18,1,0.09378044557388066,0.5393529695799131,1,historical_prior,2024
2024-04-17,2024-05-19,1,0.054279267604630865,0.5393529695799131,1,historical_prior,2024
2024-04-18,2024-05-20,1,0.03848427740068994,0.5393529695799131,1,historical_prior,2024
2024-04-19,2024-05-21,1,0.10018450712944049,0.5393529695799131,1,historical_prior,2024
2024-04-20,2024-05-22,1,0.08018321203120049,0.5393529695799131,1,historical_prior,2024
2024-04-21,2024-05-23,1,0.03512906147503436,0.5393529695799131,1,historical_prior,2024
2024-04-22,2024-05-24,1,0.023423675731020666,0.5393529695799131,1,historical_prior,2024
2024-04-23,2024-05-25,1,0.06626905946500194,0.5393529695799131,1,historical_prior,2024
2024-04-24,2024-05-26,1,0.07430006327295602,0.5393529695799131,1,historical_prior,2024
2024-04-25,2024-05-27,1,0.07429308452250272,0.5393529695799131,1,historical_prior,2024
2024-04-26,2024-05-28,1,0.09414219348340525,0.5393529695799131,1,historical_prior,2024
2024-04-27,2024-05-29,1,0.0836485335072279,0.5393529695799131,1,historical_prior,2024
2024-04-28,2024-05-30,1,0.05928678796229603,0.5393529695799131,1,historical_prior,2024
2024-04-29,2024-05-31,1,0.12658489474800638,0.5393529695799131,1,historical_prior,2024
2024-04-30,2024-06-01,1,0.1572011430829141,0.5393529695799131,1,historical_prior,2024
2024-05-01,2024-06-02,1,0.14741198023724777,0.5393529695799131,1,historical_prior,2024
2024-05-02,2024-06-03,1,0.07766307088466151,0.5393529695799131,1,historical_prior,2024
2024-05-03,2024-06-04,1,0.07697141568361499,0.5393529695799131,1,historical_prior,2024
2024-05-04,2024-06-05,1,0.10194697869149527,0.5393529695799131,1,historical_prior,2024
2024-05-05,2024-06-06,1,0.1257468117719287,0.5393529695799131,1,historical_prior,2024
2024-05-06,2024-06-07,1,0.13620138120913006,0.5393529695799131,1,historical_prior,2024
2024-05-07,2024-06-08,1,0.13339051849532546,0.5393529695799131,1,historical_prior,2024
2024-05-08,2024-06-09,1,0.09887528934267698,0.5393529695799131,1,historical_prior,2024
2024-05-09,2024-06-10,1,0.14552897130410702,0.5393529695799131,1,historical_prior,2024
2024-05-10,2024-06-11,1,0.14326129340434912,0.5393529695799131,1,historical_prior,2024
2024-05-11,2024-06-12,1,0.09482515776462153,0.5393529695799131,1,historical_prior,2024
2024-05-12,2024-06-13,1,0.08458662833179931,0.5393529695799131,1,historical_prior,2024
2024-05-13,2024-06-14,1,0.08437368915166887,0.5393529695799131,1,historical_prior,2024
2024-05-14,2024-06-15,0,-0.002454743498788714,0.5393529695799131,1,historical_prior,2024
2024-05-15,2024-06-16,1,0.015222454254381956,0.5393529695799131,1,historical_prior,2024
2024-05-16,2024-06-17,0,-0.005179338744330408,0.5393529695799131,1,historical_prior,2024
2024-05-17,2024-06-18,0,-0.0061401594854382235,0.5393529695799131,1,historical_prior,2024
2024-05-18,2024-06-19,0,-0.01657784349820446,0.5393529695799131,1,historical_prior,2024
2024-05-19,2024-06-20,0,-0.0905886100700074,0.5393529695799131,1,historical_prior,2024
2024-05-20,2024-06-21,0,-0.0752455439430213,0.5393529695799131,1,historical_prior,2024
2024-05-21,2024-06-22,0,-0.07262260321525038,0.5393529695799131,1,historical_prior,2024
2024-05-22,2024-06-23,0,-0.05454860300904851,0.5393529695799131,1,historical_prior,2024
2024-05-23,2024-06-24,0,-0.07789906315084805,0.5393529695799131,1,historical_prior,2024
2024-05-24,2024-06-25,0,-0.12984827947703115,0.5393529695799131,1,historical_prior,2024
2024-05-25,2024-06-26,0,-0.09782349917899702,0.5393529695799131,1,historical_prior,2024
2024-05-26,2024-06-27,0,-0.12344312632432275,0.5393529695799131,1,historical_prior,2024
2024-05-27,2024-06-28,0,-0.09783766871739685,0.5393529695799131,1,historical_prior,2024
2024-05-28,2024-06-29,0,-0.10678954378713201,0.5393529695799131,1,historical_prior,2024
2024-05-29,2024-06-30,0,-0.10775795413664258,0.5393529695799131,1,historical_prior,2024
2024-05-30,2024-07-01,0,-0.07059519239040668,0.5393529695799131,1,historical_prior,2024
2024-05-31,2024-07-02,0,-0.07181742574982097,0.5393529695799131,1,historical_prior,2024
2024-06-01,2024-07-03,0,-0.08308283758047219,0.5393529695799131,1,historical_prior,2024
2024-06-02,2024-07-04,0,-0.12500121712155043,0.5393529695799131,1,historical_prior,2024
2024-06-03,2024-07-05,0,-0.19121384936281716,0.5393529695799131,1,historical_prior,2024
2024-06-04,2024-07-06,0,-0.20362279912246162,0.5393529695799131,1,historical_prior,2024
2024-06-05,2024-07-07,0,-0.17752961691864266,0.5393529695799131,1,historical_prior,2024
2024-06-06,2024-07-08,0,-0.19461716141162366,0.5393529695799131,1,historical_prior,2024
2024-06-07,2024-07-09,0,-0.181730867173584,0.5393529695799131,1,historical_prior,2024
2024-06-08,2024-07-10,0,-0.16652488257046305,0.5393529695799131,1,historical_prior,2024
2024-06-09,2024-07-11,0,-0.16988999137187233,0.5393529695799131,1,historical_prior,2024
2024-06-10,2024-07-12,0,-0.14817580175840972,0.5393529695799131,1,historical_prior,2024
2024-06-11,2024-07-13,0,-0.15198190905364728,0.5393529695799131,1,historical_prior,2024
2024-06-12,2024-07-14,0,-0.113354183074868,0.5393529695799131,1,historical_prior,2024
2024-06-13,2024-07-15,0,-0.07943311722989477,0.5393529695799131,1,historical_prior,2024
2024-06-14,2024-07-16,0,-0.02271221117876443,0.5393529695799131,1,historical_prior,2024
2024-06-15,2024-07-17,0,-0.024489155608107493,0.5393529695799131,1,historical_prior,2024
2024-06-16,2024-07-18,0,-0.03633357406953808,0.5393529695799131,1,historical_prior,2024
2024-06-17,2024-07-19,0,-0.01821855266686845,0.5393529695799131,1,historical_prior,2024
2024-06-18,2024-07-20,1,0.025943152661580093,0.5393529695799131,1,historical_prior,2024
2024-06-19,2024-07-21,1,0.03499276013453989,0.5393529695799131,1,historical_prior,2024
2024-06-20,2024-07-22,1,0.06269982520458806,0.5393529695799131,1,historical_prior,2024
2024-06-21,2024-07-23,1,0.050885274207887354,0.5393529695799131,1,historical_prior,2024
2024-06-22,2024-07-24,1,0.04312592261890158,0.5393529695799131,1,historical_prior,2024
2024-06-23,2024-07-25,1,0.08429974806487617,0.5393529695799131,1,historical_prior,2024
2024-06-24,2024-07-26,1,0.06462057654263709,0.5393529695799131,1,historical_prior,2024
2024-06-25,2024-07-27,1,0.11571547382419234,0.5393529695799131,1,historical_prior,2024
2024-06-26,2024-07-28,1,0.10031413242632947,0.5393529695799131,1,historical_prior,2024
2024-06-27,2024-07-29,1,0.12944430911315075,0.5393529695799131,1,historical_prior,2024
2024-06-28,2024-07-30,1,0.09506993986227807,0.5393529695799131,1,historical_prior,2024
2024-06-29,2024-07-31,1,0.05441899980580511,0.5393529695799131,1,historical_prior,2024
2024-06-30,2024-08-01,1,0.027472337042925288,0.5393529695799131,1,historical_prior,2024
2024-07-01,2024-08-02,1,0.051799085417569835,0.5393529695799131,1,historical_prior,2024
2024-07-02,2024-08-03,1,0.021421701262793524,0.5393529695799131,1,historical_prior,2024
2024-07-03,2024-08-04,1,0.06394336058076755,0.5393529695799131,1,historical_prior,2024
2024-07-04,2024-08-05,1,0.027057085274115877,0.5393529695799131,1,historical_prior,2024
2024-07-05,2024-08-06,0,-0.07232183750920695,0.5393529695799131,1,historical_prior,2024
2024-07-06,2024-08-07,1,0.0029394278078571645,0.5393529695799131,1,historical_prior,2024
2024-07-07,2024-08-08,0,-0.027873770092045058,0.5393529695799131,1,historical_prior,2024
2024-07-08,2024-08-09,1,0.06263565891472878,0.5393529695799131,1,historical_prior,2024
2024-07-09,2024-08-10,1,0.053912415321731855,0.5393529695799131,1,historical_prior,2024
2024-07-10,2024-08-11,1,0.06249785271649455,0.5393529695799131,1,historical_prior,2024
2024-07-11,2024-08-12,1,0.014225478410526016,0.5393529695799131,1,historical_prior,2024
2024-07-12,2024-08-13,1,0.002409127354717988,0.5393529695799131,1,historical_prior,2024
2024-07-13,2024-08-14,0,-0.0034664020523074157,0.5393529695799131,1,historical_prior,2024
2024-07-14,2024-08-15,0,-0.09332959026365151,0.5393529695799131,1,historical_prior,2024
2024-07-15,2024-08-16,0,-0.11535191562634517,0.5393529695799131,1,historical_prior,2024
2024-07-16,2024-08-17,0,-0.08134753485013346,0.5393529695799131,1,historical_prior,2024
2024-07-17,2024-08-18,0,-0.07026216823425424,0.5393529695799131,1,historical_prior,2024
2024-07-18,2024-08-19,0,-0.12350223169783503,0.5393529695799131,1,historical_prior,2024
2024-07-19,2024-08-20,0,-0.11470767711096685,0.5393529695799131,1,historical_prior,2024
2024-07-20,2024-08-21,0,-0.13425516042974917,0.5393529695799131,1,historical_prior,2024
2024-07-21,2024-08-22,0,-0.09441405555884619,0.5393529695799131,1,historical_prior,2024
2024-07-22,2024-08-23,0,-0.08432677141470513,0.5393529695799131,1,historical_prior,2024
2024-07-23,2024-08-24,0,-0.02047800102820596,0.5393529695799131,1,historical_prior,2024
2024-07-24,2024-08-25,0,-0.024968560006504603,0.5393529695799131,1,historical_prior,2024
2024-07-25,2024-08-26,0,-0.054308917947811786,0.5393529695799131,1,historical_prior,2024
2024-07-26,2024-08-27,0,-0.07456188088662619,0.5393529695799131,1,historical_prior,2024
2024-07-27,2024-08-28,0,-0.12944901881146176,0.5393529695799131,1,historical_prior,2024
2024-07-28,2024-08-29,0,-0.11604128371955957,0.5393529695799131,1,historical_prior,2024
2024-07-29,2024-08-30,0,-0.10317580226022849,0.5393529695799131,1,historical_prior,2024
2024-07-30,2024-08-31,0,-0.08516462134606961,0.5393529695799131,1,historical_prior,2024
2024-07-31,2024-09-01,0,-0.09762245688941551,0.5393529695799131,1,historical_prior,2024
2024-08-01,2024-09-02,0,-0.06823875246063549,0.5393529695799131,1,historical_prior,2024
2024-08-02,2024-09-03,0,-0.02579772410915082,0.5393529695799131,1,historical_prior,2024
2024-08-03,2024-09-04,0,-0.011575798215298971,0.5393529695799131,1,historical_prior,2024
2024-08-04,2024-09-05,1,0.07316116864455768,0.5393529695799131,1,historical_prior,2024
2024-08-05,2024-09-06,1,0.0028203205883403637,0.5393529695799131,1,historical_prior,2024
2024-08-06,2024-09-07,0,-0.02123544630368035,0.5393529695799131,1,historical_prior,2024
2024-08-07,2024-09-08,0,-0.12199105145413869,0.5393529695799131,1,historical_prior,2024
2024-08-08,2024-09-09,0,-0.0980972579797591,0.5393529695799131,1,historical_prior,2024
2024-08-09,2024-09-10,0,-0.06371103700361325,0.5393529695799131,1,historical_prior,2024
2024-08-10,2024-09-11,0,-0.0183367826219214,0.5393529695799131,1,historical_prior,2024
2024-08-11,2024-09-12,0,-0.033845892539156375,0.5393529695799131,1,historical_prior,2024
2024-08-12,2024-09-13,0,-0.04051766083770891,0.5393529695799131,1,historical_prior,2024
2024-08-13,2024-09-14,1,0.030921867329068764,0.5393529695799131,1,historical_prior,2024
2024-08-14,2024-09-15,1,0.042612534877274566,0.5393529695799131,1,historical_prior,2024
2024-08-15,2024-09-16,1,0.004372174821090091,0.5393529695799131,1,historical_prior,2024
2024-08-16,2024-09-17,0,-0.021481883527513568,0.5393529695799131,1,historical_prior,2024
2024-08-17,2024-09-18,1,0.032290357170058126,0.5393529695799131,1,historical_prior,2024
2024-08-18,2024-09-19,1,0.039056840263465675,0.5393529695799131,1,historical_prior,2024
2024-08-19,2024-09-20,1,0.06666576292324833,0.5393529695799131,1,historical_prior,2024
2024-08-20,2024-09-21,1,0.033439384472798483,0.5393529695799131,1,historical_prior,2024
2024-08-21,2024-09-22,1,0.049243877889546095,0.5393529695799131,1,historical_prior,2024
2024-08-22,2024-09-23,0,-0.007159584017049969,0.5393529695799131,1,historical_prior,2024
2024-08-23,2024-09-24,0,-0.012734849592452968,0.5393529695799131,1,historical_prior,2024
2024-08-24,2024-09-25,1,0.0006650577180096207,0.5393529695799131,1,historical_prior,2024
2024-08-25,2024-09-26,1,0.005061113409937423,0.5393529695799131,1,historical_prior,2024
2024-08-26,2024-09-27,1,0.0969282167802743,0.5393529695799131,1,historical_prior,2024
2024-08-27,2024-09-28,1,0.11408590511714256,0.5393529695799131,1,historical_prior,2024
2024-08-28,2024-09-29,1,0.109486345794235,0.5393529695799131,1,historical_prior,2024
2024-08-29,2024-09-30,1,0.10956669196378654,0.5393529695799131,1,historical_prior,2024
2024-08-30,2024-10-01,1,0.07382236239698847,0.5393529695799131,1,historical_prior,2024
2024-08-31,2024-10-02,1,0.06113510978805725,0.5393529695799131,1,historical_prior,2024
2024-09-01,2024-10-03,1,0.025656952600380256,0.5393529695799131,1,historical_prior,2024
2024-09-02,2024-10-04,1,0.056794370417066364,0.5393529695799131,1,historical_prior,2024
2024-09-03,2024-10-05,1,0.07098561519658997,0.5393529695799131,1,historical_prior,2024
2024-09-04,2024-10-06,1,0.10462815948736215,0.5393529695799131,1,historical_prior,2024
2024-09-05,2024-10-07,1,0.1641299580063884,0.5393529695799131,1,historical_prior,2024
2024-09-06,2024-10-08,1,0.14887411315108356,0.5393529695799131,1,historical_prior,2024
2024-09-07,2024-10-09,1,0.13286963082707381,0.5393529695799131,1,historical_prior,2024
2024-09-08,2024-10-10,1,0.06300619490792836,0.5393529695799131,1,historical_prior,2024
2024-09-09,2024-10-11,1,0.04667934046070865,0.5393529695799131,1,historical_prior,2024
2024-09-10,2024-10-12,1,0.09072499912797793,0.5393529695799131,1,historical_prior,2024
2024-09-11,2024-10-13,1,0.08728227039317726,0.5393529695799131,1,historical_prior,2024
2024-09-12,2024-10-14,1,0.039208410064532684,0.5393529695799131,1,historical_prior,2024
2024-09-13,2024-10-15,1,0.10152814444080338,0.5393529695799131,1,historical_prior,2024
2024-09-14,2024-10-16,1,0.13431204762226878,0.5393529695799131,1,historical_prior,2024
2024-09-15,2024-10-17,1,0.16157645267056941,0.5393529695799131,1,historical_prior,2024
2024-09-16,2024-10-18,1,0.11784645651862857,0.5393529695799131,1,historical_prior,2024
2024-09-17,2024-10-19,1,0.10796651812387248,0.5393529695799131,1,historical_prior,2024
2024-09-18,2024-10-20,1,0.08626151744296884,0.5393529695799131,1,historical_prior,2024
2024-09-19,2024-10-21,1,0.09226033428242086,0.5393529695799131,1,historical_prior,2024
2024-09-20,2024-10-22,1,0.0635926677260894,0.5393529695799131,1,historical_prior,2024
2024-09-21,2024-10-23,1,0.06051156077910291,0.5393529695799131,1,historical_prior,2024
2024-09-22,2024-10-24,1,0.05255226595394147,0.5393529695799131,1,historical_prior,2024
2024-09-23,2024-10-25,1,0.06124190237882954,0.5393529695799131,1,historical_prior,2024
2024-09-24,2024-10-26,1,0.05615514058855764,0.5393529695799131,1,historical_prior,2024
2024-09-25,2024-10-27,1,0.02944073241487888,0.5393529695799131,1,historical_prior,2024
2024-09-26,2024-10-28,1,0.03423660805580675,0.5393529695799131,1,historical_prior,2024
2024-09-27,2024-10-29,1,0.062319080445807806,0.5393529695799131,1,historical_prior,2024
2024-09-28,2024-10-30,1,0.10875276534972045,0.5393529695799131,1,historical_prior,2024
2024-09-29,2024-10-31,1,0.14238894257795964,0.5393529695799131,1,historical_prior,2024
2024-09-30,2024-11-01,1,0.15602503876331064,0.5393529695799131,1,historical_prior,2024
2024-10-01,2024-11-02,1,0.1458670483585376,0.5393529695799131,1,historical_prior,2024
2024-10-02,2024-11-03,1,0.14191990087028206,0.5393529695799131,1,historical_prior,2024
2024-10-03,2024-11-04,1,0.1077535998453758,0.5393529695799131,1,historical_prior,2024
2024-10-04,2024-11-05,1,0.09333202917721639,0.5393529695799131,1,historical_prior,2024
2024-10-05,2024-11-06,1,0.10429973554562544,0.5393529695799131,1,historical_prior,2024
2024-10-06,2024-11-07,1,0.2145149436688507,0.5393529695799131,1,historical_prior,2024
2024-10-07,2024-11-08,1,0.22035520949799303,0.5393529695799131,1,historical_prior,2024
2024-10-08,2024-11-09,1,0.2617878386127319,0.5393529695799131,1,historical_prior,2024
2024-10-09,2024-11-10,1,0.2710431917037981,0.5393529695799131,1,historical_prior,2024
2024-10-10,2024-11-11,1,0.2850979029577714,0.5393529695799131,1,historical_prior,2024
2024-10-11,2024-11-12,1,0.40251997311024557,0.5393529695799131,1,historical_prior,2024
2024-10-12,2024-11-13,1,0.39894976969945306,0.5393529695799131,1,historical_prior,2024
2024-10-13,2024-11-14,1,0.3675808062465953,0.5393529695799131,1,historical_prior,2024
2024-10-14,2024-11-15,1,0.3019263459807311,0.5393529695799131,1,historical_prior,2024
2024-10-15,2024-11-16,1,0.34623010943507837,0.5393529695799131,1,historical_prior,2024
2024-10-16,2024-11-17,1,0.3436011330463242,0.5393529695799131,1,historical_prior,2024
2024-10-17,2024-11-18,1,0.31314656473177105,0.5393529695799131,1,historical_prior,2024
2024-10-18,2024-11-19,1,0.3229998424931766,0.5393529695799131,1,historical_prior,2024
2024-10-19,2024-11-20,1,0.33721752230849456,0.5393529695799131,1,historical_prior,2024
2024-10-20,2024-11-21,1,0.3993775370116137,0.5393529695799131,1,historical_prior,2024
2024-10-21,2024-11-22,1,0.4581482724545023,0.5393529695799131,1,historical_prior,2024
2024-10-22,2024-11-23,1,0.483335870757845,0.5393529695799131,1,historical_prior,2024
2024-10-23,2024-11-24,1,0.4321829571336633,0.5393529695799131,1,historical_prior,2024
2024-10-24,2024-11-25,1,0.4678038367383166,0.5393529695799131,1,historical_prior,2024
2024-10-25,2024-11-26,1,0.386289817261952,0.5393529695799131,1,historical_prior,2024
2024-10-26,2024-11-27,1,0.3519975760672809,0.5393529695799131,1,historical_prior,2024
2024-10-27,2024-11-28,1,0.3702127191236524,0.5393529695799131,1,historical_prior,2024
2024-10-28,2024-11-29,1,0.3149396567688727,0.5393529695799131,1,historical_prior,2024
2024-10-29,2024-11-30,1,0.34716064399973745,0.5393529695799131,1,historical_prior,2024
2024-10-30,2024-12-01,1,0.37153554152171786,0.5393529695799131,1,historical_prior,2024
2024-10-31,2024-12-02,1,0.39842825486358935,0.5393529695799131,1,historical_prior,2024
2024-11-01,2024-12-03,1,0.38149144775173194,0.5393529695799131,1,historical_prior,2024
2024-11-02,2024-12-04,1,0.39365045853938274,0.5393529695799131,1,historical_prior,2024
2024-11-03,2024-12-05,1,0.4530185036081795,0.5393529695799131,1,historical_prior,2024
2024-11-04,2024-12-06,1,0.39747471638777676,0.5393529695799131,1,historical_prior,2024
2024-11-05,2024-12-07,1,0.3198122743624985,0.5393529695799131,1,historical_prior,2024
2024-11-06,2024-12-08,1,0.3160396367470808,0.5393529695799131,1,historical_prior,2024
2024-11-07,2024-12-09,1,0.32152516972340006,0.5393529695799131,1,historical_prior,2024
2024-11-08,2024-12-10,1,0.2686450490144039,0.5393529695799131,1,historical_prior,2024
2024-11-09,2024-12-11,1,0.2018537760540282,0.5393529695799131,1,historical_prior,2024
2024-11-10,2024-12-12,1,0.14074767620250883,0.5393529695799131,1,historical_prior,2024
2024-11-11,2024-12-13,1,0.137032585955976,0.5393529695799131,1,historical_prior,2024
2024-11-12,2024-12-14,1,0.12225730927762157,0.5393529695799131,1,historical_prior,2024
2024-11-13,2024-12-15,1,0.1614006844958047,0.5393529695799131,1,historical_prior,2024
2024-11-14,2024-12-16,1,0.14755139067458423,0.5393529695799131,1,historical_prior,2024
2024-11-15,2024-12-17,1,0.1707806046674183,0.5393529695799131,1,historical_prior,2024
2024-11-16,2024-12-18,1,0.18115388647477904,0.5393529695799131,1,historical_prior,2024
2024-11-17,2024-12-19,1,0.10766639175089066,0.5393529695799131,1,historical_prior,2024
2024-11-18,2024-12-20,1,0.05580127135719759,0.5393529695799131,1,historical_prior,2024
2024-11-19,2024-12-21,1,0.03732111978631947,0.5393529695799131,1,historical_prior,2024
2024-11-20,2024-12-22,0,-0.010426668315752119,0.5393529695799131,1,historical_prior,2024
2024-11-21,2024-12-23,0,-0.03747239412692638,0.5393529695799131,1,historical_prior,2024
2024-11-22,2024-12-24,0,-0.028574397680409147,0.5393529695799131,1,historical_prior,2024
2024-11-23,2024-12-25,1,0.007799076711401121,0.5393529695799131,1,historical_prior,2024
2024-11-24,2024-12-26,1,0.06902052800553404,0.5393529695799131,1,historical_prior,2024
2024-11-25,2024-12-27,1,0.04160749570815736,0.5393529695799131,1,historical_prior,2024
2024-11-26,2024-12-28,0,-0.01631576526152767,0.5393529695799131,1,historical_prior,2024
2024-11-27,2024-12-29,0,-0.0035965668098958403,0.5393529695799131,1,historical_prior,2024
2024-11-28,2024-12-30,0,-0.03818807715986039,0.5393529695799131,1,historical_prior,2024
2024-11-29,2024-12-31,0,-0.03750664234364809,0.5393529695799131,1,historical_prior,2024
2024-11-30,2025-01-01,0,-0.03713704467461443,0.5393529695799131,1,historical_prior,2024
2024-12-01,2025-01-02,0,-0.013030280170378772,0.5393529695799131,1,historical_prior,2024
2024-12-02,2025-01-03,1,0.011842500481743734,0.5393529695799131,1,historical_prior,2024
2024-12-03,2025-01-04,0,-0.004190701197679503,0.5393529695799131,1,historical_prior,2024
2024-12-04,2025-01-05,1,0.013150463821834935,0.5393529695799131,1,historical_prior,2024
2024-12-05,2025-01-06,0,-0.01380808503317188,0.5393529695799131,1,historical_prior,2024
2024-12-06,2025-01-07,1,0.024076551013357594,0.5393529695799131,1,historical_prior,2024
2024-12-07,2025-01-08,0,-0.041094020745804594,0.5393529695799131,1,historical_prior,2024
2024-12-08,2025-01-09,0,-0.022779093157976105,0.5393529695799131,1,historical_prior,2024
2024-12-09,2025-01-10,0,-0.04183025685091046,0.5393529695799131,1,historical_prior,2024
2024-12-10,2025-01-11,0,-0.0632771322620519,0.5393529695799131,1,historical_prior,2024
2024-12-11,2025-01-12,0,-0.05404068165475695,0.5393529695799131,1,historical_prior,2024
2024-12-12,2025-01-13,0,-0.06782569926084725,0.5393529695799131,1,historical_prior,2024
2024-12-13,2025-01-14,0,-0.06787507394991121,0.5393529695799131,1,historical_prior,2024
2024-12-14,2025-01-15,0,-0.07565420390318234,0.5393529695799131,1,historical_prior,2024
2024-12-15,2025-01-16,0,-0.05243608135687172,0.5393529695799131,1,historical_prior,2024
2024-12-16,2025-01-17,0,-0.05791221528610979,0.5393529695799131,1,historical_prior,2024
2024-12-17,2025-01-18,1,0.03865573842803305,0.5393529695799131,1,historical_prior,2024
2024-12-18,2025-01-19,1,0.07279124367214007,0.5393529695799131,1,historical_prior,2024
2024-12-19,2025-01-20,1,0.03605249360362772,0.5393529695799131,1,historical_prior,2024
2024-12-20,2025-01-21,1,0.05106278008469345,0.5393529695799131,1,historical_prior,2024
2024-12-21,2025-01-22,1,0.1151168004464509,0.5393529695799131,1,historical_prior,2024
2024-12-22,2025-01-23,1,0.09301278742835661,0.5393529695799131,1,historical_prior,2024
2024-12-23,2025-01-24,1,0.05317838659412111,0.5393529695799131,1,historical_prior,2024
2024-12-24,2025-01-25,1,0.0547211238181462,0.5393529695799131,1,historical_prior,2024
2024-12-25,2025-01-26,1,0.09348690281820105,0.5393529695799131,1,historical_prior,2024
2024-12-26,2025-01-27,1,0.08824035623696225,0.5393529695799131,1,historical_prior,2024
2024-12-27,2025-01-28,1,0.07117345225603366,0.5393529695799131,1,historical_prior,2024
2024-12-28,2025-01-29,1,0.08104839660334817,0.5393529695799131,1,historical_prior,2024
2024-12-29,2025-01-30,1,0.11791096327756523,0.5393529695799131,1,historical_prior,2024
2024-12-30,2025-01-31,1,0.11912178336325563,0.5393529695799131,1,historical_prior,2024
2024-12-31,2025-02-01,1,0.08285899683883735,0.5393529695799131,1,historical_prior,2024
2025-01-01,2025-02-02,1,0.03764373774485685,0.5547804677882643,1,historical_prior,2025
2025-01-02,2025-02-03,0,-0.0048238757709895275,0.5547804677882643,1,historical_prior,2025
2025-01-03,2025-02-04,1,0.03164308554292794,0.5547804677882643,1,historical_prior,2025
2025-01-04,2025-02-05,0,-0.0061045949818230305,0.5547804677882643,1,historical_prior,2025
2025-01-05,2025-02-06,0,-0.055001975828380734,0.5547804677882643,1,historical_prior,2025
2025-01-06,2025-02-07,0,-0.004128220837381624,0.5547804677882643,1,historical_prior,2025
2025-01-07,2025-02-08,1,0.015213346516501414,0.5547804677882643,1,historical_prior,2025
2025-01-08,2025-02-09,1,0.04205462219330891,0.5547804677882643,1,historical_prior,2025
2025-01-09,2025-02-10,1,0.018333384357637428,0.5547804677882643,1,historical_prior,2025
2025-01-10,2025-02-11,1,0.029924210351396363,0.5547804677882643,1,historical_prior,2025
2025-01-11,2025-02-12,1,0.01304287997248288,0.5547804677882643,1,historical_prior,2025
2025-01-12,2025-02-13,1,0.035265783624902625,0.5547804677882643,1,historical_prior,2025
2025-01-13,2025-02-14,1,0.000489639434615663,0.5547804677882643,1,historical_prior,2025
2025-01-14,2025-02-15,0,-0.029820487803907336,0.5547804677882643,1,historical_prior,2025
2025-01-15,2025-02-16,0,-0.024179370780089138,0.5547804677882643,1,historical_prior,2025
2025-01-16,2025-02-17,0,-0.0764752448344489,0.5547804677882643,1,historical_prior,2025
2025-01-17,2025-02-18,0,-0.08393780074128532,0.5547804677882643,1,historical_prior,2025
2025-01-18,2025-02-19,0,-0.05585455746910861,0.5547804677882643,1,historical_prior,2025
2025-01-19,2025-02-20,0,-0.054915216115783316,0.5547804677882643,1,historical_prior,2025
2025-01-20,2025-02-21,0,-0.07385083747692534,0.5547804677882643,1,historical_prior,2025
2025-01-21,2025-02-22,0,-0.07255724945726727,0.5547804677882643,1,historical_prior,2025
2025-01-22,2025-02-23,0,-0.07082393621039684,0.5547804677882643,1,historical_prior,2025
2025-01-23,2025-02-24,0,-0.08212518466821606,0.5547804677882643,1,historical_prior,2025
2025-01-24,2025-02-25,0,-0.12596062545454823,0.5547804677882643,1,historical_prior,2025
2025-01-25,2025-02-26,0,-0.13583725045437045,0.5547804677882643,1,historical_prior,2025
2025-01-26,2025-02-27,0,-0.1746889266294832,0.5547804677882643,1,historical_prior,2025
2025-01-27,2025-02-28,0,-0.16407820278615037,0.5547804677882643,1,historical_prior,2025
2025-01-28,2025-03-01,0,-0.18685715525157076,0.5547804677882643,1,historical_prior,2025
2025-01-29,2025-03-02,0,-0.17816917668659804,0.5547804677882643,1,historical_prior,2025
2025-01-30,2025-03-03,0,-0.07966030509161603,0.5547804677882643,1,historical_prior,2025
2025-01-31,2025-03-04,0,-0.14323451547890675,0.5547804677882643,1,historical_prior,2025
2025-02-01,2025-03-05,0,-0.10663814824454998,0.5547804677882643,1,historical_prior,2025
2025-02-02,2025-03-06,0,-0.105819280279558,0.5547804677882643,1,historical_prior,2025
2025-02-03,2025-03-07,0,-0.08010442381453786,0.5547804677882643,1,historical_prior,2025
2025-02-04,2025-03-08,0,-0.10154696434537824,0.5547804677882643,1,historical_prior,2025
2025-02-05,2025-03-09,0,-0.10700595053459527,0.5547804677882643,1,historical_prior,2025
2025-02-06,2025-03-10,0,-0.16343221410304776,0.5547804677882643,1,historical_prior,2025
2025-02-07,2025-03-11,0,-0.18506854961000985,0.5547804677882643,1,historical_prior,2025
2025-02-08,2025-03-12,0,-0.14025890823141574,0.5547804677882643,1,historical_prior,2025
2025-02-09,2025-03-13,0,-0.1411329597759724,0.5547804677882643,1,historical_prior,2025
2025-02-10,2025-03-14,0,-0.15308732539478453,0.5547804677882643,1,historical_prior,2025
2025-02-11,2025-03-15,0,-0.14189036476959227,0.5547804677882643,1,historical_prior,2025
2025-02-12,2025-03-16,0,-0.12700473552277647,0.5547804677882643,1,historical_prior,2025
2025-02-13,2025-03-17,0,-0.15308592871398463,0.5547804677882643,1,historical_prior,2025
2025-02-14,2025-03-18,0,-0.13897402748210586,0.5547804677882643,1,historical_prior,2025
2025-02-15,2025-03-19,0,-0.13944394667727578,0.5547804677882643,1,historical_prior,2025
2025-02-16,2025-03-20,0,-0.09327708360022102,0.5547804677882643,1,historical_prior,2025
2025-02-17,2025-03-21,0,-0.11966292240529963,0.5547804677882643,1,historical_prior,2025
2025-02-18,2025-03-22,0,-0.1299152759752069,0.5547804677882643,1,historical_prior,2025
2025-02-19,2025-03-23,0,-0.1471381773929935,0.5547804677882643,1,historical_prior,2025
2025-02-20,2025-03-24,0,-0.1050039617604086,0.5547804677882643,1,historical_prior,2025
2025-02-21,2025-03-25,0,-0.09376235422084134,0.5547804677882643,1,historical_prior,2025
2025-02-22,2025-03-26,0,-0.09209748800099726,0.5547804677882643,1,historical_prior,2025
2025-02-23,2025-03-27,0,-0.05072161574818845,0.5547804677882643,1,historical_prior,2025
2025-02-24,2025-03-28,0,-0.016332584915334736,0.5547804677882643,1,historical_prior,2025
2025-02-25,2025-03-29,1,0.002068721825697839,0.5547804677882643,1,historical_prior,2025
2025-02-26,2025-03-30,0,-0.02431914504046062,0.5547804677882643,1,historical_prior,2025
2025-02-27,2025-03-31,0,-0.0232359355281182,0.5547804677882643,1,historical_prior,2025
2025-02-28,2025-04-01,0,-0.04083609811892319,0.5547804677882643,1,historical_prior,2025
2025-03-01,2025-04-02,0,-0.09665472543277032,0.5547804677882643,1,historical_prior,2025
2025-03-02,2025-04-03,0,-0.042969498438666376,0.5547804677882643,1,historical_prior,2025
2025-03-03,2025-04-04,0,-0.046617755463384314,0.5547804677882643,1,historical_prior,2025
2025-03-04,2025-04-05,0,-0.07412456128733202,0.5547804677882643,1,historical_prior,2025
2025-03-05,2025-04-06,0,-0.07109703477787854,0.5547804677882643,1,historical_prior,2025
2025-03-06,2025-04-07,0,-0.0964466841332905,0.5547804677882643,1,historical_prior,2025
2025-03-07,2025-04-08,0,-0.08187217112571366,0.5547804677882643,1,historical_prior,2025
2025-03-08,2025-04-09,0,-0.054649017371512176,0.5547804677882643,1,historical_prior,2025
2025-03-09,2025-04-10,1,0.05113958928625495,0.5547804677882643,1,historical_prior,2025
2025-03-10,2025-04-11,0,-0.040100929678286046,0.5547804677882643,1,historical_prior,2025
2025-03-11,2025-04-12,0,-0.003062734613669238,0.5547804677882643,1,historical_prior,2025
2025-03-12,2025-04-13,1,0.051298649905110905,0.5547804677882643,1,historical_prior,2025
2025-03-13,2025-04-14,0,-0.002657555637026965,0.5547804677882643,1,historical_prior,2025
2025-03-14,2025-04-15,1,0.003001478329454521,0.5547804677882643,1,historical_prior,2025
2025-03-15,2025-04-16,1,0.01295157392377222,0.5547804677882643,1,historical_prior,2025
2025-03-16,2025-04-17,1,0.0002423520432444093,0.5547804677882643,1,historical_prior,2025
2025-03-17,2025-04-18,1,0.026994972981331244,0.5547804677882643,1,historical_prior,2025
2025-03-18,2025-04-19,0,-0.027303870198637892,0.5547804677882643,1,historical_prior,2025
2025-03-19,2025-04-20,1,0.010135190489861445,0.5547804677882643,1,historical_prior,2025
2025-03-20,2025-04-21,1,0.012967840303089284,0.5547804677882643,1,historical_prior,2025
2025-03-21,2025-04-22,1,0.04384069816302594,0.5547804677882643,1,historical_prior,2025
2025-03-22,2025-04-23,1,0.08550506781285394,0.5547804677882643,1,historical_prior,2025
2025-03-23,2025-04-24,1,0.07077760263758703,0.5547804677882643,1,historical_prior,2025
2025-03-24,2025-04-25,1,0.07537902401202468,0.5547804677882643,1,historical_prior,2025
2025-03-25,2025-04-26,1,0.08893779563192239,0.5547804677882643,1,historical_prior,2025
2025-03-26,2025-04-27,1,0.08478527549691917,0.5547804677882643,1,historical_prior,2025
2025-03-27,2025-04-28,1,0.1104528099584503,0.5547804677882643,1,historical_prior,2025
2025-03-28,2025-04-29,1,0.14958100283211317,0.5547804677882643,1,historical_prior,2025
2025-03-29,2025-04-30,1,0.1440322854715379,0.5547804677882643,1,historical_prior,2025
2025-03-30,2025-05-01,1,0.14078740157480318,0.5547804677882643,1,historical_prior,2025
2025-03-31,2025-05-02,1,0.13306446167639452,0.5547804677882643,1,historical_prior,2025
2025-04-01,2025-05-03,1,0.17415775408198253,0.5547804677882643,1,historical_prior,2025
2025-04-02,2025-05-04,1,0.15193919610484352,0.5547804677882643,1,historical_prior,2025
2025-04-03,2025-05-05,1,0.12382591604922033,0.5547804677882643,1,historical_prior,2025
2025-04-04,2025-05-06,1,0.13401914506202495,0.5547804677882643,1,historical_prior,2025
2025-04-05,2025-05-07,1,0.23465536146882582,0.5547804677882643,1,historical_prior,2025
2025-04-06,2025-05-08,1,0.22570147457329925,0.5547804677882643,1,historical_prior,2025
2025-04-07,2025-05-09,1,0.352965616132193,0.5547804677882643,1,historical_prior,2025
2025-04-08,2025-05-10,1,0.24640459711902962,0.5547804677882643,1,historical_prior,2025
2025-04-09,2025-05-11,1,0.31658189638387424,0.5547804677882643,1,historical_prior,2025
2025-04-10,2025-05-12,1,0.24806065604995586,0.5547804677882643,1,historical_prior,2025
2025-04-11,2025-05-13,1,0.20538279353696098,0.5547804677882643,1,historical_prior,2025
2025-04-12,2025-05-14,1,0.24288108882521486,0.5547804677882643,1,historical_prior,2025
2025-04-13,2025-05-15,1,0.22361859182675148,0.5547804677882643,1,historical_prior,2025
2025-04-14,2025-05-16,1,0.24053993598344614,0.5547804677882643,1,historical_prior,2025
2025-04-15,2025-05-17,1,0.2312677867218973,0.5547804677882643,1,historical_prior,2025
2025-04-16,2025-05-18,1,0.21399852992280444,0.5547804677882643,1,historical_prior,2025
2025-04-17,2025-05-19,1,0.2601911578259528,0.5547804677882643,1,historical_prior,2025
2025-04-18,2025-05-20,1,0.2409197550454294,0.5547804677882643,1,historical_prior,2025
2025-04-19,2025-05-21,1,0.25441363412023854,0.5547804677882643,1,historical_prior,2025
2025-04-20,2025-05-22,1,0.2528419303301719,0.5547804677882643,1,historical_prior,2025
2025-04-21,2025-05-23,1,0.19534081689808946,0.5547804677882643,1,historical_prior,2025
2025-04-22,2025-05-24,1,0.145448547017341,0.5547804677882643,1,historical_prior,2025
2025-04-23,2025-05-25,1,0.14664142454277984,0.5547804677882643,1,historical_prior,2025
2025-04-24,2025-05-26,1,0.151793325942416,0.5547804677882643,1,historical_prior,2025
2025-04-25,2025-05-27,1,0.1564735596229445,0.5547804677882643,1,historical_prior,2025
2025-04-26,2025-05-28,1,0.16201594700077204,0.5547804677882643,1,historical_prior,2025
2025-04-27,2025-05-29,1,0.13441155030386964,0.5547804677882643,1,historical_prior,2025
2025-04-28,2025-05-30,1,0.12023458886051941,0.5547804677882643,1,historical_prior,2025
2025-04-29,2025-05-31,1,0.10420793866542066,0.5547804677882643,1,historical_prior,2025
2025-04-30,2025-06-01,1,0.08396713023850166,0.5547804677882643,1,historical_prior,2025
2025-05-01,2025-06-02,1,0.0903711359805992,0.5547804677882643,1,historical_prior,2025
2025-05-02,2025-06-03,1,0.10433917728202236,0.5547804677882643,1,historical_prior,2025
2025-05-03,2025-06-04,1,0.11772986184100342,0.5547804677882643,1,historical_prior,2025
2025-05-04,2025-06-05,1,0.10517041035458563,0.5547804677882643,1,historical_prior,2025
2025-05-05,2025-06-06,1,0.04827507935744069,0.5547804677882643,1,historical_prior,2025
2025-05-06,2025-06-07,1,0.0748005008734367,0.5547804677882643,1,historical_prior,2025
2025-05-07,2025-06-08,1,0.022181912522959868,0.5547804677882643,1,historical_prior,2025
2025-05-08,2025-06-09,1,0.02682302245494128,0.5547804677882643,1,historical_prior,2025
2025-05-09,2025-06-10,1,0.052032386749563786,0.5547804677882643,1,historical_prior,2025
2025-05-10,2025-06-11,1,0.05912896905434217,0.5547804677882643,1,historical_prior,2025
2025-05-11,2025-06-12,1,0.05694848553360332,0.5547804677882643,1,historical_prior,2025
2025-05-12,2025-06-13,1,0.015062093842564073,0.5547804677882643,1,historical_prior,2025
2025-05-13,2025-06-14,1,0.024720448684896645,0.5547804677882643,1,historical_prior,2025
2025-05-14,2025-06-15,1,0.01591037945732654,0.5547804677882643,1,historical_prior,2025
2025-05-15,2025-06-16,1,0.02058805051810353,0.5547804677882643,1,historical_prior,2025
2025-05-16,2025-06-17,1,0.035566752144087,0.5547804677882643,1,historical_prior,2025
2025-05-17,2025-06-18,0,-0.017877159835862022,0.5547804677882643,1,historical_prior,2025
2025-05-18,2025-06-19,0,-0.006506732309259133,0.5547804677882643,1,historical_prior,2025
2025-05-19,2025-06-20,0,-0.020509218530650464,0.5547804677882643,1,historical_prior,2025
2025-05-20,2025-06-21,0,-0.05787832055363917,0.5547804677882643,1,historical_prior,2025
2025-05-21,2025-06-22,0,-0.0857343247604977,0.5547804677882643,1,historical_prior,2025
2025-05-22,2025-06-23,0,-0.05921105720086883,0.5547804677882643,1,historical_prior,2025
2025-05-23,2025-06-24,0,-0.022530783143207334,0.5547804677882643,1,historical_prior,2025
2025-05-24,2025-06-25,0,-0.026798967379238592,0.5547804677882643,1,historical_prior,2025
2025-05-25,2025-06-26,0,-0.01913642079784872,0.5547804677882643,1,historical_prior,2025
2025-05-26,2025-06-27,0,-0.018277432051594045,0.5547804677882643,1,historical_prior,2025
2025-05-27,2025-06-28,0,-0.0068119119947731566,0.5547804677882643,1,historical_prior,2025
2025-05-28,2025-06-29,1,0.01616672072810088,0.5547804677882643,1,historical_prior,2025
2025-05-29,2025-06-30,1,0.04203914258405517,0.5547804677882643,1,historical_prior,2025
2025-05-30,2025-07-01,1,0.024424745018446936,0.5547804677882643,1,historical_prior,2025
2025-05-31,2025-07-02,1,0.0003615954233757712,0.5547804677882643,1,historical_prior,2025
2025-06-01,2025-07-03,1,0.0282604054488087,0.5547804677882643,1,historical_prior,2025
2025-06-02,2025-07-04,1,0.03993161689136815,0.5547804677882643,1,historical_prior,2025
2025-06-03,2025-07-05,1,0.0313991269652214,0.5547804677882643,1,historical_prior,2025
2025-06-04,2025-07-06,1,0.06590007220071503,0.5547804677882643,1,historical_prior,2025
2025-06-05,2025-07-07,1,0.04713293699023002,0.5547804677882643,1,historical_prior,2025
2025-06-06,2025-07-08,1,0.025681997003377033,0.5547804677882643,1,historical_prior,2025
2025-06-07,2025-07-09,1,0.03016039966705142,0.5547804677882643,1,historical_prior,2025
2025-06-08,2025-07-10,1,0.008806034879146107,0.5547804677882643,1,historical_prior,2025
2025-06-09,2025-07-11,1,0.05201225778714336,0.5547804677882643,1,historical_prior,2025
2025-06-10,2025-07-12,1,0.08175727710942948,0.5547804677882643,1,historical_prior,2025
2025-06-11,2025-07-13,1,0.11117693339770884,0.5547804677882643,1,historical_prior,2025
2025-06-12,2025-07-14,1,0.12275363995391952,0.5547804677882643,1,historical_prior,2025
2025-06-13,2025-07-15,1,0.1368551974237351,0.5547804677882643,1,historical_prior,2025
2025-06-14,2025-07-16,1,0.11519648555855722,0.5547804677882643,1,historical_prior,2025
2025-06-15,2025-07-17,1,0.11082880368498271,0.5547804677882643,1,historical_prior,2025
2025-06-16,2025-07-18,1,0.1398969518944646,0.5547804677882643,1,historical_prior,2025
2025-06-17,2025-07-19,1,0.12430593023201486,0.5547804677882643,1,historical_prior,2025
2025-06-18,2025-07-20,1,0.1259468525230465,0.5547804677882643,1,historical_prior,2025
2025-06-19,2025-07-21,1,0.13521203415594396,0.5547804677882643,1,historical_prior,2025
2025-06-20,2025-07-22,1,0.14943534088614552,0.5547804677882643,1,historical_prior,2025
2025-06-21,2025-07-23,1,0.1880926315522573,0.5547804677882643,1,historical_prior,2025
2025-06-22,2025-07-24,1,0.12742388635609747,0.5547804677882643,1,historical_prior,2025
2025-06-23,2025-07-25,1,0.11555084226501888,0.5547804677882643,1,historical_prior,2025
2025-06-24,2025-07-26,1,0.09571141727467691,0.5547804677882643,1,historical_prior,2025
2025-06-25,2025-07-27,1,0.10260151143939833,0.5547804677882643,1,historical_prior,2025
2025-06-26,2025-07-28,1,0.11553722185966264,0.5547804677882643,1,historical_prior,2025
2025-06-27,2025-07-29,1,0.10033412928755858,0.5547804677882643,1,historical_prior,2025
2025-06-28,2025-07-30,1,0.08853905329359191,0.5547804677882643,1,historical_prior,2025
2025-06-29,2025-07-31,1,0.09980521064101855,0.5547804677882643,1,historical_prior,2025
2025-06-30,2025-08-01,1,0.09540908580368135,0.5547804677882643,1,historical_prior,2025
2025-07-01,2025-08-02,1,0.040866759351137594,0.5547804677882643,1,historical_prior,2025
2025-07-02,2025-08-03,1,0.027025470783941907,0.5547804677882643,1,historical_prior,2025
2025-07-03,2025-08-04,1,0.05764322111789455,0.5547804677882643,1,historical_prior,2025
2025-07-04,2025-08-05,1,0.06337365196363853,0.5547804677882643,1,historical_prior,2025
2025-07-05,2025-08-06,1,0.04510738403453729,0.5547804677882643,1,historical_prior,2025
2025-07-06,2025-08-07,1,0.06215728115271957,0.5547804677882643,1,historical_prior,2025
2025-07-07,2025-08-08,1,0.07848691997896862,0.5547804677882643,1,historical_prior,2025
2025-07-08,2025-08-09,1,0.0489125627056477,0.5547804677882643,1,historical_prior,2025
2025-07-09,2025-08-10,1,0.0038982842946053697,0.5547804677882643,1,historical_prior,2025
2025-07-10,2025-08-11,1,0.01503144025840375,0.5547804677882643,1,historical_prior,2025
2025-07-11,2025-08-12,1,0.010781808891159983,0.5547804677882643,1,historical_prior,2025
2025-07-12,2025-08-13,1,0.008795612270561026,0.5547804677882643,1,historical_prior,2025
2025-07-13,2025-08-14,1,0.02891552210313031,0.5547804677882643,1,historical_prior,2025
2025-07-14,2025-08-15,1,0.00456028155350352,0.5547804677882643,1,historical_prior,2025
2025-07-15,2025-08-16,0,-0.010860618910289888,0.5547804677882643,1,historical_prior,2025
2025-07-16,2025-08-17,0,-0.015077502845334267,0.5547804677882643,1,historical_prior,2025
2025-07-17,2025-08-18,0,-0.004408146748386521,0.5547804677882643,1,historical_prior,2025
2025-07-18,2025-08-19,0,-0.013687710990520019,0.5547804677882643,1,historical_prior,2025
2025-07-19,2025-08-20,0,-0.03745495996208936,0.5547804677882643,1,historical_prior,2025
2025-07-20,2025-08-21,0,-0.02648765091536609,0.5547804677882643,1,historical_prior,2025
2025-07-21,2025-08-22,0,-0.062143849126705786,0.5547804677882643,1,historical_prior,2025
2025-07-22,2025-08-23,0,-0.015325541446326918,0.5547804677882643,1,historical_prior,2025
2025-07-23,2025-08-24,0,-0.024530133179562985,0.5547804677882643,1,historical_prior,2025
2025-07-24,2025-08-25,0,-0.035035872760721065,0.5547804677882643,1,historical_prior,2025
2025-07-25,2025-08-26,0,-0.06621447305075256,0.5547804677882643,1,historical_prior,2025
2025-07-26,2025-08-27,0,-0.06408159874642794,0.5547804677882643,1,historical_prior,2025
2025-07-27,2025-08-28,0,-0.05759932550876534,0.5547804677882643,1,historical_prior,2025
2025-07-28,2025-08-29,0,-0.045644898400391765,0.5547804677882643,1,historical_prior,2025
2025-07-29,2025-08-30,0,-0.08030267067401142,0.5547804677882643,1,historical_prior,2025
2025-07-30,2025-08-31,0,-0.06001637641109203,0.5547804677882643,1,historical_prior,2025
2025-07-31,2025-09-01,0,-0.0445865202114919,0.5547804677882643,1,historical_prior,2025
2025-08-01,2025-09-02,0,-0.029400509212426762,0.5547804677882643,1,historical_prior,2025
2025-08-02,2025-09-03,0,-0.025994492018610482,0.5547804677882643,1,historical_prior,2025
2025-08-03,2025-09-04,0,-0.029110504773237622,0.5547804677882643,1,historical_prior,2025
2025-08-04,2025-09-05,0,-0.029780841542192182,0.5547804677882643,1,historical_prior,2025
2025-08-05,2025-09-06,0,-0.0376744454214184,0.5547804677882643,1,historical_prior,2025
2025-08-06,2025-09-07,0,-0.062006595272644516,0.5547804677882643,1,historical_prior,2025
2025-08-07,2025-09-08,0,-0.047460058621086265,0.5547804677882643,1,historical_prior,2025
2025-08-08,2025-09-09,0,-0.03775489482643524,0.5547804677882643,1,historical_prior,2025
2025-08-09,2025-09-10,0,-0.06494771291194457,0.5547804677882643,1,historical_prior,2025
2025-08-10,2025-09-11,0,-0.03981935527357905,0.5547804677882643,1,historical_prior,2025
2025-08-11,2025-09-12,0,-0.038718402078877,0.5547804677882643,1,historical_prior,2025
2025-08-12,2025-09-13,0,-0.05901581458356919,0.5547804677882643,1,historical_prior,2025
2025-08-13,2025-09-14,0,-0.020092127238755197,0.5547804677882643,1,historical_prior,2025
2025-08-14,2025-09-15,0,-0.017675080474142124,0.5547804677882643,1,historical_prior,2025
2025-08-15,2025-09-16,0,-0.01730225405105068,0.5547804677882643,1,historical_prior,2025
2025-08-16,2025-09-17,0,-0.005247220710598244,0.5547804677882643,1,historical_prior,2025
2025-08-17,2025-09-18,1,0.0018975789198814041,0.5547804677882643,1,historical_prior,2025
2025-08-18,2025-09-19,1,0.037215116642207,0.5547804677882643,1,historical_prior,2025
2025-08-19,2025-09-20,1,0.011911659653965456,0.5547804677882643,1,historical_prior,2025
2025-08-20,2025-09-21,1,0.028316711111111115,0.5547804677882643,1,historical_prior,2025
2025-08-21,2025-09-22,0,-0.014569593623862676,0.5547804677882643,1,historical_prior,2025
2025-08-22,2025-09-23,0,-0.024143423754695692,0.5547804677882643,1,historical_prior,2025
2025-08-23,2025-09-24,0,-0.013170699772559802,0.5547804677882643,1,historical_prior,2025
2025-08-24,2025-09-25,1,0.029016188792536424,0.5547804677882643,1,historical_prior,2025
2025-08-25,2025-09-26,0,-0.024773176721286316,0.5547804677882643,1,historical_prior,2025
2025-08-26,2025-09-27,0,-0.014547193601841202,0.5547804677882643,1,historical_prior,2025
2025-08-27,2025-09-28,0,-0.02603829367247379,0.5547804677882643,1,historical_prior,2025
2025-08-28,2025-09-29,1,0.03493864957085169,0.5547804677882643,1,historical_prior,2025
2025-08-29,2025-09-30,1,0.05050381684440186,0.5547804677882643,1,historical_prior,2025
2025-08-30,2025-10-01,1,0.05360531291768145,0.5547804677882643,1,historical_prior,2025
2025-08-31,2025-10-02,1,0.08566257920934262,0.5547804677882643,1,historical_prior,2025
2025-09-01,2025-10-03,1,0.08350718415073866,0.5547804677882643,1,historical_prior,2025
2025-09-02,2025-10-04,1,0.09423411800219372,0.5547804677882643,1,historical_prior,2025
2025-09-03,2025-10-05,1,0.1053014394269638,0.5547804677882643,1,historical_prior,2025
2025-09-04,2025-10-06,1,0.11587131754925006,0.5547804677882643,1,historical_prior,2025
2025-09-05,2025-10-07,1,0.13132612105240526,0.5547804677882643,1,historical_prior,2025
2025-09-06,2025-10-08,1,0.09173882587626925,0.5547804677882643,1,historical_prior,2025
2025-09-07,2025-10-09,1,0.1003056880354416,0.5547804677882643,1,historical_prior,2025
2025-09-08,2025-10-10,1,0.09068900308553274,0.5547804677882643,1,historical_prior,2025
2025-09-09,2025-10-11,0,-0.010402860652860557,0.5547804677882643,1,historical_prior,2025
2025-09-10,2025-10-12,0,-0.041896235704242835,0.5547804677882643,1,historical_prior,2025
2025-09-11,2025-10-13,0,-0.009226970989510419,0.5547804677882643,1,historical_prior,2025
2025-09-12,2025-10-14,0,-0.006489830034587252,0.5547804677882643,1,historical_prior,2025
2025-09-13,2025-10-15,0,-0.019431930854015733,0.5547804677882643,1,historical_prior,2025
2025-09-14,2025-10-16,0,-0.03976108825934632,0.5547804677882643,1,historical_prior,2025
2025-09-15,2025-10-17,0,-0.07359163057878071,0.5547804677882643,1,historical_prior,2025
2025-09-16,2025-10-18,0,-0.08601224928637441,0.5547804677882643,1,historical_prior,2025
2025-09-17,2025-10-19,0,-0.08446426788361128,0.5547804677882643,1,historical_prior,2025
2025-09-18,2025-10-20,0,-0.060446904193539486,0.5547804677882643,1,historical_prior,2025
2025-09-19,2025-10-21,0,-0.04454779733662695,0.5547804677882643,1,historical_prior,2025
2025-09-20,2025-10-22,0,-0.06017957293046927,0.5547804677882643,1,historical_prior,2025
2025-09-21,2025-10-23,0,-0.04512645650073743,0.5547804677882643,1,historical_prior,2025
2025-09-22,2025-10-24,0,-0.017148487305221116,0.5547804677882643,1,historical_prior,2025
2025-09-23,2025-10-25,0,-0.02031745432166998,0.5547804677882643,1,historical_prior,2025
2025-09-24,2025-10-26,1,0.02432948674744928,0.5547804677882643,1,historical_prior,2025
2025-09-25,2025-10-27,1,0.04483577953486684,0.5547804677882643,1,historical_prior,2025
2025-09-26,2025-10-28,1,0.040787753275958405,0.5547804677882643,1,historical_prior,2025
2025-09-27,2025-10-29,1,0.0065482709419317775,0.5547804677882643,1,historical_prior,2025
2025-09-28,2025-10-30,0,-0.037534739362815595,0.5547804677882643,1,historical_prior,2025
2025-09-29,2025-10-31,0,-0.05020713037753799,0.5547804677882643,1,historical_prior,2025
2025-09-30,2025-11-01,0,-0.07577874916975846,0.5547804677882643,1,historical_prior,2025
2025-10-01,2025-11-02,0,-0.08654531033312629,0.5547804677882643,1,historical_prior,2025
2025-10-02,2025-11-03,0,-0.09565007455890717,0.5547804677882643,1,historical_prior,2025
2025-10-03,2025-11-04,0,-0.12915934416414154,0.5547804677882643,1,historical_prior,2025
2025-10-04,2025-11-05,0,-0.17804241125369213,0.5547804677882643,1,historical_prior,2025
2025-10-05,2025-11-06,0,-0.16664225331052318,0.5547804677882643,1,historical_prior,2025
2025-10-06,2025-11-07,0,-0.16472786949234575,0.5547804677882643,1,historical_prior,2025
2025-10-07,2025-11-08,0,-0.1619298199657908,0.5547804677882643,1,historical_prior,2025
2025-10-08,2025-11-09,0,-0.15904222183335026,0.5547804677882643,1,historical_prior,2025
2025-10-09,2025-11-10,0,-0.07139504687629272,0.5547804677882643,1,historical_prior,2025
2025-10-10,2025-11-11,0,-0.04187532310717934,0.5547804677882643,1,historical_prior,2025
2025-10-11,2025-11-12,0,-0.10351368459711785,0.5547804677882643,1,historical_prior,2025
2025-10-12,2025-11-13,0,-0.1173230814650158,0.5547804677882643,1,historical_prior,2025
2025-10-13,2025-11-14,0,-0.11798921206605828,0.5547804677882643,1,historical_prior,2025
2025-10-14,2025-11-15,0,-0.14598050906401472,0.5547804677882643,1,historical_prior,2025
2025-10-15,2025-11-16,0,-0.11643906835361995,0.5547804677882643,1,historical_prior,2025
2025-10-16,2025-11-17,0,-0.11434781448531106,0.5547804677882643,1,historical_prior,2025
2025-10-17,2025-11-18,0,-0.13966375892149085,0.5547804677882643,1,historical_prior,2025
2025-10-18,2025-11-19,0,-0.14434407370136093,0.5547804677882643,1,historical_prior,2025
2025-10-19,2025-11-20,0,-0.17168887333985983,0.5547804677882643,1,historical_prior,2025
2025-10-20,2025-11-21,0,-0.20000838429934686,0.5547804677882643,1,historical_prior,2025
2025-10-21,2025-11-22,0,-0.2085949792432562,0.5547804677882643,1,historical_prior,2025
2025-10-22,2025-11-23,0,-0.23018583426925898,0.5547804677882643,1,historical_prior,2025
2025-10-23,2025-11-24,0,-0.21778227807961625,0.5547804677882643,1,historical_prior,2025
2025-10-24,2025-11-25,0,-0.2091091802708681,0.5547804677882643,1,historical_prior,2025
2025-10-25,2025-11-26,0,-0.23733921115690104,0.5547804677882643,1,historical_prior,2025
2025-10-26,2025-11-27,0,-0.20702941476754622,0.5547804677882643,1,historical_prior,2025
2025-10-27,2025-11-28,0,-0.19100795369714585,0.5547804677882643,1,historical_prior,2025
2025-10-28,2025-11-29,0,-0.17388078490255976,0.5547804677882643,1,historical_prior,2025
2025-10-29,2025-11-30,0,-0.1617426680072268,0.5547804677882643,1,historical_prior,2025
2025-10-30,2025-12-01,0,-0.17560760386033836,0.5547804677882643,1,historical_prior,2025
2025-10-31,2025-12-02,0,-0.21628066242741706,0.5547804677882643,1,historical_prior,2025
2025-11-01,2025-12-03,0,-0.1742599037512793,0.5547804677882643,1,historical_prior,2025
2025-11-02,2025-12-04,0,-0.1234070520594035,0.5547804677882643,1,historical_prior,2025
2025-11-03,2025-12-05,0,-0.09280223706597701,0.5547804677882643,1,historical_prior,2025
2025-11-04,2025-12-06,0,-0.14010778825387582,0.5547804677882643,1,historical_prior,2025
2025-11-05,2025-12-07,0,-0.11948409627055967,0.5547804677882643,1,historical_prior,2025
2025-11-06,2025-12-08,0,-0.12525531238953225,0.5547804677882643,1,historical_prior,2025
2025-11-07,2025-12-09,0,-0.11414586325582432,0.5547804677882643,1,historical_prior,2025
2025-11-08,2025-12-10,0,-0.11500955616701014,0.5547804677882643,1,historical_prior,2025
2025-11-09,2025-12-11,0,-0.13202151509940507,0.5547804677882643,1,historical_prior,2025
2025-11-10,2025-12-12,0,-0.10232604624535457,0.5547804677882643,1,historical_prior,2025
2025-11-11,2025-12-13,0,-0.1120063997248717,0.5547804677882643,1,historical_prior,2025
2025-11-12,2025-12-14,0,-0.09481229342004571,0.5547804677882643,1,historical_prior,2025
2025-11-13,2025-12-15,0,-0.06788844958454021,0.5547804677882643,1,historical_prior,2025
2025-11-14,2025-12-16,0,-0.09586308999842352,0.5547804677882643,1,historical_prior,2025
2025-11-15,2025-12-17,0,-0.0678752554729426,0.5547804677882643,1,historical_prior,2025
2025-11-16,2025-12-18,0,-0.06476062390622628,0.5547804677882643,1,historical_prior,2025
2025-11-17,2025-12-19,0,-0.08008125572889135,0.5547804677882643,1,historical_prior,2025
2025-11-18,2025-12-20,0,-0.03733287634006954,0.5547804677882643,1,historical_prior,2025
2025-11-19,2025-12-21,1,0.01989549064478302,0.5547804677882643,1,historical_prior,2025
2025-11-20,2025-12-22,1,0.04145981494999029,0.5547804677882643,1,historical_prior,2025
2025-11-21,2025-12-23,1,0.04579952147604871,0.5547804677882643,1,historical_prior,2025
2025-11-22,2025-12-24,1,0.007554992514108072,0.5547804677882643,1,historical_prior,2025
2025-11-23,2025-12-25,0,-0.007141222294312244,0.5547804677882643,1,historical_prior,2025
2025-11-24,2025-12-26,0,-0.0016561754570820764,0.5547804677882643,1,historical_prior,2025
2025-11-25,2025-12-27,0,-0.0344198936364557,0.5547804677882643,1,historical_prior,2025
2025-11-26,2025-12-28,0,-0.037849456620397626,0.5547804677882643,1,historical_prior,2025
2025-11-27,2025-12-29,0,-0.03232453569787275,0.5547804677882643,1,historical_prior,2025
2025-11-28,2025-12-30,0,-0.039264473509742714,0.5547804677882643,1,historical_prior,2025
2025-11-29,2025-12-31,0,-0.020744906956074893,0.5547804677882643,1,historical_prior,2025
2025-11-30,2026-01-01,1,0.015787031988152123,0.5547804677882643,1,historical_prior,2025
2025-12-01,2026-01-02,0,-0.02671874061930446,0.5547804677882643,1,historical_prior,2025
2025-12-02,2026-01-03,0,-0.03676347894866683,0.5547804677882643,1,historical_prior,2025
2025-12-03,2026-01-04,0,-0.015748051164414245,0.5547804677882643,1,historical_prior,2025
2025-12-04,2026-01-05,1,0.024624415258293952,0.5547804677882643,1,historical_prior,2025
2025-12-05,2026-01-06,1,0.0518049728363188,0.5547804677882643,1,historical_prior,2025
2025-12-06,2026-01-07,1,0.03708875636482056,0.5547804677882643,1,historical_prior,2025
2025-12-07,2026-01-08,1,0.008052245092506238,0.5547804677882643,1,historical_prior,2025
2025-12-08,2026-01-09,0,-0.017035285627858165,0.5547804677882643,1,historical_prior,2025
2025-12-09,2026-01-10,0,-0.014933481772286372,0.5547804677882643,1,historical_prior,2025
2025-12-10,2026-01-11,0,-0.021712318801885844,0.5547804677882643,1,historical_prior,2025
2025-12-11,2026-01-12,1,0.008255710218954881,0.5547804677882643,1,historical_prior,2025
2025-12-12,2026-01-13,1,0.011704343971631115,0.5547804677882643,1,historical_prior,2025
2025-12-13,2026-01-14,1,0.08213284102374274,0.5547804677882643,1,historical_prior,2025
2025-12-14,2026-01-15,1,0.12171059634339465,0.5547804677882643,1,historical_prior,2025
2025-12-15,2026-01-16,1,0.08810696327243317,0.5547804677882643,1,historical_prior,2025
2025-12-16,2026-01-17,1,0.10792394950884843,0.5547804677882643,1,historical_prior,2025
2025-12-17,2026-01-18,1,0.11262586911681627,0.5547804677882643,1,historical_prior,2025
2025-12-18,2026-01-19,1,0.06281349649607804,0.5547804677882643,1,historical_prior,2025
2025-12-19,2026-01-20,1,0.04832544164608543,0.5547804677882643,1,historical_prior,2025
2025-12-20,2026-01-21,0,-0.0026078608942341486,0.5547804677882643,1,historical_prior,2025
2025-12-21,2026-01-22,1,0.009410207243695234,0.5547804677882643,1,historical_prior,2025
2025-12-22,2026-01-23,1,0.023702992478796592,0.5547804677882643,1,historical_prior,2025
2025-12-23,2026-01-24,1,0.022023866013059834,0.5547804677882643,1,historical_prior,2025
2025-12-24,2026-01-25,1,0.022929937620141505,0.5547804677882643,1,historical_prior,2025
2025-12-25,2026-01-26,0,-0.008002787240773523,0.5547804677882643,1,historical_prior,2025
2025-12-26,2026-01-27,1,0.005349295037381907,0.5547804677882643,1,historical_prior,2025
2025-12-27,2026-01-28,1,0.01474974449337596,0.5547804677882643,1,historical_prior,2025
2025-12-28,2026-01-29,1,0.02364669722628432,0.5547804677882643,1,historical_prior,2025
2025-12-29,2026-01-30,0,-0.04334427674590746,0.5547804677882643,1,historical_prior,2025
2025-12-30,2026-01-31,0,-0.03865121717830866,0.5547804677882643,1,historical_prior,2025
2025-12-31,2026-02-01,0,-0.11366566841946191,0.5547804677882643,1,historical_prior,2025
2026-01-01,2026-02-02,0,-0.1447513721296505,0.5417558886509636,1,historical_prior,2026
2026-01-02,2026-02-03,0,-0.13118913236647245,0.5417558886509636,1,historical_prior,2026
2026-01-03,2026-02-04,0,-0.17217933755738846,0.5417558886509636,1,historical_prior,2026
2026-01-04,2026-02-05,0,-0.2204766027936802,0.5417558886509636,1,historical_prior,2026
2026-01-05,2026-02-06,0,-0.328946856129258,0.5417558886509636,1,historical_prior,2026
2026-01-06,2026-02-07,0,-0.22748416884695277,0.5417558886509636,1,historical_prior,2026
2026-01-07,2026-02-08,0,-0.23941416026344686,0.5417558886509636,1,historical_prior,2026
2026-01-08,2026-02-09,0,-0.22407993621448596,0.5417558886509636,1,historical_prior,2026
2026-01-09,2026-02-10,0,-0.22503472195366647,0.5417558886509636,1,historical_prior,2026
2026-01-10,2026-02-11,0,-0.24361595830779692,0.5417558886509636,1,historical_prior,2026
2026-01-11,2026-02-12,0,-0.26522111544620686,0.5417558886509636,1,historical_prior,2026
2026-01-12,2026-02-13,0,-0.3054250220538939,0.5417558886509636,1,historical_prior,2026
2026-01-13,2026-02-14,0,-0.2898122138654906,0.5417558886509636,1,historical_prior,2026
2026-01-14,2026-02-15,0,-0.269671264447887,0.5417558886509636,1,historical_prior,2026
2026-01-15,2026-02-16,0,-0.2796241460314258,0.5417558886509636,1,historical_prior,2026
2026-01-16,2026-02-17,0,-0.2759427782700531,0.5417558886509636,1,historical_prior,2026
2026-01-17,2026-02-18,0,-0.2793716533896482,0.5417558886509636,1,historical_prior,2026
2026-01-18,2026-02-19,0,-0.28251873374126746,0.5417558886509636,1,historical_prior,2026
2026-01-19,2026-02-20,0,-0.2422763420404883,0.5417558886509636,1,historical_prior,2026
2026-01-20,2026-02-21,0,-0.23961538981784414,0.5417558886509636,1,historical_prior,2026
2026-01-21,2026-02-22,0,-0.24099851629661917,0.5417558886509636,1,historical_prior,2026
2026-01-22,2026-02-23,0,-0.24505364158541498,0.5417558886509636,1,historical_prior,2026
2026-01-23,2026-02-24,0,-0.2753626940508156,0.5417558886509636,1,historical_prior,2026
2026-01-24,2026-02-25,0,-0.2608989970735093,0.5417558886509636,1,historical_prior,2026
2026-01-25,2026-02-26,0,-0.23044383583475547,0.5417558886509636,1,historical_prior,2026
2026-01-26,2026-02-27,0,-0.24386333264575155,0.5417558886509636,1,historical_prior,2026
2026-01-27,2026-02-28,0,-0.2623506159014558,0.5417558886509636,1,historical_prior,2026
2026-01-28,2026-03-01,0,-0.20882299572735608,0.5417558886509636,1,historical_prior,2026
2026-01-29,2026-03-02,0,-0.21936755656565066,0.5417558886509636,1,historical_prior,2026
2026-01-30,2026-03-03,0,-0.12586870135164496,0.5417558886509636,1,historical_prior,2026
2026-01-31,2026-03-04,0,-0.11212692719150852,0.5417558886509636,1,historical_prior,2026
2026-02-01,2026-03-05,0,-0.07711376631029765,0.5417558886509636,1,historical_prior,2026
2026-02-02,2026-03-06,0,-0.06439456878897398,0.5417558886509636,1,historical_prior,2026
2026-02-03,2026-03-07,0,-0.06904615596568009,0.5417558886509636,1,historical_prior,2026
2026-02-04,2026-03-08,1,0.069194865606939,0.5417558886509636,1,historical_prior,2026
2026-02-05,2026-03-09,0,-0.06530239474889998,0.5417558886509636,1,historical_prior,2026
2026-02-06,2026-03-10,0,-0.012371450339352053,0.5417558886509636,1,historical_prior,2026
2026-02-07,2026-03-11,0,-0.005427810854996218,0.5417558886509636,1,historical_prior,2026
2026-02-08,2026-03-12,1,0.0007679146824830507,0.5417558886509636,1,historical_prior,2026
2026-02-09,2026-03-13,1,0.024695357204282065,0.5417558886509636,1,historical_prior,2026
2026-02-10,2026-03-14,1,0.05735458357855361,0.5417558886509636,1,historical_prior,2026
2026-02-11,2026-03-15,1,0.07453777354808211,0.5417558886509636,1,historical_prior,2026
2026-02-12,2026-03-16,1,0.05753161364551662,0.5417558886509636,1,historical_prior,2026
2026-02-13,2026-03-17,1,0.07249379645142406,0.5417558886509636,1,historical_prior,2026
2026-02-14,2026-03-18,1,0.07375546961112467,0.5417558886509636,1,historical_prior,2026
2026-02-15,2026-03-19,1,0.03417095318019725,0.5417558886509636,1,historical_prior,2026
2026-02-16,2026-03-20,1,0.03594612547612308,0.5417558886509636,1,historical_prior,2026
2026-02-17,2026-03-21,1,0.06093393117768309,0.5417558886509636,1,historical_prior,2026
2026-02-18,2026-03-22,1,0.028571394458189125,0.5417558886509636,1,historical_prior,2026
2026-02-19,2026-03-23,0,-0.0023669508967950614,0.5417558886509636,1,historical_prior,2026
2026-02-20,2026-03-24,1,0.043111142429386407,0.5417558886509636,1,historical_prior,2026
2026-02-21,2026-03-25,1,0.043069248894829215,0.5417558886509636,1,historical_prior,2026
2026-02-22,2026-03-26,1,0.10332403747153585,0.5417558886509636,1,historical_prior,2026
2026-02-23,2026-03-27,1,0.0743412040466358,0.5417558886509636,1,historical_prior,2026
2026-02-24,2026-03-28,0,-0.023250559951426664,0.5417558886509636,1,historical_prior,2026
2026-02-25,2026-03-29,0,-0.016420639847053997,0.5417558886509636,1,historical_prior,2026
2026-02-26,2026-03-30,1,0.0021077211911750826,0.5417558886509636,1,historical_prior,2026
2026-02-27,2026-03-31,0,-0.0026261227242034835,0.5417558886509636,1,historical_prior,2026
2026-02-28,2026-04-01,1,0.0381292826858477,0.5417558886509636,1,historical_prior,2026
2026-03-01,2026-04-02,0,-0.010404465723261036,0.5417558886509636,1,historical_prior,2026
2026-03-02,2026-04-03,0,-0.021013488686603354,0.5417558886509636,1,historical_prior,2026
2026-03-03,2026-04-04,0,-0.0784743838208305,0.5417558886509636,1,historical_prior,2026
2026-03-04,2026-04-05,0,-0.05064957451592611,0.5417558886509636,1,historical_prior,2026
2026-03-05,2026-04-06,1,0.013509113101825232,0.5417558886509636,1,historical_prior,2026
2026-03-06,2026-04-07,1,0.023649735047145626,0.5417558886509636,1,historical_prior,2026
2026-03-07,2026-04-08,1,0.09023664871944126,0.5417558886509636,1,historical_prior,2026
2026-03-08,2026-04-09,1,0.03854576561663392,0.5417558886509636,1,historical_prior,2026
2026-03-09,2026-04-10,1,0.026295579156363713,0.5417558886509636,1,historical_prior,2026
2026-03-10,2026-04-11,1,0.03947537506485799,0.5417558886509636,1,historical_prior,2026
2026-03-11,2026-04-12,1,0.035466011844969225,0.5417558886509636,1,historical_prior,2026
2026-03-12,2026-04-13,0,-0.002656844401967451,0.5417558886509636,1,historical_prior,2026
2026-03-13,2026-04-14,1,0.04502123590212048,0.5417558886509636,1,historical_prior,2026
2026-03-14,2026-04-15,1,0.018077257167969707,0.5417558886509636,1,historical_prior,2026
2026-03-15,2026-04-16,0,-0.000997266863831947,0.5417558886509636,1,historical_prior,2026
2026-03-16,2026-04-17,1,0.016843737133735548,0.5417558886509636,1,historical_prior,2026
2026-03-17,2026-04-18,1,0.08176480124300745,0.5417558886509636,1,historical_prior,2026
2026-03-18,2026-04-19,1,0.08239309561088293,0.5417558886509636,1,historical_prior,2026
2026-03-19,2026-04-20,1,0.04667474014238704,0.5417558886509636,1,historical_prior,2026
2026-03-20,2026-04-21,1,0.10045036051476752,0.5417558886509636,1,historical_prior,2026
2026-03-21,2026-04-22,1,0.12492285474292286,0.5417558886509636,1,historical_prior,2026
2026-03-22,2026-04-23,1,0.10255442205892429,0.5417558886509636,1,historical_prior,2026
2026-03-23,2026-04-24,1,0.10914251423747734,0.5417558886509636,1,historical_prior,2026
2026-03-24,2026-04-25,1,0.0855185975544368,0.5417558886509636,1,historical_prior,2026
2026-03-25,2026-04-26,1,0.1279373777886208,0.5417558886509636,1,historical_prior,2026
2026-03-26,2026-04-27,1,0.18447179285162707,0.5417558886509636,1,historical_prior,2026
2026-03-27,2026-04-28,1,0.16563377939118729,0.5417558886509636,1,historical_prior,2026
2026-03-28,2026-04-29,1,0.1565172616110697,0.5417558886509636,1,historical_prior,2026
2026-03-29,2026-04-30,1,0.13447563362515114,0.5417558886509636,1,historical_prior,2026
2026-03-30,2026-05-01,1,0.11806619629142712,0.5417558886509636,1,historical_prior,2026
2026-03-31,2026-05-02,1,0.14853366242906008,0.5417558886509636,1,historical_prior,2026
2026-04-01,2026-05-03,1,0.1761509635214138,0.5417558886509636,1,historical_prior,2026
2026-04-02,2026-05-04,1,0.17329071957606068,0.5417558886509636,1,historical_prior,2026
2026-04-03,2026-05-05,1,0.18663464507353744,0.5417558886509636,1,historical_prior,2026
2026-04-04,2026-05-06,1,0.17196336655262656,0.5417558886509636,1,historical_prior,2026
2026-04-05,2026-05-07,1,0.1829002263641466,0.5417558886509636,1,historical_prior,2026
2026-04-06,2026-05-08,1,0.11236520882673462,0.5417558886509636,1,historical_prior,2026
2026-04-07,2026-05-09,1,0.1283700434206141,0.5417558886509636,1,historical_prior,2026
2026-04-08,2026-05-10,1,0.12384287731734478,0.5417558886509636,1,historical_prior,2026
2026-04-09,2026-05-11,1,0.12674090641644198,0.5417558886509636,1,historical_prior,2026
2026-04-10,2026-05-12,1,0.11914188816584614,0.5417558886509636,1,historical_prior,2026
2026-04-11,2026-05-13,1,0.13800812422004838,0.5417558886509636,1,historical_prior,2026
2026-04-12,2026-05-14,1,0.0657852938805128,0.5417558886509636,1,historical_prior,2026
2026-04-13,2026-05-15,1,0.09386624183630321,0.5417558886509636,1,historical_prior,2026
2026-04-14,2026-05-16,1,0.05752186305599016,0.5417558886509636,1,historical_prior,2026
2026-04-15,2026-05-17,1,0.03983499010302549,0.5417558886509636,1,historical_prior,2026
2026-04-16,2026-05-18,1,0.005003891814940431,0.5417558886509636,1,historical_prior,2026
2026-04-17,2026-05-19,1,0.017308621176202132,0.5417558886509636,1,historical_prior,2026
2026-04-18,2026-05-20,1,0.04109059670631332,0.5417558886509636,1,historical_prior,2026
2026-04-19,2026-05-21,1,0.022563925540509455,0.5417558886509636,1,historical_prior,2026
2026-04-20,2026-05-22,1,0.016759820446776708,0.5417558886509636,1,historical_prior,2026
2026-04-21,2026-05-23,0,-0.03375262317305261,0.5417558886509636,1,historical_prior,2026
2026-04-22,2026-05-24,0,-0.019237522087345416,0.5417558886509636,1,historical_prior,2026
2026-04-23,2026-05-25,0,-0.004806092374549542,0.5417558886509636,1,historical_prior,2026
2026-04-24,2026-05-26,0,-0.0039032528180354964,0.5417558886509636,1,historical_prior,2026
2026-04-25,2026-05-27,0,-0.03467613725573715,0.5417558886509636,1,historical_prior,2026
2026-04-26,2026-05-28,0,-0.03776606111928826,0.5417558886509636,1,historical_prior,2026
2026-04-27,2026-05-29,0,-0.03569767828732451,0.5417558886509636,1,historical_prior,2026
2026-04-28,2026-05-30,0,-0.03060464502507254,0.5417558886509636,1,historical_prior,2026
2026-04-29,2026-05-31,0,-0.03225029857264072,0.5417558886509636,1,historical_prior,2026
2026-04-30,2026-06-01,0,-0.058247145349939355,0.5417558886509636,1,historical_prior,2026
2026-05-01,2026-06-02,0,-0.09249246760957741,0.5417558886509636,1,historical_prior,2026
2026-05-02,2026-06-03,0,-0.15028577581521785,0.5417558886509636,1,historical_prior,2026
2026-05-03,2026-06-04,0,-0.19682020049583637,0.5417558886509636,1,historical_prior,2026
2026-05-04,2026-06-05,0,-0.2103631235096044,0.5417558886509636,1,historical_prior,2026
2026-05-05,2026-06-06,0,-0.2503534506668814,0.5417558886509636,1,historical_prior,2026
2026-05-06,2026-06-07,0,-0.23899932505062116,0.5417558886509636,1,historical_prior,2026
2026-05-07,2026-06-08,0,-0.21025690713349932,0.5417558886509636,1,historical_prior,2026
2026-05-08,2026-06-09,0,-0.21805598300710194,0.5417558886509636,1,historical_prior,2026
2026-05-09,2026-06-10,0,-0.2491187515106118,0.5417558886509636,1,historical_prior,2026
2026-05-10,2026-06-11,0,-0.24753204023308395,0.5417558886509636,1,historical_prior,2026
2026-05-11,2026-06-12,0,-0.20965879285957667,0.5417558886509636,1,historical_prior,2026
2026-05-12,2026-06-13,0,-0.19837213310552881,0.5417558886509636,1,historical_prior,2026
2026-05-13,2026-06-14,0,-0.20510531508200758,0.5417558886509636,1,historical_prior,2026
2026-05-14,2026-06-15,0,-0.1689572662969011,0.5417558886509636,1,historical_prior,2026
2026-05-15,2026-06-16,0,-0.1512425453994053,0.5417558886509636,1,historical_prior,2026
2026-05-16,2026-06-17,0,-0.15211727902478855,0.5417558886509636,1,historical_prior,2026
2026-05-17,2026-06-18,0,-0.16223603891229676,0.5417558886509636,1,historical_prior,2026
2026-05-18,2026-06-19,0,-0.18060084056143633,0.5417558886509636,1,historical_prior,2026
2026-05-19,2026-06-20,0,-0.1806310172343185,0.5417558886509636,1,historical_prior,2026
2026-05-20,2026-06-21,0,-0.17158308029115832,0.5417558886509636,1,historical_prior,2026
2026-05-21,2026-06-22,0,-0.1618689559766745,0.5417558886509636,1,historical_prior,2026
2026-05-22,2026-06-23,0,-0.16588479779028553,0.5417558886509636,1,historical_prior,2026
2026-05-23,2026-06-24,0,-0.18595208509807837,0.5417558886509636,1,historical_prior,2026
2026-05-24,2026-06-25,0,-0.21008261425175057,0.5417558886509636,1,historical_prior,2026
2026-05-25,2026-06-26,0,-0.21250319866940615,0.5417558886509636,1,historical_prior,2026
2026-05-26,2026-06-27,0,-0.19277599752099783,0.5417558886509636,1,historical_prior,2026
2026-05-27,2026-06-28,0,-0.18458255589158667,0.5417558886509636,1,historical_prior,2026
2026-05-28,2026-06-29,0,-0.18899567905486436,0.5417558886509636,1,historical_prior,2026
2026-05-29,2026-06-30,0,-0.1843986509733181,0.5417558886509636,1,historical_prior,2026
2026-05-30,2026-07-01,0,-0.2042728823407971,0.5417558886509636,1,historical_prior,2026
2026-05-31,2026-07-02,0,-0.15943250771262396,0.5417558886509636,1,historical_prior,2026
2026-06-01,2026-07-03,0,-0.07790255485101738,0.5417558886509636,1,historical_prior,2026
2026-06-02,2026-07-04,0,-0.024312802304235492,0.5417558886509636,1,historical_prior,2026
2026-06-03,2026-07-05,0,-0.011614126978387485,0.5417558886509636,1,historical_prior,2026
2026-06-04,2026-07-06,1,0.04247772594779886,0.5417558886509636,1,historical_prior,2026
2026-06-05,2026-07-07,1,0.05187369158253752,0.5417558886509636,1,historical_prior,2026
2026-06-06,2026-07-08,1,0.0005051158174198545,0.5417558886509636,1,historical_prior,2026
2026-06-07,2026-07-09,0,-0.012617537964049075,0.5417558886509636,1,historical_prior,2026
2026-06-08,2026-07-10,1,0.024299530212214426,0.5417558886509636,1,historical_prior,2026
2026-06-09,2026-07-11,1,0.04309360002171969,0.5417558886509636,1,historical_prior,2026
2026-06-10,2026-07-12,1,0.0030335083142112307,0.5417558886509636,1,historical_prior,2026
2026-06-11,2026-07-13,1,0.003145643284051536,0.5417558886509636,1,historical_prior,2026
2026-06-12,2026-07-14,0,-0.03294377223249689,0.5417558886509636,1,historical_prior,2026
2026-06-13,2026-07-15,0,-0.01068437915659326,0.5417558886509636,1,historical_prior,2026
2026-06-14,2026-07-16,0,-0.023707068760841943,0.5417558886509636,1,historical_prior,2026
2026-06-15,2026-07-17,0,-0.02809013229078583,0.5417558886509636,1,historical_prior,2026
2026-06-16,2026-07-18,0,-0.008955749084629594,0.5417558886509636,1,historical_prior,2026
2026-06-17,2026-07-19,1,0.02980081486057129,0.5417558886509636,1,historical_prior,2026
2026-06-18,2026-07-20,1,0.018548593964172744,0.5417558886509636,1,historical_prior,2026
2026-06-19,2026-07-21,1,0.014891596178482125,0.5417558886509636,1,historical_prior,2026
2026-06-20,2026-07-22,1,0.05124068107151869,0.5417558886509636,1,historical_prior,2026
2026-06-21,2026-07-23,1,0.03271617733268073,0.5417558886509636,1,historical_prior,2026
2026-06-22,2026-07-24,1,0.0376891082540296,0.5417558886509636,1,historical_prior,2026
2026-06-23,2026-07-25,1,0.05013261730901464,0.5417558886509636,1,historical_prior,2026
2026-06-24,2026-07-26,1,0.07660168202367301,0.5417558886509636,1,historical_prior,2026
2026-06-25,2026-07-27,1,0.08823578841434898,0.5417558886509636,1,historical_prior,2026
2026-06-26,2026-07-28,1,0.062084148980634524,0.5417558886509636,1,historical_prior,2026
2026-06-27,2026-07-29,1,0.07281315393303545,0.5417558886509636,1,historical_prior,2026
2026-06-28,2026-07-30,1,0.061800159972917434,0.5417558886509636,1,historical_prior,2026
2026-06-29,2026-07-31,1,0.10499531682118346,0.5417558886509636,1,historical_prior,2026
2026-06-30,2026-08-01,1,0.0477122484339596,0.5417558886509636,1,historical_prior,2026
2026-07-01,2026-08-02,1,0.02052712800519818,0.5417558886509636,1,historical_prior,2026
2026-07-02,2026-08-03,1,0.01576699583882335,0.5417558886509636,1,historical_prior,2026
2026-07-03,2026-08-04,1,0.005954484043696251,0.5417558886509636,1,historical_prior,2026
2026-07-04,2026-08-05,1,0.007172661873894537,0.5417558886509636,1,historical_prior,2026
2026-07-05,2026-08-06,1,0.009717075717803558,0.5417558886509636,1,historical_prior,2026
2026-07-06,2026-08-07,1,0.01514440376238868,0.5417558886509636,1,historical_prior,2026
2026-07-07,2026-08-08,1,0.042273070754042186,0.5417558886509636,1,historical_prior,2026
2026-07-08,2026-08-09,1,0.027401387410819655,0.5417558886509636,1,historical_prior,2026
2026-07-09,2026-08-10,1,0.011531330519194194,0.5417558886509636,1,historical_prior,2026
2026-07-10,2026-08-11,1,0.002366066161164193,0.5417558886509636,1,historical_prior,2026
2026-07-11,2026-08-12,0,-0.002822044528065226,0.5417558886509636,1,historical_prior,2026
2026-07-12,2026-08-13,1,0.018376174228982523,0.5417558886509636,1,historical_prior,2026
2026-07-13,2026-08-14,0,-0.023878147696658747,0.5417558886509636,1,historical_prior,2026
2026-07-14,2026-08-15,0,-0.026448708912865326,0.5417558886509636,1,historical_prior,2026
2026-07-15,2026-08-16,0,-0.011658901272438404,0.5417558886509636,1,historical_prior,2026
2026-07-16,2026-08-17,0,-0.01613707259641428,0.5417558886509636,1,historical_prior,2026
2026-07-17,2026-08-18,0,-0.004659577096720935,0.5417558886509636,1,historical_prior,2026
2026-07-18,2026-08-19,1,4.434312306900168e-05,0.5417558886509636,1,historical_prior,2026
2026-07-19,2026-08-20,1,0.06251226907888685,0.5417558886509636,1,historical_prior,2026
2026-07-20,2026-08-21,1,0.09722422345643511,0.5417558886509636,1,historical_prior,2026
2026-07-21,2026-08-22,1,0.1848842538323665,0.5417558886509636,1,historical_prior,2026
2026-07-22,2026-08-23,1,0.1839654016084431,0.5417558886509636,1,historical_prior,2026
2026-07-23,2026-08-24,1,0.21194262550670406,0.5417558886509636,1,historical_prior,2026
2026-07-24,2026-08-25,1,0.2270718093869033,0.5417558886509636,1,historical_prior,2026
2026-07-25,2026-08-26,1,0.20090412844036698,0.5417558886509636,1,historical_prior,2026
2026-07-26,2026-08-27,1,0.23947430087210808,0.5417558886509636,1,historical_prior,2026
2026-07-27,2026-08-28,1,0.25556739419541574,0.5417558886509636,1,historical_prior,2026
2026-07-28,2026-08-29,1,0.21664052222819086,0.5417558886509636,1,historical_prior,2026
2026-07-29,2026-08-30,1,0.20762525117694453,0.5417558886509636,1,historical_prior,2026
2026-07-30,2026-08-31,1,0.23524596472325032,0.5417558886509636,1,historical_prior,2026
2026-07-31,2026-09-01,1,0.2508235354042625,0.5417558886509636,1,historical_prior,2026
2026-08-01,2026-09-02,1,0.21816891329732346,0.5417558886509636,1,historical_prior,2026
2026-08-02,2026-09-03,1,0.21756942695214088,0.5417558886509636,1,historical_prior,2026
2026-08-03,2026-09-04,1,0.26773894399246245,0.5417558886509636,1,historical_prior,2026
2026-08-04,2026-09-05,1,0.2318947552038777,0.5417558886509636,1,historical_prior,2026
2026-08-05,2026-09-06,1,0.24109561014998993,0.5417558886509636,1,historical_prior,2026
2026-08-06,2026-09-07,1,0.23749029622692674,0.5417558886509636,1,historical_prior,2026
2026-08-07,2026-09-08,1,0.21780840052584094,0.5417558886509636,1,historical_prior,2026
2026-08-08,2026-09-09,1,0.20884249523008624,0.5417558886509636,1,historical_prior,2026
2026-08-09,2026-09-10,1,0.22411157978558993,0.5417558886509636,1,historical_prior,2026
2026-08-10,2026-09-11,1,0.2039106597624747,0.5417558886509636,1,historical_prior,2026
2026-08-11,2026-09-12,1,0.21653626599500098,0.5417558886509636,1,historical_prior,2026
2026-08-12,2026-09-13,1,0.21716306882596959,0.5417558886509636,1,historical_prior,2026
2026-08-13,2026-09-14,1,0.21887168173878502,0.5417558886509636,1,historical_prior,2026
2026-08-14,2026-09-15,1,0.23940632796399708,0.5417558886509636,1,historical_prior,2026
2026-08-15,2026-09-16,1,0.2026149443561207,0.5417558886509636,1,historical_prior,2026
2024-01-01,2024-02-02,0,-0.041470259023367984,0.40131578947368424,0,knn_interactions_expanding_k_150,2024
2024-01-02,2024-02-03,1,0.008280034907036216,0.39473684210526316,0,knn_interactions_expanding_k_150,2024
2024-01-03,2024-02-04,0,-0.025820421235257962,0.4473684210526316,0,knn_interactions_expanding_k_150,2024
2024-01-04,2024-02-05,0,-0.035388736059614456,0.3881578947368421,0,knn_interactions_expanding_k_150,2024
2024-01-05,2024-02-06,0,-0.028648354087670413,0.3815789473684211,0,knn_interactions_expanding_k_150,2024
2024-01-06,2024-02-07,0,-0.018895258509126545,0.3881578947368421,0,knn_interactions_expanding_k_150,2024
2024-01-07,2024-02-08,0,-0.055407505350254294,0.4144736842105263,0,knn_interactions_expanding_k_150,2024
2024-01-08,2024-02-09,0,-0.017812621990891286,0.4342105263157895,0,knn_interactions_expanding_k_150,2024
2024-01-09,2024-02-10,1,0.010262356925451188,0.40789473684210525,0,knn_interactions_expanding_k_150,2024
2024-01-10,2024-02-11,1,0.03046926185109955,0.34210526315789475,0,knn_interactions_expanding_k_150,2024
2024-01-11,2024-02-12,1,0.12895994973673974,0.3684210526315789,0,knn_interactions_expanding_k_150,2024
2024-01-12,2024-02-13,1,0.16498533536812343,0.5263157894736842,1,knn_interactions_expanding_k_150,2024
2024-01-13,2024-02-14,1,0.19091304467637227,0.5131578947368421,1,knn_interactions_expanding_k_150,2024
2024-01-14,2024-02-15,1,0.21839166711752922,0.5855263157894737,1,knn_interactions_expanding_k_150,2024
2024-01-15,2024-02-16,1,0.20265385876098851,0.5328947368421053,1,knn_interactions_expanding_k_150,2024
2024-01-16,2024-02-17,1,0.21853353123205044,0.5,1,knn_interactions_expanding_k_150,2024
2024-01-17,2024-02-18,1,0.24959476145550497,0.5197368421052632,1,knn_interactions_expanding_k_150,2024
2024-01-18,2024-02-19,1,0.2515337010967371,0.5526315789473685,1,knn_interactions_expanding_k_150,2024
2024-01-19,2024-02-20,1,0.24171810039560082,0.5592105263157895,1,knn_interactions_expanding_k_150,2024
2024-01-20,2024-02-21,1,0.2568162053586889,0.5657894736842105,1,knn_interactions_expanding_k_150,2024
2024-01-21,2024-02-22,1,0.3103860137555532,0.6513157894736842,1,knn_interactions_expanding_k_150,2024
2024-01-22,2024-02-23,1,0.2855017057421263,0.6381578947368421,1,knn_interactions_expanding_k_150,2024
2024-01-23,2024-02-24,1,0.26591715731289267,0.625,1,knn_interactions_expanding_k_150,2024
2024-01-24,2024-02-25,1,0.29046054549563105,0.618421052631579,1,knn_interactions_expanding_k_150,2024
2024-01-25,2024-02-26,1,0.23683665000857168,0.6052631578947368,1,knn_interactions_expanding_k_150,2024
2024-01-26,2024-02-27,1,0.29334437780251643,0.6710526315789473,1,knn_interactions_expanding_k_150,2024
2024-01-27,2024-02-28,1,0.35702891076953813,0.6644736842105263,1,knn_interactions_expanding_k_150,2024
2024-01-28,2024-02-29,1,0.44175988061717164,0.6644736842105263,1,knn_interactions_expanding_k_150,2024
2024-01-29,2024-03-01,1,0.42360093244001673,0.6578947368421053,1,knn_interactions_expanding_k_150,2024
2024-01-30,2024-03-02,1,0.4651925786754345,0.6578947368421053,1,knn_interactions_expanding_k_150,2024
2024-01-31,2024-03-03,1,0.4387891265570256,0.6578947368421053,1,knn_interactions_expanding_k_150,2024
2024-02-01,2024-03-04,1,0.4609718659657098,0.6118421052631579,1,knn_interactions_expanding_k_150,2024
2024-02-02,2024-03-05,1,0.5866999448979451,0.5526315789473685,1,knn_interactions_expanding_k_150,2024
2024-02-03,2024-03-06,1,0.496470177686432,0.5723684210526315,1,knn_interactions_expanding_k_150,2024
2024-02-04,2024-03-07,1,0.547086190869776,0.5986842105263158,1,knn_interactions_expanding_k_150,2024
2024-02-05,2024-03-08,1,0.550459222217891,0.506578947368421,1,knn_interactions_expanding_k_150,2024
2024-02-06,2024-03-09,1,0.5360724786694806,0.5,1,knn_interactions_expanding_k_150,2024
2024-02-07,2024-03-10,1,0.508397024773972,0.4605263157894737,0,knn_interactions_expanding_k_150,2024
2024-02-08,2024-03-11,1,0.4630132150066262,0.5197368421052632,1,knn_interactions_expanding_k_150,2024
2024-02-09,2024-03-12,1,0.509454864685783,0.5328947368421053,1,knn_interactions_expanding_k_150,2024
2024-02-10,2024-03-13,1,0.4793374741200829,0.5526315789473685,1,knn_interactions_expanding_k_150,2024
2024-02-11,2024-03-14,1,0.4638698262405323,0.631578947368421,1,knn_interactions_expanding_k_150,2024
2024-02-12,2024-03-15,1,0.43640874373234406,0.6644736842105263,1,knn_interactions_expanding_k_150,2024
2024-02-13,2024-03-16,1,0.34182086862539496,0.6513157894736842,1,knn_interactions_expanding_k_150,2024
2024-02-14,2024-03-17,1,0.2586859563057138,0.6578947368421053,1,knn_interactions_expanding_k_150,2024
2024-02-15,2024-03-18,1,0.31212759548845925,0.6447368421052632,1,knn_interactions_expanding_k_150,2024
2024-02-16,2024-03-19,1,0.3091894604923373,0.6447368421052632,1,knn_interactions_expanding_k_150,2024
2024-02-17,2024-03-20,1,0.18795868937781668,0.618421052631579,1,knn_interactions_expanding_k_150,2024
2024-02-18,2024-03-21,1,0.3103013168197464,0.6513157894736842,1,knn_interactions_expanding_k_150,2024
2024-02-19,2024-03-22,1,0.2534014353940637,0.5855263157894737,1,knn_interactions_expanding_k_150,2024
2024-02-20,2024-03-23,1,0.230422427423433,0.6052631578947368,1,knn_interactions_expanding_k_150,2024
2024-02-21,2024-03-24,1,0.24765044429132343,0.5789473684210527,1,knn_interactions_expanding_k_150,2024
2024-02-22,2024-03-25,1,0.32448765030057647,0.5592105263157895,1,knn_interactions_expanding_k_150,2024
2024-02-23,2024-03-26,1,0.35509842207049647,0.4473684210526316,0,knn_interactions_expanding_k_150,2024
2024-02-24,2024-03-27,1,0.35297788371479366,0.46710526315789475,0,knn_interactions_expanding_k_150,2024
2024-02-25,2024-03-28,1,0.2752290529784598,0.46710526315789475,0,knn_interactions_expanding_k_150,2024
2024-02-26,2024-03-29,1,0.2409517623101356,0.5657894736842105,1,knn_interactions_expanding_k_150,2024
2024-02-27,2024-03-30,1,0.11882379115490416,0.6052631578947368,1,knn_interactions_expanding_k_150,2024
2024-02-28,2024-03-31,1,0.13824706584990687,0.7631578947368421,1,knn_interactions_expanding_k_150,2024
2024-02-29,2024-04-01,1,0.14252924044566329,0.7368421052631579,1,knn_interactions_expanding_k_150,2024
2024-03-01,2024-04-02,1,0.12361455446988479,0.75,1,knn_interactions_expanding_k_150,2024
2024-03-02,2024-04-03,1,0.03723454569566775,0.7368421052631579,1,knn_interactions_expanding_k_150,2024
2024-03-03,2024-04-04,0,-0.03344444654469858,0.756578947368421,1,knn_interactions_expanding_k_150,2024
2024-03-04,2024-04-05,1,0.07475659488472242,0.8289473684210527,1,knn_interactions_expanding_k_150,2024
2024-03-05,2024-04-06,1,0.026433830896370303,0.6447368421052632,1,knn_interactions_expanding_k_150,2024
2024-03-06,2024-04-07,1,0.03101947557718754,0.7105263157894737,1,knn_interactions_expanding_k_150,2024
2024-03-07,2024-04-08,1,0.018145974558233524,0.7302631578947368,1,knn_interactions_expanding_k_150,2024
2024-03-08,2024-04-09,1,0.04840522955419502,0.756578947368421,1,knn_interactions_expanding_k_150,2024
2024-03-09,2024-04-10,1,0.002757125280686612,0.7697368421052632,1,knn_interactions_expanding_k_150,2024
2024-03-10,2024-04-11,0,-0.020075723416682845,0.7894736842105263,1,knn_interactions_expanding_k_150,2024
2024-03-11,2024-04-12,0,-0.0202342831551251,0.7828947368421053,1,knn_interactions_expanding_k_150,2024
2024-03-12,2024-04-13,0,-0.08150656061659378,0.7894736842105263,1,knn_interactions_expanding_k_150,2024
2024-03-13,2024-04-14,0,-0.10455989401159349,0.7631578947368421,1,knn_interactions_expanding_k_150,2024
2024-03-14,2024-04-15,0,-0.055223004829939026,0.75,1,knn_interactions_expanding_k_150,2024
2024-03-15,2024-04-16,0,-0.028799870874159916,0.7302631578947368,1,knn_interactions_expanding_k_150,2024
2024-03-16,2024-04-17,0,-0.06725890644238408,0.7105263157894737,1,knn_interactions_expanding_k_150,2024
2024-03-17,2024-04-18,0,-0.09366395503623726,0.7368421052631579,1,knn_interactions_expanding_k_150,2024
2024-03-18,2024-04-19,1,0.02474562627013288,0.7302631578947368,1,knn_interactions_expanding_k_150,2024
2024-03-19,2024-04-20,0,-0.059293481136860504,0.7302631578947368,1,knn_interactions_expanding_k_150,2024
2024-03-20,2024-04-21,0,-0.008560138061424083,0.7828947368421053,1,knn_interactions_expanding_k_150,2024
2024-03-21,2024-04-22,1,0.017939973014252875,0.7960526315789473,1,knn_interactions_expanding_k_150,2024
2024-03-22,2024-04-23,1,0.04421470723090892,0.756578947368421,1,knn_interactions_expanding_k_150,2024
2024-03-23,2024-04-24,0,-0.011843475673262938,0.7828947368421053,1,knn_interactions_expanding_k_150,2024
2024-03-24,2024-04-25,0,-0.08000028620492272,0.7763157894736842,1,knn_interactions_expanding_k_150,2024
2024-03-25,2024-04-26,0,-0.07843717186334398,0.8026315789473685,1,knn_interactions_expanding_k_150,2024
2024-03-26,2024-04-27,0,-0.08204967353529202,0.8092105263157895,1,knn_interactions_expanding_k_150,2024
2024-03-27,2024-04-28,0,-0.10339867138735759,0.8157894736842105,1,knn_interactions_expanding_k_150,2024
2024-03-28,2024-04-29,0,-0.09637593301010028,0.8223684210526315,1,knn_interactions_expanding_k_150,2024
2024-03-29,2024-04-30,0,-0.08214992432687851,0.7631578947368421,1,knn_interactions_expanding_k_150,2024
2024-03-30,2024-05-01,0,-0.1488214085297418,0.7697368421052632,1,knn_interactions_expanding_k_150,2024
2024-03-31,2024-05-02,0,-0.16202255253819065,0.7763157894736842,1,knn_interactions_expanding_k_150,2024
2024-04-01,2024-05-03,0,-0.09781545548934611,0.756578947368421,1,knn_interactions_expanding_k_150,2024
2024-04-02,2024-05-04,0,-0.04671175337426425,0.7828947368421053,1,knn_interactions_expanding_k_150,2024
2024-04-03,2024-05-05,0,-0.06710348412417988,0.7631578947368421,1,knn_interactions_expanding_k_150,2024
2024-04-04,2024-05-06,0,-0.056157396355651756,0.6710526315789473,1,knn_interactions_expanding_k_150,2024
2024-04-05,2024-05-07,0,-0.08318073618207156,0.618421052631579,1,knn_interactions_expanding_k_150,2024
2024-04-06,2024-05-08,0,-0.1016186762529272,0.6644736842105263,1,knn_interactions_expanding_k_150,2024
2024-04-07,2024-05-09,0,-0.1455874057525831,0.6513157894736842,1,knn_interactions_expanding_k_150,2024
2024-04-08,2024-05-10,0,-0.08781419026407888,0.6644736842105263,1,knn_interactions_expanding_k_150,2024
2024-04-09,2024-05-11,0,-0.13918929173955719,0.6842105263157895,1,knn_interactions_expanding_k_150,2024
2024-04-10,2024-05-12,0,-0.13113449062097626,0.6513157894736842,1,knn_interactions_expanding_k_150,2024
2024-04-11,2024-05-13,0,-0.08392151440509732,0.7236842105263158,1,knn_interactions_expanding_k_150,2024
2024-04-12,2024-05-14,0,-0.015399880984636294,0.7171052631578947,1,knn_interactions_expanding_k_150,2024
2024-04-13,2024-05-15,0,-0.06220293823582501,0.5921052631578947,1,knn_interactions_expanding_k_150,2024
2024-04-14,2024-05-16,1,0.043937566057641986,0.6447368421052632,1,knn_interactions_expanding_k_150,2024
2024-04-15,2024-05-17,1,0.022601240880718132,0.5460526315789473,1,knn_interactions_expanding_k_150,2024
2024-04-16,2024-05-18,1,0.09378044557388066,0.5921052631578947,1,knn_interactions_expanding_k_150,2024
2024-04-17,2024-05-19,1,0.054279267604630865,0.5723684210526315,1,knn_interactions_expanding_k_150,2024
2024-04-18,2024-05-20,1,0.03848427740068994,0.5131578947368421,1,knn_interactions_expanding_k_150,2024
2024-04-19,2024-05-21,1,0.10018450712944049,0.27631578947368424,0,knn_interactions_expanding_k_150,2024
2024-04-20,2024-05-22,1,0.08018321203120049,0.2631578947368421,0,knn_interactions_expanding_k_150,2024
2024-04-21,2024-05-23,1,0.03512906147503436,0.2236842105263158,0,knn_interactions_expanding_k_150,2024
2024-04-22,2024-05-24,1,0.023423675731020666,0.27631578947368424,0,knn_interactions_expanding_k_150,2024
2024-04-23,2024-05-25,1,0.06626905946500194,0.23026315789473684,0,knn_interactions_expanding_k_150,2024
2024-04-24,2024-05-26,1,0.07430006327295602,0.26973684210526316,0,knn_interactions_expanding_k_150,2024
2024-04-25,2024-05-27,1,0.07429308452250272,0.24342105263157895,0,knn_interactions_expanding_k_150,2024
2024-04-26,2024-05-28,1,0.09414219348340525,0.2236842105263158,0,knn_interactions_expanding_k_150,2024
2024-04-27,2024-05-29,1,0.0836485335072279,0.23684210526315788,0,knn_interactions_expanding_k_150,2024
2024-04-28,2024-05-30,1,0.05928678796229603,0.23684210526315788,0,knn_interactions_expanding_k_150,2024
2024-04-29,2024-05-31,1,0.12658489474800638,0.2631578947368421,0,knn_interactions_expanding_k_150,2024
2024-04-30,2024-06-01,1,0.1572011430829141,0.3355263157894737,0,knn_interactions_expanding_k_150,2024
2024-05-01,2024-06-02,1,0.14741198023724777,0.3684210526315789,0,knn_interactions_expanding_k_150,2024
2024-05-02,2024-06-03,1,0.07766307088466151,0.3223684210526316,0,knn_interactions_expanding_k_150,2024
2024-05-03,2024-06-04,1,0.07697141568361499,0.3355263157894737,0,knn_interactions_expanding_k_150,2024
2024-05-04,2024-06-05,1,0.10194697869149527,0.3026315789473684,0,knn_interactions_expanding_k_150,2024
2024-05-05,2024-06-06,1,0.1257468117719287,0.32894736842105265,0,knn_interactions_expanding_k_150,2024
2024-05-06,2024-06-07,1,0.13620138120913006,0.3355263157894737,0,knn_interactions_expanding_k_150,2024
2024-05-07,2024-06-08,1,0.13339051849532546,0.34868421052631576,0,knn_interactions_expanding_k_150,2024
2024-05-08,2024-06-09,1,0.09887528934267698,0.4144736842105263,0,knn_interactions_expanding_k_150,2024
2024-05-09,2024-06-10,1,0.14552897130410702,0.4407894736842105,0,knn_interactions_expanding_k_150,2024
2024-05-10,2024-06-11,1,0.14326129340434912,0.4144736842105263,0,knn_interactions_expanding_k_150,2024
2024-05-11,2024-06-12,1,0.09482515776462153,0.39473684210526316,0,knn_interactions_expanding_k_150,2024
2024-05-12,2024-06-13,1,0.08458662833179931,0.4276315789473684,0,knn_interactions_expanding_k_150,2024
2024-05-13,2024-06-14,1,0.08437368915166887,0.4605263157894737,0,knn_interactions_expanding_k_150,2024
2024-05-14,2024-06-15,0,-0.002454743498788714,0.506578947368421,1,knn_interactions_expanding_k_150,2024
2024-05-15,2024-06-16,1,0.015222454254381956,0.5394736842105263,1,knn_interactions_expanding_k_150,2024
2024-05-16,2024-06-17,0,-0.005179338744330408,0.5657894736842105,1,knn_interactions_expanding_k_150,2024
2024-05-17,2024-06-18,0,-0.0061401594854382235,0.5394736842105263,1,knn_interactions_expanding_k_150,2024
2024-05-18,2024-06-19,0,-0.01657784349820446,0.506578947368421,1,knn_interactions_expanding_k_150,2024
2024-05-19,2024-06-20,0,-0.0905886100700074,0.5197368421052632,1,knn_interactions_expanding_k_150,2024
2024-05-20,2024-06-21,0,-0.0752455439430213,0.4342105263157895,0,knn_interactions_expanding_k_150,2024
2024-05-21,2024-06-22,0,-0.07262260321525038,0.4144736842105263,0,knn_interactions_expanding_k_150,2024
2024-05-22,2024-06-23,0,-0.05454860300904851,0.48026315789473684,0,knn_interactions_expanding_k_150,2024
2024-05-23,2024-06-24,0,-0.07789906315084805,0.4605263157894737,0,knn_interactions_expanding_k_150,2024
2024-05-24,2024-06-25,0,-0.12984827947703115,0.4868421052631579,0,knn_interactions_expanding_k_150,2024
2024-05-25,2024-06-26,0,-0.09782349917899702,0.4473684210526316,0,knn_interactions_expanding_k_150,2024
2024-05-26,2024-06-27,0,-0.12344312632432275,0.506578947368421,1,knn_interactions_expanding_k_150,2024
2024-05-27,2024-06-28,0,-0.09783766871739685,0.4473684210526316,0,knn_interactions_expanding_k_150,2024
2024-05-28,2024-06-29,0,-0.10678954378713201,0.48026315789473684,0,knn_interactions_expanding_k_150,2024
2024-05-29,2024-06-30,0,-0.10775795413664258,0.45394736842105265,0,knn_interactions_expanding_k_150,2024
2024-05-30,2024-07-01,0,-0.07059519239040668,0.5197368421052632,1,knn_interactions_expanding_k_150,2024
2024-05-31,2024-07-02,0,-0.07181742574982097,0.4342105263157895,0,knn_interactions_expanding_k_150,2024
2024-06-01,2024-07-03,0,-0.08308283758047219,0.4473684210526316,0,knn_interactions_expanding_k_150,2024
2024-06-02,2024-07-04,0,-0.12500121712155043,0.4934210526315789,0,knn_interactions_expanding_k_150,2024
2024-06-03,2024-07-05,0,-0.19121384936281716,0.2894736842105263,0,knn_interactions_expanding_k_150,2024
2024-06-04,2024-07-06,0,-0.20362279912246162,0.375,0,knn_interactions_expanding_k_150,2024
2024-06-05,2024-07-07,0,-0.17752961691864266,0.47368421052631576,0,knn_interactions_expanding_k_150,2024
2024-06-06,2024-07-08,0,-0.19461716141162366,0.4934210526315789,0,knn_interactions_expanding_k_150,2024
2024-06-07,2024-07-09,0,-0.181730867173584,0.47368421052631576,0,knn_interactions_expanding_k_150,2024
2024-06-08,2024-07-10,0,-0.16652488257046305,0.4407894736842105,0,knn_interactions_expanding_k_150,2024
2024-06-09,2024-07-11,0,-0.16988999137187233,0.47368421052631576,0,knn_interactions_expanding_k_150,2024
2024-06-10,2024-07-12,0,-0.14817580175840972,0.4473684210526316,0,knn_interactions_expanding_k_150,2024
2024-06-11,2024-07-13,0,-0.15198190905364728,0.34210526315789475,0,knn_interactions_expanding_k_150,2024
2024-06-12,2024-07-14,0,-0.113354183074868,0.4473684210526316,0,knn_interactions_expanding_k_150,2024
2024-06-13,2024-07-15,0,-0.07943311722989477,0.34210526315789475,0,knn_interactions_expanding_k_150,2024
2024-06-14,2024-07-16,0,-0.02271221117876443,0.45394736842105265,0,knn_interactions_expanding_k_150,2024
2024-06-15,2024-07-17,0,-0.024489155608107493,0.4342105263157895,0,knn_interactions_expanding_k_150,2024
2024-06-16,2024-07-18,0,-0.03633357406953808,0.45394736842105265,0,knn_interactions_expanding_k_150,2024
2024-06-17,2024-07-19,0,-0.01821855266686845,0.4144736842105263,0,knn_interactions_expanding_k_150,2024
2024-06-18,2024-07-20,1,0.025943152661580093,0.35526315789473684,0,knn_interactions_expanding_k_150,2024
2024-06-19,2024-07-21,1,0.03499276013453989,0.42105263157894735,0,knn_interactions_expanding_k_150,2024
2024-06-20,2024-07-22,1,0.06269982520458806,0.4473684210526316,0,knn_interactions_expanding_k_150,2024
2024-06-21,2024-07-23,1,0.050885274207887354,0.4473684210526316,0,knn_interactions_expanding_k_150,2024
2024-06-22,2024-07-24,1,0.04312592261890158,0.4473684210526316,0,knn_interactions_expanding_k_150,2024
2024-06-23,2024-07-25,1,0.08429974806487617,0.45394736842105265,0,knn_interactions_expanding_k_150,2024
2024-06-24,2024-07-26,1,0.06462057654263709,0.42105263157894735,0,knn_interactions_expanding_k_150,2024
2024-06-25,2024-07-27,1,0.11571547382419234,0.45394736842105265,0,knn_interactions_expanding_k_150,2024
2024-06-26,2024-07-28,1,0.10031413242632947,0.4473684210526316,0,knn_interactions_expanding_k_150,2024
2024-06-27,2024-07-29,1,0.12944430911315075,0.4407894736842105,0,knn_interactions_expanding_k_150,2024
2024-06-28,2024-07-30,1,0.09506993986227807,0.4473684210526316,0,knn_interactions_expanding_k_150,2024
2024-06-29,2024-07-31,1,0.05441899980580511,0.4407894736842105,0,knn_interactions_expanding_k_150,2024
2024-06-30,2024-08-01,1,0.027472337042925288,0.4276315789473684,0,knn_interactions_expanding_k_150,2024
2024-07-01,2024-08-02,1,0.051799085417569835,0.4342105263157895,0,knn_interactions_expanding_k_150,2024
2024-07-02,2024-08-03,1,0.021421701262793524,0.4407894736842105,0,knn_interactions_expanding_k_150,2024
2024-07-03,2024-08-04,1,0.06394336058076755,0.4407894736842105,0,knn_interactions_expanding_k_150,2024
2024-07-04,2024-08-05,1,0.027057085274115877,0.39473684210526316,0,knn_interactions_expanding_k_150,2024
2024-07-05,2024-08-06,0,-0.07232183750920695,0.4144736842105263,0,knn_interactions_expanding_k_150,2024
2024-07-06,2024-08-07,1,0.0029394278078571645,0.4473684210526316,0,knn_interactions_expanding_k_150,2024
2024-07-07,2024-08-08,0,-0.027873770092045058,0.3881578947368421,0,knn_interactions_expanding_k_150,2024
2024-07-08,2024-08-09,1,0.06263565891472878,0.3881578947368421,0,knn_interactions_expanding_k_150,2024
2024-07-09,2024-08-10,1,0.053912415321731855,0.45394736842105265,0,knn_interactions_expanding_k_150,2024
2024-07-10,2024-08-11,1,0.06249785271649455,0.4473684210526316,0,knn_interactions_expanding_k_150,2024
2024-07-11,2024-08-12,1,0.014225478410526016,0.47368421052631576,0,knn_interactions_expanding_k_150,2024
2024-07-12,2024-08-13,1,0.002409127354717988,0.47368421052631576,0,knn_interactions_expanding_k_150,2024
2024-07-13,2024-08-14,0,-0.0034664020523074157,0.5,1,knn_interactions_expanding_k_150,2024
2024-07-14,2024-08-15,0,-0.09332959026365151,0.5328947368421053,1,knn_interactions_expanding_k_150,2024
2024-07-15,2024-08-16,0,-0.11535191562634517,0.5460526315789473,1,knn_interactions_expanding_k_150,2024
2024-07-16,2024-08-17,0,-0.08134753485013346,0.5723684210526315,1,knn_interactions_expanding_k_150,2024
2024-07-17,2024-08-18,0,-0.07026216823425424,0.5723684210526315,1,knn_interactions_expanding_k_150,2024
2024-07-18,2024-08-19,0,-0.12350223169783503,0.4868421052631579,0,knn_interactions_expanding_k_150,2024
2024-07-19,2024-08-20,0,-0.11470767711096685,0.42105263157894735,0,knn_interactions_expanding_k_150,2024
2024-07-20,2024-08-21,0,-0.13425516042974917,0.4144736842105263,0,knn_interactions_expanding_k_150,2024
2024-07-21,2024-08-22,0,-0.09441405555884619,0.47368421052631576,0,knn_interactions_expanding_k_150,2024
2024-07-22,2024-08-23,0,-0.08432677141470513,0.47368421052631576,0,knn_interactions_expanding_k_150,2024
2024-07-23,2024-08-24,0,-0.02047800102820596,0.5263157894736842,1,knn_interactions_expanding_k_150,2024
2024-07-24,2024-08-25,0,-0.024968560006504603,0.5394736842105263,1,knn_interactions_expanding_k_150,2024
2024-07-25,2024-08-26,0,-0.054308917947811786,0.5328947368421053,1,knn_interactions_expanding_k_150,2024
2024-07-26,2024-08-27,0,-0.07456188088662619,0.5197368421052632,1,knn_interactions_expanding_k_150,2024
2024-07-27,2024-08-28,0,-0.12944901881146176,0.4934210526315789,0,knn_interactions_expanding_k_150,2024
2024-07-28,2024-08-29,0,-0.11604128371955957,0.5394736842105263,1,knn_interactions_expanding_k_150,2024
2024-07-29,2024-08-30,0,-0.10317580226022849,0.5592105263157895,1,knn_interactions_expanding_k_150,2024
2024-07-30,2024-08-31,0,-0.08516462134606961,0.618421052631579,1,knn_interactions_expanding_k_150,2024
2024-07-31,2024-09-01,0,-0.09762245688941551,0.631578947368421,1,knn_interactions_expanding_k_150,2024
2024-08-01,2024-09-02,0,-0.06823875246063549,0.6052631578947368,1,knn_interactions_expanding_k_150,2024
2024-08-02,2024-09-03,0,-0.02579772410915082,0.6973684210526315,1,knn_interactions_expanding_k_150,2024
2024-08-03,2024-09-04,0,-0.011575798215298971,0.5789473684210527,1,knn_interactions_expanding_k_150,2024
2024-08-04,2024-09-05,1,0.07316116864455768,0.5526315789473685,1,knn_interactions_expanding_k_150,2024
2024-08-05,2024-09-06,1,0.0028203205883403637,0.5394736842105263,1,knn_interactions_expanding_k_150,2024
2024-08-06,2024-09-07,0,-0.02123544630368035,0.5460526315789473,1,knn_interactions_expanding_k_150,2024
2024-08-07,2024-09-08,0,-0.12199105145413869,0.5526315789473685,1,knn_interactions_expanding_k_150,2024
2024-08-08,2024-09-09,0,-0.0980972579797591,0.7302631578947368,1,knn_interactions_expanding_k_150,2024
2024-08-09,2024-09-10,0,-0.06371103700361325,0.7368421052631579,1,knn_interactions_expanding_k_150,2024
2024-08-10,2024-09-11,0,-0.0183367826219214,0.7302631578947368,1,knn_interactions_expanding_k_150,2024
2024-08-11,2024-09-12,0,-0.033845892539156375,0.7368421052631579,1,knn_interactions_expanding_k_150,2024
2024-08-12,2024-09-13,0,-0.04051766083770891,0.6776315789473685,1,knn_interactions_expanding_k_150,2024
2024-08-13,2024-09-14,1,0.030921867329068764,0.6842105263157895,1,knn_interactions_expanding_k_150,2024
2024-08-14,2024-09-15,1,0.042612534877274566,0.6578947368421053,1,knn_interactions_expanding_k_150,2024
2024-08-15,2024-09-16,1,0.004372174821090091,0.7236842105263158,1,knn_interactions_expanding_k_150,2024
2024-08-16,2024-09-17,0,-0.021481883527513568,0.6907894736842105,1,knn_interactions_expanding_k_150,2024
2024-08-17,2024-09-18,1,0.032290357170058126,0.6776315789473685,1,knn_interactions_expanding_k_150,2024
2024-08-18,2024-09-19,1,0.039056840263465675,0.6513157894736842,1,knn_interactions_expanding_k_150,2024
2024-08-19,2024-09-20,1,0.06666576292324833,0.6052631578947368,1,knn_interactions_expanding_k_150,2024
2024-08-20,2024-09-21,1,0.033439384472798483,0.625,1,knn_interactions_expanding_k_150,2024
2024-08-21,2024-09-22,1,0.049243877889546095,0.618421052631579,1,knn_interactions_expanding_k_150,2024
2024-08-22,2024-09-23,0,-0.007159584017049969,0.6907894736842105,1,knn_interactions_expanding_k_150,2024
2024-08-23,2024-09-24,0,-0.012734849592452968,0.6118421052631579,1,knn_interactions_expanding_k_150,2024
2024-08-24,2024-09-25,1,0.0006650577180096207,0.6052631578947368,1,knn_interactions_expanding_k_150,2024
2024-08-25,2024-09-26,1,0.005061113409937423,0.5263157894736842,1,knn_interactions_expanding_k_150,2024
2024-08-26,2024-09-27,1,0.0969282167802743,0.631578947368421,1,knn_interactions_expanding_k_150,2024
2024-08-27,2024-09-28,1,0.11408590511714256,0.6447368421052632,1,knn_interactions_expanding_k_150,2024
2024-08-28,2024-09-29,1,0.109486345794235,0.6578947368421053,1,knn_interactions_expanding_k_150,2024
2024-08-29,2024-09-30,1,0.10956669196378654,0.625,1,knn_interactions_expanding_k_150,2024
2024-08-30,2024-10-01,1,0.07382236239698847,0.6842105263157895,1,knn_interactions_expanding_k_150,2024
2024-08-31,2024-10-02,1,0.06113510978805725,0.6776315789473685,1,knn_interactions_expanding_k_150,2024
2024-09-01,2024-10-03,1,0.025656952600380256,0.6842105263157895,1,knn_interactions_expanding_k_150,2024
2024-09-02,2024-10-04,1,0.056794370417066364,0.7039473684210527,1,knn_interactions_expanding_k_150,2024
2024-09-03,2024-10-05,1,0.07098561519658997,0.7039473684210527,1,knn_interactions_expanding_k_150,2024
2024-09-04,2024-10-06,1,0.10462815948736215,0.7105263157894737,1,knn_interactions_expanding_k_150,2024
2024-09-05,2024-10-07,1,0.1641299580063884,0.756578947368421,1,knn_interactions_expanding_k_150,2024
2024-09-06,2024-10-08,1,0.14887411315108356,0.625,1,knn_interactions_expanding_k_150,2024
2024-09-07,2024-10-09,1,0.13286963082707381,0.42105263157894735,0,knn_interactions_expanding_k_150,2024
2024-09-08,2024-10-10,1,0.06300619490792836,0.40789473684210525,0,knn_interactions_expanding_k_150,2024
2024-09-09,2024-10-11,1,0.04667934046070865,0.45394736842105265,0,knn_interactions_expanding_k_150,2024
2024-09-10,2024-10-12,1,0.09072499912797793,0.5394736842105263,1,knn_interactions_expanding_k_150,2024
2024-09-11,2024-10-13,1,0.08728227039317726,0.5197368421052632,1,knn_interactions_expanding_k_150,2024
2024-09-12,2024-10-14,1,0.039208410064532684,0.5723684210526315,1,knn_interactions_expanding_k_150,2024
2024-09-13,2024-10-15,1,0.10152814444080338,0.5526315789473685,1,knn_interactions_expanding_k_150,2024
2024-09-14,2024-10-16,1,0.13431204762226878,0.5723684210526315,1,knn_interactions_expanding_k_150,2024
2024-09-15,2024-10-17,1,0.16157645267056941,0.5986842105263158,1,knn_interactions_expanding_k_150,2024
2024-09-16,2024-10-18,1,0.11784645651862857,0.6118421052631579,1,knn_interactions_expanding_k_150,2024
2024-09-17,2024-10-19,1,0.10796651812387248,0.618421052631579,1,knn_interactions_expanding_k_150,2024
2024-09-18,2024-10-20,1,0.08626151744296884,0.6118421052631579,1,knn_interactions_expanding_k_150,2024
2024-09-19,2024-10-21,1,0.09226033428242086,0.5526315789473685,1,knn_interactions_expanding_k_150,2024
2024-09-20,2024-10-22,1,0.0635926677260894,0.5,1,knn_interactions_expanding_k_150,2024
2024-09-21,2024-10-23,1,0.06051156077910291,0.4934210526315789,0,knn_interactions_expanding_k_150,2024
2024-09-22,2024-10-24,1,0.05255226595394147,0.5394736842105263,1,knn_interactions_expanding_k_150,2024
2024-09-23,2024-10-25,1,0.06124190237882954,0.5460526315789473,1,knn_interactions_expanding_k_150,2024
2024-09-24,2024-10-26,1,0.05615514058855764,0.5657894736842105,1,knn_interactions_expanding_k_150,2024
2024-09-25,2024-10-27,1,0.02944073241487888,0.5855263157894737,1,knn_interactions_expanding_k_150,2024
2024-09-26,2024-10-28,1,0.03423660805580675,0.6052631578947368,1,knn_interactions_expanding_k_150,2024
2024-09-27,2024-10-29,1,0.062319080445807806,0.5921052631578947,1,knn_interactions_expanding_k_150,2024
2024-09-28,2024-10-30,1,0.10875276534972045,0.5986842105263158,1,knn_interactions_expanding_k_150,2024
2024-09-29,2024-10-31,1,0.14238894257795964,0.5986842105263158,1,knn_interactions_expanding_k_150,2024
2024-09-30,2024-11-01,1,0.15602503876331064,0.6118421052631579,1,knn_interactions_expanding_k_150,2024
2024-10-01,2024-11-02,1,0.1458670483585376,0.5263157894736842,1,knn_interactions_expanding_k_150,2024
2024-10-02,2024-11-03,1,0.14191990087028206,0.4868421052631579,0,knn_interactions_expanding_k_150,2024
2024-10-03,2024-11-04,1,0.1077535998453758,0.4342105263157895,0,knn_interactions_expanding_k_150,2024
2024-10-04,2024-11-05,1,0.09333202917721639,0.4473684210526316,0,knn_interactions_expanding_k_150,2024
2024-10-05,2024-11-06,1,0.10429973554562544,0.42105263157894735,0,knn_interactions_expanding_k_150,2024
2024-10-06,2024-11-07,1,0.2145149436688507,0.47368421052631576,0,knn_interactions_expanding_k_150,2024
2024-10-07,2024-11-08,1,0.22035520949799303,0.4407894736842105,0,knn_interactions_expanding_k_150,2024
2024-10-08,2024-11-09,1,0.2617878386127319,0.45394736842105265,0,knn_interactions_expanding_k_150,2024
2024-10-09,2024-11-10,1,0.2710431917037981,0.4473684210526316,0,knn_interactions_expanding_k_150,2024
2024-10-10,2024-11-11,1,0.2850979029577714,0.4276315789473684,0,knn_interactions_expanding_k_150,2024
2024-10-11,2024-11-12,1,0.40251997311024557,0.46710526315789475,0,knn_interactions_expanding_k_150,2024
2024-10-12,2024-11-13,1,0.39894976969945306,0.46710526315789475,0,knn_interactions_expanding_k_150,2024
2024-10-13,2024-11-14,1,0.3675808062465953,0.4473684210526316,0,knn_interactions_expanding_k_150,2024
2024-10-14,2024-11-15,1,0.3019263459807311,0.5328947368421053,1,knn_interactions_expanding_k_150,2024
2024-10-15,2024-11-16,1,0.34623010943507837,0.5986842105263158,1,knn_interactions_expanding_k_150,2024
2024-10-16,2024-11-17,1,0.3436011330463242,0.6118421052631579,1,knn_interactions_expanding_k_150,2024
2024-10-17,2024-11-18,1,0.31314656473177105,0.6381578947368421,1,knn_interactions_expanding_k_150,2024
2024-10-18,2024-11-19,1,0.3229998424931766,0.618421052631579,1,knn_interactions_expanding_k_150,2024
2024-10-19,2024-11-20,1,0.33721752230849456,0.5986842105263158,1,knn_interactions_expanding_k_150,2024
2024-10-20,2024-11-21,1,0.3993775370116137,0.625,1,knn_interactions_expanding_k_150,2024
2024-10-21,2024-11-22,1,0.4581482724545023,0.5526315789473685,1,knn_interactions_expanding_k_150,2024
2024-10-22,2024-11-23,1,0.483335870757845,0.5592105263157895,1,knn_interactions_expanding_k_150,2024
2024-10-23,2024-11-24,1,0.4321829571336633,0.5723684210526315,1,knn_interactions_expanding_k_150,2024
2024-10-24,2024-11-25,1,0.4678038367383166,0.5592105263157895,1,knn_interactions_expanding_k_150,2024
2024-10-25,2024-11-26,1,0.386289817261952,0.5855263157894737,1,knn_interactions_expanding_k_150,2024
2024-10-26,2024-11-27,1,0.3519975760672809,0.5986842105263158,1,knn_interactions_expanding_k_150,2024
2024-10-27,2024-11-28,1,0.3702127191236524,0.5921052631578947,1,knn_interactions_expanding_k_150,2024
2024-10-28,2024-11-29,1,0.3149396567688727,0.5460526315789473,1,knn_interactions_expanding_k_150,2024
2024-10-29,2024-11-30,1,0.34716064399973745,0.4934210526315789,0,knn_interactions_expanding_k_150,2024
2024-10-30,2024-12-01,1,0.37153554152171786,0.5197368421052632,1,knn_interactions_expanding_k_150,2024
2024-10-31,2024-12-02,1,0.39842825486358935,0.47368421052631576,0,knn_interactions_expanding_k_150,2024
2024-11-01,2024-12-03,1,0.38149144775173194,0.45394736842105265,0,knn_interactions_expanding_k_150,2024
2024-11-02,2024-12-04,1,0.39365045853938274,0.4407894736842105,0,knn_interactions_expanding_k_150,2024
2024-11-03,2024-12-05,1,0.4530185036081795,0.35526315789473684,0,knn_interactions_expanding_k_150,2024
2024-11-04,2024-12-06,1,0.39747471638777676,0.42105263157894735,0,knn_interactions_expanding_k_150,2024
2024-11-05,2024-12-07,1,0.3198122743624985,0.40131578947368424,0,knn_interactions_expanding_k_150,2024
2024-11-06,2024-12-08,1,0.3160396367470808,0.47368421052631576,0,knn_interactions_expanding_k_150,2024
2024-11-07,2024-12-09,1,0.32152516972340006,0.48026315789473684,0,knn_interactions_expanding_k_150,2024
2024-11-08,2024-12-10,1,0.2686450490144039,0.48026315789473684,0,knn_interactions_expanding_k_150,2024
2024-11-09,2024-12-11,1,0.2018537760540282,0.5,1,knn_interactions_expanding_k_150,2024
2024-11-10,2024-12-12,1,0.14074767620250883,0.5986842105263158,1,knn_interactions_expanding_k_150,2024
2024-11-11,2024-12-13,1,0.137032585955976,0.7368421052631579,1,knn_interactions_expanding_k_150,2024
2024-11-12,2024-12-14,1,0.12225730927762157,0.7039473684210527,1,knn_interactions_expanding_k_150,2024
2024-11-13,2024-12-15,1,0.1614006844958047,0.7171052631578947,1,knn_interactions_expanding_k_150,2024
2024-11-14,2024-12-16,1,0.14755139067458423,0.631578947368421,1,knn_interactions_expanding_k_150,2024
2024-11-15,2024-12-17,1,0.1707806046674183,0.7039473684210527,1,knn_interactions_expanding_k_150,2024
2024-11-16,2024-12-18,1,0.18115388647477904,0.6842105263157895,1,knn_interactions_expanding_k_150,2024
2024-11-17,2024-12-19,1,0.10766639175089066,0.6776315789473685,1,knn_interactions_expanding_k_150,2024
2024-11-18,2024-12-20,1,0.05580127135719759,0.6578947368421053,1,knn_interactions_expanding_k_150,2024
2024-11-19,2024-12-21,1,0.03732111978631947,0.6776315789473685,1,knn_interactions_expanding_k_150,2024
2024-11-20,2024-12-22,0,-0.010426668315752119,0.7039473684210527,1,knn_interactions_expanding_k_150,2024
2024-11-21,2024-12-23,0,-0.03747239412692638,0.7631578947368421,1,knn_interactions_expanding_k_150,2024
2024-11-22,2024-12-24,0,-0.028574397680409147,0.7631578947368421,1,knn_interactions_expanding_k_150,2024
2024-11-23,2024-12-25,1,0.007799076711401121,0.743421052631579,1,knn_interactions_expanding_k_150,2024
2024-11-24,2024-12-26,1,0.06902052800553404,0.7171052631578947,1,knn_interactions_expanding_k_150,2024
2024-11-25,2024-12-27,1,0.04160749570815736,0.6776315789473685,1,knn_interactions_expanding_k_150,2024
2024-11-26,2024-12-28,0,-0.01631576526152767,0.6710526315789473,1,knn_interactions_expanding_k_150,2024
2024-11-27,2024-12-29,0,-0.0035965668098958403,0.6842105263157895,1,knn_interactions_expanding_k_150,2024
2024-11-28,2024-12-30,0,-0.03818807715986039,0.6644736842105263,1,knn_interactions_expanding_k_150,2024
2024-11-29,2024-12-31,0,-0.03750664234364809,0.6776315789473685,1,knn_interactions_expanding_k_150,2024
2024-11-30,2025-01-01,0,-0.03713704467461443,0.6710526315789473,1,knn_interactions_expanding_k_150,2024
2024-12-01,2025-01-02,0,-0.013030280170378772,0.631578947368421,1,knn_interactions_expanding_k_150,2024
2024-12-02,2025-01-03,1,0.011842500481743734,0.6776315789473685,1,knn_interactions_expanding_k_150,2024
2024-12-03,2025-01-04,0,-0.004190701197679503,0.6776315789473685,1,knn_interactions_expanding_k_150,2024
2024-12-04,2025-01-05,1,0.013150463821834935,0.6842105263157895,1,knn_interactions_expanding_k_150,2024
2024-12-05,2025-01-06,0,-0.01380808503317188,0.6907894736842105,1,knn_interactions_expanding_k_150,2024
2024-12-06,2025-01-07,1,0.024076551013357594,0.6118421052631579,1,knn_interactions_expanding_k_150,2024
2024-12-07,2025-01-08,0,-0.041094020745804594,0.6052631578947368,1,knn_interactions_expanding_k_150,2024
2024-12-08,2025-01-09,0,-0.022779093157976105,0.618421052631579,1,knn_interactions_expanding_k_150,2024
2024-12-09,2025-01-10,0,-0.04183025685091046,0.6578947368421053,1,knn_interactions_expanding_k_150,2024
2024-12-10,2025-01-11,0,-0.0632771322620519,0.6381578947368421,1,knn_interactions_expanding_k_150,2024
2024-12-11,2025-01-12,0,-0.05404068165475695,0.4407894736842105,0,knn_interactions_expanding_k_150,2024
2024-12-12,2025-01-13,0,-0.06782569926084725,0.4342105263157895,0,knn_interactions_expanding_k_150,2024
2024-12-13,2025-01-14,0,-0.06787507394991121,0.40789473684210525,0,knn_interactions_expanding_k_150,2024
2024-12-14,2025-01-15,0,-0.07565420390318234,0.34868421052631576,0,knn_interactions_expanding_k_150,2024
2024-12-15,2025-01-16,0,-0.05243608135687172,0.4276315789473684,0,knn_interactions_expanding_k_150,2024
2024-12-16,2025-01-17,0,-0.05791221528610979,0.506578947368421,1,knn_interactions_expanding_k_150,2024
2024-12-17,2025-01-18,1,0.03865573842803305,0.5,1,knn_interactions_expanding_k_150,2024
2024-12-18,2025-01-19,1,0.07279124367214007,0.3157894736842105,0,knn_interactions_expanding_k_150,2024
2024-12-19,2025-01-20,1,0.03605249360362772,0.28289473684210525,0,knn_interactions_expanding_k_150,2024
2024-12-20,2025-01-21,1,0.05106278008469345,0.3092105263157895,0,knn_interactions_expanding_k_150,2024
2024-12-21,2025-01-22,1,0.1151168004464509,0.27631578947368424,0,knn_interactions_expanding_k_150,2024
2024-12-22,2025-01-23,1,0.09301278742835661,0.3026315789473684,0,knn_interactions_expanding_k_150,2024
2024-12-23,2025-01-24,1,0.05317838659412111,0.29605263157894735,0,knn_interactions_expanding_k_150,2024
2024-12-24,2025-01-25,1,0.0547211238181462,0.3157894736842105,0,knn_interactions_expanding_k_150,2024
2024-12-25,2025-01-26,1,0.09348690281820105,0.23684210526315788,0,knn_interactions_expanding_k_150,2024
2024-12-26,2025-01-27,1,0.08824035623696225,0.28289473684210525,0,knn_interactions_expanding_k_150,2024
2024-12-27,2025-01-28,1,0.07117345225603366,0.24342105263157895,0,knn_interactions_expanding_k_150,2024
2024-12-28,2025-01-29,1,0.08104839660334817,0.2565789473684211,0,knn_interactions_expanding_k_150,2024
2024-12-29,2025-01-30,1,0.11791096327756523,0.26973684210526316,0,knn_interactions_expanding_k_150,2024
2024-12-30,2025-01-31,1,0.11912178336325563,0.3223684210526316,0,knn_interactions_expanding_k_150,2024
2024-12-31,2025-02-01,1,0.08285899683883735,0.3026315789473684,0,knn_interactions_expanding_k_150,2024
2025-01-01,2025-02-02,1,0.03764373774485685,0.34868421052631576,0,knn_interactions_expanding_k_150,2025
2025-01-02,2025-02-03,0,-0.0048238757709895275,0.3815789473684211,0,knn_interactions_expanding_k_150,2025
2025-01-03,2025-02-04,1,0.03164308554292794,0.375,0,knn_interactions_expanding_k_150,2025
2025-01-04,2025-02-05,0,-0.0061045949818230305,0.3618421052631579,0,knn_interactions_expanding_k_150,2025
2025-01-05,2025-02-06,0,-0.055001975828380734,0.3684210526315789,0,knn_interactions_expanding_k_150,2025
2025-01-06,2025-02-07,0,-0.004128220837381624,0.4276315789473684,0,knn_interactions_expanding_k_150,2025
2025-01-07,2025-02-08,1,0.015213346516501414,0.45394736842105265,0,knn_interactions_expanding_k_150,2025
2025-01-08,2025-02-09,1,0.04205462219330891,0.3881578947368421,0,knn_interactions_expanding_k_150,2025
2025-01-09,2025-02-10,1,0.018333384357637428,0.4407894736842105,0,knn_interactions_expanding_k_150,2025
2025-01-10,2025-02-11,1,0.029924210351396363,0.39473684210526316,0,knn_interactions_expanding_k_150,2025
2025-01-11,2025-02-12,1,0.01304287997248288,0.375,0,knn_interactions_expanding_k_150,2025
2025-01-12,2025-02-13,1,0.035265783624902625,0.4144736842105263,0,knn_interactions_expanding_k_150,2025
2025-01-13,2025-02-14,1,0.000489639434615663,0.4605263157894737,0,knn_interactions_expanding_k_150,2025
2025-01-14,2025-02-15,0,-0.029820487803907336,0.4407894736842105,0,knn_interactions_expanding_k_150,2025
2025-01-15,2025-02-16,0,-0.024179370780089138,0.4605263157894737,0,knn_interactions_expanding_k_150,2025
2025-01-16,2025-02-17,0,-0.0764752448344489,0.42105263157894735,0,knn_interactions_expanding_k_150,2025
2025-01-17,2025-02-18,0,-0.08393780074128532,0.4144736842105263,0,knn_interactions_expanding_k_150,2025
2025-01-18,2025-02-19,0,-0.05585455746910861,0.4473684210526316,0,knn_interactions_expanding_k_150,2025
2025-01-19,2025-02-20,0,-0.054915216115783316,0.39473684210526316,0,knn_interactions_expanding_k_150,2025
2025-01-20,2025-02-21,0,-0.07385083747692534,0.375,0,knn_interactions_expanding_k_150,2025
2025-01-21,2025-02-22,0,-0.07255724945726727,0.47368421052631576,0,knn_interactions_expanding_k_150,2025
2025-01-22,2025-02-23,0,-0.07082393621039684,0.4407894736842105,0,knn_interactions_expanding_k_150,2025
2025-01-23,2025-02-24,0,-0.08212518466821606,0.5460526315789473,1,knn_interactions_expanding_k_150,2025
2025-01-24,2025-02-25,0,-0.12596062545454823,0.5131578947368421,1,knn_interactions_expanding_k_150,2025
2025-01-25,2025-02-26,0,-0.13583725045437045,0.5394736842105263,1,knn_interactions_expanding_k_150,2025
2025-01-26,2025-02-27,0,-0.1746889266294832,0.5263157894736842,1,knn_interactions_expanding_k_150,2025
2025-01-27,2025-02-28,0,-0.16407820278615037,0.506578947368421,1,knn_interactions_expanding_k_150,2025
2025-01-28,2025-03-01,0,-0.18685715525157076,0.4342105263157895,0,knn_interactions_expanding_k_150,2025
2025-01-29,2025-03-02,0,-0.17816917668659804,0.4342105263157895,0,knn_interactions_expanding_k_150,2025
2025-01-30,2025-03-03,0,-0.07966030509161603,0.4473684210526316,0,knn_interactions_expanding_k_150,2025
2025-01-31,2025-03-04,0,-0.14323451547890675,0.3815789473684211,0,knn_interactions_expanding_k_150,2025
2025-02-01,2025-03-05,0,-0.10663814824454998,0.4276315789473684,0,knn_interactions_expanding_k_150,2025
2025-02-02,2025-03-06,0,-0.105819280279558,0.4868421052631579,0,knn_interactions_expanding_k_150,2025
2025-02-03,2025-03-07,0,-0.08010442381453786,0.39473684210526316,0,knn_interactions_expanding_k_150,2025
2025-02-04,2025-03-08,0,-0.10154696434537824,0.5328947368421053,1,knn_interactions_expanding_k_150,2025
2025-02-05,2025-03-09,0,-0.10700595053459527,0.5131578947368421,1,knn_interactions_expanding_k_150,2025
2025-02-06,2025-03-10,0,-0.16343221410304776,0.4605263157894737,0,knn_interactions_expanding_k_150,2025
2025-02-07,2025-03-11,0,-0.18506854961000985,0.46710526315789475,0,knn_interactions_expanding_k_150,2025
2025-02-08,2025-03-12,0,-0.14025890823141574,0.48026315789473684,0,knn_interactions_expanding_k_150,2025
2025-02-09,2025-03-13,0,-0.1411329597759724,0.5263157894736842,1,knn_interactions_expanding_k_150,2025
2025-02-10,2025-03-14,0,-0.15308732539478453,0.47368421052631576,0,knn_interactions_expanding_k_150,2025
2025-02-11,2025-03-15,0,-0.14189036476959227,0.5131578947368421,1,knn_interactions_expanding_k_150,2025
2025-02-12,2025-03-16,0,-0.12700473552277647,0.4934210526315789,0,knn_interactions_expanding_k_150,2025
2025-02-13,2025-03-17,0,-0.15308592871398463,0.5328947368421053,1,knn_interactions_expanding_k_150,2025
2025-02-14,2025-03-18,0,-0.13897402748210586,0.5131578947368421,1,knn_interactions_expanding_k_150,2025
2025-02-15,2025-03-19,0,-0.13944394667727578,0.5131578947368421,1,knn_interactions_expanding_k_150,2025
2025-02-16,2025-03-20,0,-0.09327708360022102,0.5263157894736842,1,knn_interactions_expanding_k_150,2025
2025-02-17,2025-03-21,0,-0.11966292240529963,0.5723684210526315,1,knn_interactions_expanding_k_150,2025
2025-02-18,2025-03-22,0,-0.1299152759752069,0.5526315789473685,1,knn_interactions_expanding_k_150,2025
2025-02-19,2025-03-23,0,-0.1471381773929935,0.4934210526315789,0,knn_interactions_expanding_k_150,2025
2025-02-20,2025-03-24,0,-0.1050039617604086,0.5657894736842105,1,knn_interactions_expanding_k_150,2025
2025-02-21,2025-03-25,0,-0.09376235422084134,0.5131578947368421,1,knn_interactions_expanding_k_150,2025
2025-02-22,2025-03-26,0,-0.09209748800099726,0.5131578947368421,1,knn_interactions_expanding_k_150,2025
2025-02-23,2025-03-27,0,-0.05072161574818845,0.506578947368421,1,knn_interactions_expanding_k_150,2025
2025-02-24,2025-03-28,0,-0.016332584915334736,0.5592105263157895,1,knn_interactions_expanding_k_150,2025
2025-02-25,2025-03-29,1,0.002068721825697839,0.5328947368421053,1,knn_interactions_expanding_k_150,2025
2025-02-26,2025-03-30,0,-0.02431914504046062,0.5197368421052632,1,knn_interactions_expanding_k_150,2025
2025-02-27,2025-03-31,0,-0.0232359355281182,0.5328947368421053,1,knn_interactions_expanding_k_150,2025
2025-02-28,2025-04-01,0,-0.04083609811892319,0.4868421052631579,0,knn_interactions_expanding_k_150,2025
2025-03-01,2025-04-02,0,-0.09665472543277032,0.506578947368421,1,knn_interactions_expanding_k_150,2025
2025-03-02,2025-04-03,0,-0.042969498438666376,0.7697368421052632,1,knn_interactions_expanding_k_150,2025
2025-03-03,2025-04-04,0,-0.046617755463384314,0.6907894736842105,1,knn_interactions_expanding_k_150,2025
2025-03-04,2025-04-05,0,-0.07412456128733202,0.7697368421052632,1,knn_interactions_expanding_k_150,2025
2025-03-05,2025-04-06,0,-0.07109703477787854,0.7105263157894737,1,knn_interactions_expanding_k_150,2025
2025-03-06,2025-04-07,0,-0.0964466841332905,0.7171052631578947,1,knn_interactions_expanding_k_150,2025
2025-03-07,2025-04-08,0,-0.08187217112571366,0.7171052631578947,1,knn_interactions_expanding_k_150,2025
2025-03-08,2025-04-09,0,-0.054649017371512176,0.7302631578947368,1,knn_interactions_expanding_k_150,2025
2025-03-09,2025-04-10,1,0.05113958928625495,0.5723684210526315,1,knn_interactions_expanding_k_150,2025
2025-03-10,2025-04-11,0,-0.040100929678286046,0.5789473684210527,1,knn_interactions_expanding_k_150,2025
2025-03-11,2025-04-12,0,-0.003062734613669238,0.6710526315789473,1,knn_interactions_expanding_k_150,2025
2025-03-12,2025-04-13,1,0.051298649905110905,0.6776315789473685,1,knn_interactions_expanding_k_150,2025
2025-03-13,2025-04-14,0,-0.002657555637026965,0.625,1,knn_interactions_expanding_k_150,2025
2025-03-14,2025-04-15,1,0.003001478329454521,0.6644736842105263,1,knn_interactions_expanding_k_150,2025
2025-03-15,2025-04-16,1,0.01295157392377222,0.6710526315789473,1,knn_interactions_expanding_k_150,2025
2025-03-16,2025-04-17,1,0.0002423520432444093,0.6776315789473685,1,knn_interactions_expanding_k_150,2025
2025-03-17,2025-04-18,1,0.026994972981331244,0.6842105263157895,1,knn_interactions_expanding_k_150,2025
2025-03-18,2025-04-19,0,-0.027303870198637892,0.6578947368421053,1,knn_interactions_expanding_k_150,2025
2025-03-19,2025-04-20,1,0.010135190489861445,0.6710526315789473,1,knn_interactions_expanding_k_150,2025
2025-03-20,2025-04-21,1,0.012967840303089284,0.6381578947368421,1,knn_interactions_expanding_k_150,2025
2025-03-21,2025-04-22,1,0.04384069816302594,0.631578947368421,1,knn_interactions_expanding_k_150,2025
2025-03-22,2025-04-23,1,0.08550506781285394,0.618421052631579,1,knn_interactions_expanding_k_150,2025
2025-03-23,2025-04-24,1,0.07077760263758703,0.6118421052631579,1,knn_interactions_expanding_k_150,2025
2025-03-24,2025-04-25,1,0.07537902401202468,0.5921052631578947,1,knn_interactions_expanding_k_150,2025
2025-03-25,2025-04-26,1,0.08893779563192239,0.6118421052631579,1,knn_interactions_expanding_k_150,2025
2025-03-26,2025-04-27,1,0.08478527549691917,0.6118421052631579,1,knn_interactions_expanding_k_150,2025
2025-03-27,2025-04-28,1,0.1104528099584503,0.625,1,knn_interactions_expanding_k_150,2025
2025-03-28,2025-04-29,1,0.14958100283211317,0.6513157894736842,1,knn_interactions_expanding_k_150,2025
2025-03-29,2025-04-30,1,0.1440322854715379,0.6513157894736842,1,knn_interactions_expanding_k_150,2025
2025-03-30,2025-05-01,1,0.14078740157480318,0.631578947368421,1,knn_interactions_expanding_k_150,2025
2025-03-31,2025-05-02,1,0.13306446167639452,0.6710526315789473,1,knn_interactions_expanding_k_150,2025
2025-04-01,2025-05-03,1,0.17415775408198253,0.6907894736842105,1,knn_interactions_expanding_k_150,2025
2025-04-02,2025-05-04,1,0.15193919610484352,0.6447368421052632,1,knn_interactions_expanding_k_150,2025
2025-04-03,2025-05-05,1,0.12382591604922033,0.6842105263157895,1,knn_interactions_expanding_k_150,2025
2025-04-04,2025-05-06,1,0.13401914506202495,0.7171052631578947,1,knn_interactions_expanding_k_150,2025
2025-04-05,2025-05-07,1,0.23465536146882582,0.7105263157894737,1,knn_interactions_expanding_k_150,2025
2025-04-06,2025-05-08,1,0.22570147457329925,0.6513157894736842,1,knn_interactions_expanding_k_150,2025
2025-04-07,2025-05-09,1,0.352965616132193,0.6644736842105263,1,knn_interactions_expanding_k_150,2025
2025-04-08,2025-05-10,1,0.24640459711902962,0.5263157894736842,1,knn_interactions_expanding_k_150,2025
2025-04-09,2025-05-11,1,0.31658189638387424,0.6710526315789473,1,knn_interactions_expanding_k_150,2025
2025-04-10,2025-05-12,1,0.24806065604995586,0.6447368421052632,1,knn_interactions_expanding_k_150,2025
2025-04-11,2025-05-13,1,0.20538279353696098,0.6907894736842105,1,knn_interactions_expanding_k_150,2025
2025-04-12,2025-05-14,1,0.24288108882521486,0.6776315789473685,1,knn_interactions_expanding_k_150,2025
2025-04-13,2025-05-15,1,0.22361859182675148,0.6578947368421053,1,knn_interactions_expanding_k_150,2025
2025-04-14,2025-05-16,1,0.24053993598344614,0.6578947368421053,1,knn_interactions_expanding_k_150,2025
2025-04-15,2025-05-17,1,0.2312677867218973,0.6842105263157895,1,knn_interactions_expanding_k_150,2025
2025-04-16,2025-05-18,1,0.21399852992280444,0.6776315789473685,1,knn_interactions_expanding_k_150,2025
2025-04-17,2025-05-19,1,0.2601911578259528,0.6447368421052632,1,knn_interactions_expanding_k_150,2025
2025-04-18,2025-05-20,1,0.2409197550454294,0.7105263157894737,1,knn_interactions_expanding_k_150,2025
2025-04-19,2025-05-21,1,0.25441363412023854,0.6513157894736842,1,knn_interactions_expanding_k_150,2025
2025-04-20,2025-05-22,1,0.2528419303301719,0.5986842105263158,1,knn_interactions_expanding_k_150,2025
2025-04-21,2025-05-23,1,0.19534081689808946,0.5789473684210527,1,knn_interactions_expanding_k_150,2025
2025-04-22,2025-05-24,1,0.145448547017341,0.4144736842105263,0,knn_interactions_expanding_k_150,2025
2025-04-23,2025-05-25,1,0.14664142454277984,0.4342105263157895,0,knn_interactions_expanding_k_150,2025
2025-04-24,2025-05-26,1,0.151793325942416,0.4473684210526316,0,knn_interactions_expanding_k_150,2025
2025-04-25,2025-05-27,1,0.1564735596229445,0.4276315789473684,0,knn_interactions_expanding_k_150,2025
2025-04-26,2025-05-28,1,0.16201594700077204,0.4276315789473684,0,knn_interactions_expanding_k_150,2025
2025-04-27,2025-05-29,1,0.13441155030386964,0.4407894736842105,0,knn_interactions_expanding_k_150,2025
2025-04-28,2025-05-30,1,0.12023458886051941,0.48026315789473684,0,knn_interactions_expanding_k_150,2025
2025-04-29,2025-05-31,1,0.10420793866542066,0.5394736842105263,1,knn_interactions_expanding_k_150,2025
2025-04-30,2025-06-01,1,0.08396713023850166,0.5460526315789473,1,knn_interactions_expanding_k_150,2025
2025-05-01,2025-06-02,1,0.0903711359805992,0.5197368421052632,1,knn_interactions_expanding_k_150,2025
2025-05-02,2025-06-03,1,0.10433917728202236,0.5855263157894737,1,knn_interactions_expanding_k_150,2025
2025-05-03,2025-06-04,1,0.11772986184100342,0.5657894736842105,1,knn_interactions_expanding_k_150,2025
2025-05-04,2025-06-05,1,0.10517041035458563,0.5263157894736842,1,knn_interactions_expanding_k_150,2025
2025-05-05,2025-06-06,1,0.04827507935744069,0.506578947368421,1,knn_interactions_expanding_k_150,2025
2025-05-06,2025-06-07,1,0.0748005008734367,0.48026315789473684,0,knn_interactions_expanding_k_150,2025
2025-05-07,2025-06-08,1,0.022181912522959868,0.4934210526315789,0,knn_interactions_expanding_k_150,2025
2025-05-08,2025-06-09,1,0.02682302245494128,0.5263157894736842,1,knn_interactions_expanding_k_150,2025
2025-05-09,2025-06-10,1,0.052032386749563786,0.6118421052631579,1,knn_interactions_expanding_k_150,2025
2025-05-10,2025-06-11,1,0.05912896905434217,0.6578947368421053,1,knn_interactions_expanding_k_150,2025
2025-05-11,2025-06-12,1,0.05694848553360332,0.6907894736842105,1,knn_interactions_expanding_k_150,2025
2025-05-12,2025-06-13,1,0.015062093842564073,0.5986842105263158,1,knn_interactions_expanding_k_150,2025
2025-05-13,2025-06-14,1,0.024720448684896645,0.6644736842105263,1,knn_interactions_expanding_k_150,2025
2025-05-14,2025-06-15,1,0.01591037945732654,0.6644736842105263,1,knn_interactions_expanding_k_150,2025
2025-05-15,2025-06-16,1,0.02058805051810353,0.5855263157894737,1,knn_interactions_expanding_k_150,2025
2025-05-16,2025-06-17,1,0.035566752144087,0.5789473684210527,1,knn_interactions_expanding_k_150,2025
2025-05-17,2025-06-18,0,-0.017877159835862022,0.5986842105263158,1,knn_interactions_expanding_k_150,2025
2025-05-18,2025-06-19,0,-0.006506732309259133,0.6842105263157895,1,knn_interactions_expanding_k_150,2025
2025-05-19,2025-06-20,0,-0.020509218530650464,0.6447368421052632,1,knn_interactions_expanding_k_150,2025
2025-05-20,2025-06-21,0,-0.05787832055363917,0.6513157894736842,1,knn_interactions_expanding_k_150,2025
2025-05-21,2025-06-22,0,-0.0857343247604977,0.6776315789473685,1,knn_interactions_expanding_k_150,2025
2025-05-22,2025-06-23,0,-0.05921105720086883,0.6776315789473685,1,knn_interactions_expanding_k_150,2025
2025-05-23,2025-06-24,0,-0.022530783143207334,0.5263157894736842,1,knn_interactions_expanding_k_150,2025
2025-05-24,2025-06-25,0,-0.026798967379238592,0.46710526315789475,0,knn_interactions_expanding_k_150,2025
2025-05-25,2025-06-26,0,-0.01913642079784872,0.5460526315789473,1,knn_interactions_expanding_k_150,2025
2025-05-26,2025-06-27,0,-0.018277432051594045,0.618421052631579,1,knn_interactions_expanding_k_150,2025
2025-05-27,2025-06-28,0,-0.0068119119947731566,0.5592105263157895,1,knn_interactions_expanding_k_150,2025
2025-05-28,2025-06-29,1,0.01616672072810088,0.5328947368421053,1,knn_interactions_expanding_k_150,2025
2025-05-29,2025-06-30,1,0.04203914258405517,0.4407894736842105,0,knn_interactions_expanding_k_150,2025
2025-05-30,2025-07-01,1,0.024424745018446936,0.4407894736842105,0,knn_interactions_expanding_k_150,2025
2025-05-31,2025-07-02,1,0.0003615954233757712,0.4144736842105263,0,knn_interactions_expanding_k_150,2025
2025-06-01,2025-07-03,1,0.0282604054488087,0.27631578947368424,0,knn_interactions_expanding_k_150,2025
2025-06-02,2025-07-04,1,0.03993161689136815,0.3157894736842105,0,knn_interactions_expanding_k_150,2025
2025-06-03,2025-07-05,1,0.0313991269652214,0.3026315789473684,0,knn_interactions_expanding_k_150,2025
2025-06-04,2025-07-06,1,0.06590007220071503,0.3157894736842105,0,knn_interactions_expanding_k_150,2025
2025-06-05,2025-07-07,1,0.04713293699023002,0.42105263157894735,0,knn_interactions_expanding_k_150,2025
2025-06-06,2025-07-08,1,0.025681997003377033,0.3026315789473684,0,knn_interactions_expanding_k_150,2025
2025-06-07,2025-07-09,1,0.03016039966705142,0.4407894736842105,0,knn_interactions_expanding_k_150,2025
2025-06-08,2025-07-10,1,0.008806034879146107,0.39473684210526316,0,knn_interactions_expanding_k_150,2025
2025-06-09,2025-07-11,1,0.05201225778714336,0.3355263157894737,0,knn_interactions_expanding_k_150,2025
2025-06-10,2025-07-12,1,0.08175727710942948,0.3618421052631579,0,knn_interactions_expanding_k_150,2025
2025-06-11,2025-07-13,1,0.11117693339770884,0.40131578947368424,0,knn_interactions_expanding_k_150,2025
2025-06-12,2025-07-14,1,0.12275363995391952,0.3618421052631579,0,knn_interactions_expanding_k_150,2025
2025-06-13,2025-07-15,1,0.1368551974237351,0.4605263157894737,0,knn_interactions_expanding_k_150,2025
2025-06-14,2025-07-16,1,0.11519648555855722,0.4276315789473684,0,knn_interactions_expanding_k_150,2025
2025-06-15,2025-07-17,1,0.11082880368498271,0.3684210526315789,0,knn_interactions_expanding_k_150,2025
2025-06-16,2025-07-18,1,0.1398969518944646,0.34868421052631576,0,knn_interactions_expanding_k_150,2025
2025-06-17,2025-07-19,1,0.12430593023201486,0.3815789473684211,0,knn_interactions_expanding_k_150,2025
2025-06-18,2025-07-20,1,0.1259468525230465,0.3881578947368421,0,knn_interactions_expanding_k_150,2025
2025-06-19,2025-07-21,1,0.13521203415594396,0.5197368421052632,1,knn_interactions_expanding_k_150,2025
2025-06-20,2025-07-22,1,0.14943534088614552,0.48026315789473684,0,knn_interactions_expanding_k_150,2025
2025-06-21,2025-07-23,1,0.1880926315522573,0.48026315789473684,0,knn_interactions_expanding_k_150,2025
2025-06-22,2025-07-24,1,0.12742388635609747,0.4934210526315789,0,knn_interactions_expanding_k_150,2025
2025-06-23,2025-07-25,1,0.11555084226501888,0.4473684210526316,0,knn_interactions_expanding_k_150,2025
2025-06-24,2025-07-26,1,0.09571141727467691,0.46710526315789475,0,knn_interactions_expanding_k_150,2025
2025-06-25,2025-07-27,1,0.10260151143939833,0.46710526315789475,0,knn_interactions_expanding_k_150,2025
2025-06-26,2025-07-28,1,0.11553722185966264,0.5328947368421053,1,knn_interactions_expanding_k_150,2025
2025-06-27,2025-07-29,1,0.10033412928755858,0.5328947368421053,1,knn_interactions_expanding_k_150,2025
2025-06-28,2025-07-30,1,0.08853905329359191,0.5592105263157895,1,knn_interactions_expanding_k_150,2025
2025-06-29,2025-07-31,1,0.09980521064101855,0.5592105263157895,1,knn_interactions_expanding_k_150,2025
2025-06-30,2025-08-01,1,0.09540908580368135,0.4868421052631579,0,knn_interactions_expanding_k_150,2025
2025-07-01,2025-08-02,1,0.040866759351137594,0.5263157894736842,1,knn_interactions_expanding_k_150,2025
2025-07-02,2025-08-03,1,0.027025470783941907,0.5526315789473685,1,knn_interactions_expanding_k_150,2025
2025-07-03,2025-08-04,1,0.05764322111789455,0.5657894736842105,1,knn_interactions_expanding_k_150,2025
2025-07-04,2025-08-05,1,0.06337365196363853,0.5657894736842105,1,knn_interactions_expanding_k_150,2025
2025-07-05,2025-08-06,1,0.04510738403453729,0.6118421052631579,1,knn_interactions_expanding_k_150,2025
2025-07-06,2025-08-07,1,0.06215728115271957,0.5921052631578947,1,knn_interactions_expanding_k_150,2025
2025-07-07,2025-08-08,1,0.07848691997896862,0.5592105263157895,1,knn_interactions_expanding_k_150,2025
2025-07-08,2025-08-09,1,0.0489125627056477,0.5131578947368421,1,knn_interactions_expanding_k_150,2025
2025-07-09,2025-08-10,1,0.0038982842946053697,0.5657894736842105,1,knn_interactions_expanding_k_150,2025
2025-07-10,2025-08-11,1,0.01503144025840375,0.618421052631579,1,knn_interactions_expanding_k_150,2025
2025-07-11,2025-08-12,1,0.010781808891159983,0.5986842105263158,1,knn_interactions_expanding_k_150,2025
2025-07-12,2025-08-13,1,0.008795612270561026,0.6447368421052632,1,knn_interactions_expanding_k_150,2025
2025-07-13,2025-08-14,1,0.02891552210313031,0.631578947368421,1,knn_interactions_expanding_k_150,2025
2025-07-14,2025-08-15,1,0.00456028155350352,0.631578947368421,1,knn_interactions_expanding_k_150,2025
2025-07-15,2025-08-16,0,-0.010860618910289888,0.5921052631578947,1,knn_interactions_expanding_k_150,2025
2025-07-16,2025-08-17,0,-0.015077502845334267,0.6052631578947368,1,knn_interactions_expanding_k_150,2025
2025-07-17,2025-08-18,0,-0.004408146748386521,0.631578947368421,1,knn_interactions_expanding_k_150,2025
2025-07-18,2025-08-19,0,-0.013687710990520019,0.5986842105263158,1,knn_interactions_expanding_k_150,2025
2025-07-19,2025-08-20,0,-0.03745495996208936,0.5921052631578947,1,knn_interactions_expanding_k_150,2025
2025-07-20,2025-08-21,0,-0.02648765091536609,0.618421052631579,1,knn_interactions_expanding_k_150,2025
2025-07-21,2025-08-22,0,-0.062143849126705786,0.6118421052631579,1,knn_interactions_expanding_k_150,2025
2025-07-22,2025-08-23,0,-0.015325541446326918,0.631578947368421,1,knn_interactions_expanding_k_150,2025
2025-07-23,2025-08-24,0,-0.024530133179562985,0.5986842105263158,1,knn_interactions_expanding_k_150,2025
2025-07-24,2025-08-25,0,-0.035035872760721065,0.5197368421052632,1,knn_interactions_expanding_k_150,2025
2025-07-25,2025-08-26,0,-0.06621447305075256,0.4144736842105263,0,knn_interactions_expanding_k_150,2025
2025-07-26,2025-08-27,0,-0.06408159874642794,0.4276315789473684,0,knn_interactions_expanding_k_150,2025
2025-07-27,2025-08-28,0,-0.05759932550876534,0.4144736842105263,0,knn_interactions_expanding_k_150,2025
2025-07-28,2025-08-29,0,-0.045644898400391765,0.3618421052631579,0,knn_interactions_expanding_k_150,2025
2025-07-29,2025-08-30,0,-0.08030267067401142,0.42105263157894735,0,knn_interactions_expanding_k_150,2025
2025-07-30,2025-08-31,0,-0.06001637641109203,0.3618421052631579,0,knn_interactions_expanding_k_150,2025
2025-07-31,2025-09-01,0,-0.0445865202114919,0.39473684210526316,0,knn_interactions_expanding_k_150,2025
2025-08-01,2025-09-02,0,-0.029400509212426762,0.4342105263157895,0,knn_interactions_expanding_k_150,2025
2025-08-02,2025-09-03,0,-0.025994492018610482,0.4473684210526316,0,knn_interactions_expanding_k_150,2025
2025-08-03,2025-09-04,0,-0.029110504773237622,0.4276315789473684,0,knn_interactions_expanding_k_150,2025
2025-08-04,2025-09-05,0,-0.029780841542192182,0.39473684210526316,0,knn_interactions_expanding_k_150,2025
2025-08-05,2025-09-06,0,-0.0376744454214184,0.4605263157894737,0,knn_interactions_expanding_k_150,2025
2025-08-06,2025-09-07,0,-0.062006595272644516,0.40131578947368424,0,knn_interactions_expanding_k_150,2025
2025-08-07,2025-09-08,0,-0.047460058621086265,0.34868421052631576,0,knn_interactions_expanding_k_150,2025
2025-08-08,2025-09-09,0,-0.03775489482643524,0.3881578947368421,0,knn_interactions_expanding_k_150,2025
2025-08-09,2025-09-10,0,-0.06494771291194457,0.4934210526315789,0,knn_interactions_expanding_k_150,2025
2025-08-10,2025-09-11,0,-0.03981935527357905,0.4407894736842105,0,knn_interactions_expanding_k_150,2025
2025-08-11,2025-09-12,0,-0.038718402078877,0.47368421052631576,0,knn_interactions_expanding_k_150,2025
2025-08-12,2025-09-13,0,-0.05901581458356919,0.5328947368421053,1,knn_interactions_expanding_k_150,2025
2025-08-13,2025-09-14,0,-0.020092127238755197,0.5723684210526315,1,knn_interactions_expanding_k_150,2025
2025-08-14,2025-09-15,0,-0.017675080474142124,0.4473684210526316,0,knn_interactions_expanding_k_150,2025
2025-08-15,2025-09-16,0,-0.01730225405105068,0.48026315789473684,0,knn_interactions_expanding_k_150,2025
2025-08-16,2025-09-17,0,-0.005247220710598244,0.506578947368421,1,knn_interactions_expanding_k_150,2025
2025-08-17,2025-09-18,1,0.0018975789198814041,0.47368421052631576,0,knn_interactions_expanding_k_150,2025
2025-08-18,2025-09-19,1,0.037215116642207,0.4276315789473684,0,knn_interactions_expanding_k_150,2025
2025-08-19,2025-09-20,1,0.011911659653965456,0.5460526315789473,1,knn_interactions_expanding_k_150,2025
2025-08-20,2025-09-21,1,0.028316711111111115,0.5526315789473685,1,knn_interactions_expanding_k_150,2025
2025-08-21,2025-09-22,0,-0.014569593623862676,0.5394736842105263,1,knn_interactions_expanding_k_150,2025
2025-08-22,2025-09-23,0,-0.024143423754695692,0.618421052631579,1,knn_interactions_expanding_k_150,2025
2025-08-23,2025-09-24,0,-0.013170699772559802,0.6381578947368421,1,knn_interactions_expanding_k_150,2025
2025-08-24,2025-09-25,1,0.029016188792536424,0.6776315789473685,1,knn_interactions_expanding_k_150,2025
2025-08-25,2025-09-26,0,-0.024773176721286316,0.7302631578947368,1,knn_interactions_expanding_k_150,2025
2025-08-26,2025-09-27,0,-0.014547193601841202,0.7368421052631579,1,knn_interactions_expanding_k_150,2025
2025-08-27,2025-09-28,0,-0.02603829367247379,0.7368421052631579,1,knn_interactions_expanding_k_150,2025
2025-08-28,2025-09-29,1,0.03493864957085169,0.7302631578947368,1,knn_interactions_expanding_k_150,2025
2025-08-29,2025-09-30,1,0.05050381684440186,0.756578947368421,1,knn_interactions_expanding_k_150,2025
2025-08-30,2025-10-01,1,0.05360531291768145,0.756578947368421,1,knn_interactions_expanding_k_150,2025
2025-08-31,2025-10-02,1,0.08566257920934262,0.7236842105263158,1,knn_interactions_expanding_k_150,2025
2025-09-01,2025-10-03,1,0.08350718415073866,0.7368421052631579,1,knn_interactions_expanding_k_150,2025
2025-09-02,2025-10-04,1,0.09423411800219372,0.6973684210526315,1,knn_interactions_expanding_k_150,2025
2025-09-03,2025-10-05,1,0.1053014394269638,0.6842105263157895,1,knn_interactions_expanding_k_150,2025
2025-09-04,2025-10-06,1,0.11587131754925006,0.7171052631578947,1,knn_interactions_expanding_k_150,2025
2025-09-05,2025-10-07,1,0.13132612105240526,0.7236842105263158,1,knn_interactions_expanding_k_150,2025
2025-09-06,2025-10-08,1,0.09173882587626925,0.756578947368421,1,knn_interactions_expanding_k_150,2025
2025-09-07,2025-10-09,1,0.1003056880354416,0.6907894736842105,1,knn_interactions_expanding_k_150,2025
2025-09-08,2025-10-10,1,0.09068900308553274,0.7302631578947368,1,knn_interactions_expanding_k_150,2025
2025-09-09,2025-10-11,0,-0.010402860652860557,0.6973684210526315,1,knn_interactions_expanding_k_150,2025
2025-09-10,2025-10-12,0,-0.041896235704242835,0.7368421052631579,1,knn_interactions_expanding_k_150,2025
2025-09-11,2025-10-13,0,-0.009226970989510419,0.7171052631578947,1,knn_interactions_expanding_k_150,2025
2025-09-12,2025-10-14,0,-0.006489830034587252,0.5526315789473685,1,knn_interactions_expanding_k_150,2025
2025-09-13,2025-10-15,0,-0.019431930854015733,0.6052631578947368,1,knn_interactions_expanding_k_150,2025
2025-09-14,2025-10-16,0,-0.03976108825934632,0.5986842105263158,1,knn_interactions_expanding_k_150,2025
2025-09-15,2025-10-17,0,-0.07359163057878071,0.5986842105263158,1,knn_interactions_expanding_k_150,2025
2025-09-16,2025-10-18,0,-0.08601224928637441,0.5855263157894737,1,knn_interactions_expanding_k_150,2025
2025-09-17,2025-10-19,0,-0.08446426788361128,0.5855263157894737,1,knn_interactions_expanding_k_150,2025
2025-09-18,2025-10-20,0,-0.060446904193539486,0.625,1,knn_interactions_expanding_k_150,2025
2025-09-19,2025-10-21,0,-0.04454779733662695,0.625,1,knn_interactions_expanding_k_150,2025
2025-09-20,2025-10-22,0,-0.06017957293046927,0.6447368421052632,1,knn_interactions_expanding_k_150,2025
2025-09-21,2025-10-23,0,-0.04512645650073743,0.6513157894736842,1,knn_interactions_expanding_k_150,2025
2025-09-22,2025-10-24,0,-0.017148487305221116,0.5197368421052632,1,knn_interactions_expanding_k_150,2025
2025-09-23,2025-10-25,0,-0.02031745432166998,0.5,1,knn_interactions_expanding_k_150,2025
2025-09-24,2025-10-26,1,0.02432948674744928,0.4934210526315789,0,knn_interactions_expanding_k_150,2025
2025-09-25,2025-10-27,1,0.04483577953486684,0.5131578947368421,1,knn_interactions_expanding_k_150,2025
2025-09-26,2025-10-28,1,0.040787753275958405,0.5328947368421053,1,knn_interactions_expanding_k_150,2025
2025-09-27,2025-10-29,1,0.0065482709419317775,0.5263157894736842,1,knn_interactions_expanding_k_150,2025
2025-09-28,2025-10-30,0,-0.037534739362815595,0.5131578947368421,1,knn_interactions_expanding_k_150,2025
2025-09-29,2025-10-31,0,-0.05020713037753799,0.47368421052631576,0,knn_interactions_expanding_k_150,2025
2025-09-30,2025-11-01,0,-0.07577874916975846,0.45394736842105265,0,knn_interactions_expanding_k_150,2025
2025-10-01,2025-11-02,0,-0.08654531033312629,0.4934210526315789,0,knn_interactions_expanding_k_150,2025
2025-10-02,2025-11-03,0,-0.09565007455890717,0.5394736842105263,1,knn_interactions_expanding_k_150,2025
2025-10-03,2025-11-04,0,-0.12915934416414154,0.625,1,knn_interactions_expanding_k_150,2025
2025-10-04,2025-11-05,0,-0.17804241125369213,0.631578947368421,1,knn_interactions_expanding_k_150,2025
2025-10-05,2025-11-06,0,-0.16664225331052318,0.6578947368421053,1,knn_interactions_expanding_k_150,2025
2025-10-06,2025-11-07,0,-0.16472786949234575,0.625,1,knn_interactions_expanding_k_150,2025
2025-10-07,2025-11-08,0,-0.1619298199657908,0.6578947368421053,1,knn_interactions_expanding_k_150,2025
2025-10-08,2025-11-09,0,-0.15904222183335026,0.6118421052631579,1,knn_interactions_expanding_k_150,2025
2025-10-09,2025-11-10,0,-0.07139504687629272,0.6118421052631579,1,knn_interactions_expanding_k_150,2025
2025-10-10,2025-11-11,0,-0.04187532310717934,0.75,1,knn_interactions_expanding_k_150,2025
2025-10-11,2025-11-12,0,-0.10351368459711785,0.7894736842105263,1,knn_interactions_expanding_k_150,2025
2025-10-12,2025-11-13,0,-0.1173230814650158,0.7631578947368421,1,knn_interactions_expanding_k_150,2025
2025-10-13,2025-11-14,0,-0.11798921206605828,0.743421052631579,1,knn_interactions_expanding_k_150,2025
2025-10-14,2025-11-15,0,-0.14598050906401472,0.7763157894736842,1,knn_interactions_expanding_k_150,2025
2025-10-15,2025-11-16,0,-0.11643906835361995,0.7631578947368421,1,knn_interactions_expanding_k_150,2025
2025-10-16,2025-11-17,0,-0.11434781448531106,0.7368421052631579,1,knn_interactions_expanding_k_150,2025
2025-10-17,2025-11-18,0,-0.13966375892149085,0.75,1,knn_interactions_expanding_k_150,2025
2025-10-18,2025-11-19,0,-0.14434407370136093,0.7697368421052632,1,knn_interactions_expanding_k_150,2025
2025-10-19,2025-11-20,0,-0.17168887333985983,0.7631578947368421,1,knn_interactions_expanding_k_150,2025
2025-10-20,2025-11-21,0,-0.20000838429934686,0.7697368421052632,1,knn_interactions_expanding_k_150,2025
2025-10-21,2025-11-22,0,-0.2085949792432562,0.7828947368421053,1,knn_interactions_expanding_k_150,2025
2025-10-22,2025-11-23,0,-0.23018583426925898,0.7697368421052632,1,knn_interactions_expanding_k_150,2025
2025-10-23,2025-11-24,0,-0.21778227807961625,0.756578947368421,1,knn_interactions_expanding_k_150,2025
2025-10-24,2025-11-25,0,-0.2091091802708681,0.7763157894736842,1,knn_interactions_expanding_k_150,2025
2025-10-25,2025-11-26,0,-0.23733921115690104,0.7763157894736842,1,knn_interactions_expanding_k_150,2025
2025-10-26,2025-11-27,0,-0.20702941476754622,0.7368421052631579,1,knn_interactions_expanding_k_150,2025
2025-10-27,2025-11-28,0,-0.19100795369714585,0.7302631578947368,1,knn_interactions_expanding_k_150,2025
2025-10-28,2025-11-29,0,-0.17388078490255976,0.756578947368421,1,knn_interactions_expanding_k_150,2025
2025-10-29,2025-11-30,0,-0.1617426680072268,0.7894736842105263,1,knn_interactions_expanding_k_150,2025
2025-10-30,2025-12-01,0,-0.17560760386033836,0.8157894736842105,1,knn_interactions_expanding_k_150,2025
2025-10-31,2025-12-02,0,-0.21628066242741706,0.8026315789473685,1,knn_interactions_expanding_k_150,2025
2025-11-01,2025-12-03,0,-0.1742599037512793,0.7828947368421053,1,knn_interactions_expanding_k_150,2025
2025-11-02,2025-12-04,0,-0.1234070520594035,0.8026315789473685,1,knn_interactions_expanding_k_150,2025
2025-11-03,2025-12-05,0,-0.09280223706597701,0.8026315789473685,1,knn_interactions_expanding_k_150,2025
2025-11-04,2025-12-06,0,-0.14010778825387582,0.6973684210526315,1,knn_interactions_expanding_k_150,2025
2025-11-05,2025-12-07,0,-0.11948409627055967,0.7828947368421053,1,knn_interactions_expanding_k_150,2025
2025-11-06,2025-12-08,0,-0.12525531238953225,0.7105263157894737,1,knn_interactions_expanding_k_150,2025
2025-11-07,2025-12-09,0,-0.11414586325582432,0.7763157894736842,1,knn_interactions_expanding_k_150,2025
2025-11-08,2025-12-10,0,-0.11500955616701014,0.7105263157894737,1,knn_interactions_expanding_k_150,2025
2025-11-09,2025-12-11,0,-0.13202151509940507,0.756578947368421,1,knn_interactions_expanding_k_150,2025
2025-11-10,2025-12-12,0,-0.10232604624535457,0.7105263157894737,1,knn_interactions_expanding_k_150,2025
2025-11-11,2025-12-13,0,-0.1120063997248717,0.6513157894736842,1,knn_interactions_expanding_k_150,2025
2025-11-12,2025-12-14,0,-0.09481229342004571,0.6710526315789473,1,knn_interactions_expanding_k_150,2025
2025-11-13,2025-12-15,0,-0.06788844958454021,0.6644736842105263,1,knn_interactions_expanding_k_150,2025
2025-11-14,2025-12-16,0,-0.09586308999842352,0.6381578947368421,1,knn_interactions_expanding_k_150,2025
2025-11-15,2025-12-17,0,-0.0678752554729426,0.6710526315789473,1,knn_interactions_expanding_k_150,2025
2025-11-16,2025-12-18,0,-0.06476062390622628,0.6513157894736842,1,knn_interactions_expanding_k_150,2025
2025-11-17,2025-12-19,0,-0.08008125572889135,0.5921052631578947,1,knn_interactions_expanding_k_150,2025
2025-11-18,2025-12-20,0,-0.03733287634006954,0.6052631578947368,1,knn_interactions_expanding_k_150,2025
2025-11-19,2025-12-21,1,0.01989549064478302,0.5789473684210527,1,knn_interactions_expanding_k_150,2025
2025-11-20,2025-12-22,1,0.04145981494999029,0.5526315789473685,1,knn_interactions_expanding_k_150,2025
2025-11-21,2025-12-23,1,0.04579952147604871,0.5657894736842105,1,knn_interactions_expanding_k_150,2025
2025-11-22,2025-12-24,1,0.007554992514108072,0.5131578947368421,1,knn_interactions_expanding_k_150,2025
2025-11-23,2025-12-25,0,-0.007141222294312244,0.5789473684210527,1,knn_interactions_expanding_k_150,2025
2025-11-24,2025-12-26,0,-0.0016561754570820764,0.6118421052631579,1,knn_interactions_expanding_k_150,2025
2025-11-25,2025-12-27,0,-0.0344198936364557,0.5723684210526315,1,knn_interactions_expanding_k_150,2025
2025-11-26,2025-12-28,0,-0.037849456620397626,0.6447368421052632,1,knn_interactions_expanding_k_150,2025
2025-11-27,2025-12-29,0,-0.03232453569787275,0.6710526315789473,1,knn_interactions_expanding_k_150,2025
2025-11-28,2025-12-30,0,-0.039264473509742714,0.7105263157894737,1,knn_interactions_expanding_k_150,2025
2025-11-29,2025-12-31,0,-0.020744906956074893,0.7171052631578947,1,knn_interactions_expanding_k_150,2025
2025-11-30,2026-01-01,1,0.015787031988152123,0.7105263157894737,1,knn_interactions_expanding_k_150,2025
2025-12-01,2026-01-02,0,-0.02671874061930446,0.6118421052631579,1,knn_interactions_expanding_k_150,2025
2025-12-02,2026-01-03,0,-0.03676347894866683,0.6973684210526315,1,knn_interactions_expanding_k_150,2025
2025-12-03,2026-01-04,0,-0.015748051164414245,0.6842105263157895,1,knn_interactions_expanding_k_150,2025
2025-12-04,2026-01-05,1,0.024624415258293952,0.618421052631579,1,knn_interactions_expanding_k_150,2025
2025-12-05,2026-01-06,1,0.0518049728363188,0.5986842105263158,1,knn_interactions_expanding_k_150,2025
2025-12-06,2026-01-07,1,0.03708875636482056,0.625,1,knn_interactions_expanding_k_150,2025
2025-12-07,2026-01-08,1,0.008052245092506238,0.625,1,knn_interactions_expanding_k_150,2025
2025-12-08,2026-01-09,0,-0.017035285627858165,0.625,1,knn_interactions_expanding_k_150,2025
2025-12-09,2026-01-10,0,-0.014933481772286372,0.625,1,knn_interactions_expanding_k_150,2025
2025-12-10,2026-01-11,0,-0.021712318801885844,0.625,1,knn_interactions_expanding_k_150,2025
2025-12-11,2026-01-12,1,0.008255710218954881,0.6447368421052632,1,knn_interactions_expanding_k_150,2025
2025-12-12,2026-01-13,1,0.011704343971631115,0.6710526315789473,1,knn_interactions_expanding_k_150,2025
2025-12-13,2026-01-14,1,0.08213284102374274,0.6973684210526315,1,knn_interactions_expanding_k_150,2025
2025-12-14,2026-01-15,1,0.12171059634339465,0.6381578947368421,1,knn_interactions_expanding_k_150,2025
2025-12-15,2026-01-16,1,0.08810696327243317,0.6710526315789473,1,knn_interactions_expanding_k_150,2025
2025-12-16,2026-01-17,1,0.10792394950884843,0.625,1,knn_interactions_expanding_k_150,2025
2025-12-17,2026-01-18,1,0.11262586911681627,0.6513157894736842,1,knn_interactions_expanding_k_150,2025
2025-12-18,2026-01-19,1,0.06281349649607804,0.6578947368421053,1,knn_interactions_expanding_k_150,2025
2025-12-19,2026-01-20,1,0.04832544164608543,0.6973684210526315,1,knn_interactions_expanding_k_150,2025
2025-12-20,2026-01-21,0,-0.0026078608942341486,0.6578947368421053,1,knn_interactions_expanding_k_150,2025
2025-12-21,2026-01-22,1,0.009410207243695234,0.6513157894736842,1,knn_interactions_expanding_k_150,2025
2025-12-22,2026-01-23,1,0.023702992478796592,0.6381578947368421,1,knn_interactions_expanding_k_150,2025
2025-12-23,2026-01-24,1,0.022023866013059834,0.5921052631578947,1,knn_interactions_expanding_k_150,2025
2025-12-24,2026-01-25,1,0.022929937620141505,0.6118421052631579,1,knn_interactions_expanding_k_150,2025
2025-12-25,2026-01-26,0,-0.008002787240773523,0.5986842105263158,1,knn_interactions_expanding_k_150,2025
2025-12-26,2026-01-27,1,0.005349295037381907,0.5657894736842105,1,knn_interactions_expanding_k_150,2025
2025-12-27,2026-01-28,1,0.01474974449337596,0.5855263157894737,1,knn_interactions_expanding_k_150,2025
2025-12-28,2026-01-29,1,0.02364669722628432,0.5986842105263158,1,knn_interactions_expanding_k_150,2025
2025-12-29,2026-01-30,0,-0.04334427674590746,0.618421052631579,1,knn_interactions_expanding_k_150,2025
2025-12-30,2026-01-31,0,-0.03865121717830866,0.6513157894736842,1,knn_interactions_expanding_k_150,2025
2025-12-31,2026-02-01,0,-0.11366566841946191,0.625,1,knn_interactions_expanding_k_150,2025
2026-01-01,2026-02-02,0,-0.1447513721296505,0.6907894736842105,1,knn_interactions_expanding_k_150,2026
2026-01-02,2026-02-03,0,-0.13118913236647245,0.618421052631579,1,knn_interactions_expanding_k_150,2026
2026-01-03,2026-02-04,0,-0.17217933755738846,0.6578947368421053,1,knn_interactions_expanding_k_150,2026
2026-01-04,2026-02-05,0,-0.2204766027936802,0.7105263157894737,1,knn_interactions_expanding_k_150,2026
2026-01-05,2026-02-06,0,-0.328946856129258,0.7631578947368421,1,knn_interactions_expanding_k_150,2026
2026-01-06,2026-02-07,0,-0.22748416884695277,0.7105263157894737,1,knn_interactions_expanding_k_150,2026
2026-01-07,2026-02-08,0,-0.23941416026344686,0.6973684210526315,1,knn_interactions_expanding_k_150,2026
2026-01-08,2026-02-09,0,-0.22407993621448596,0.6907894736842105,1,knn_interactions_expanding_k_150,2026
2026-01-09,2026-02-10,0,-0.22503472195366647,0.6578947368421053,1,knn_interactions_expanding_k_150,2026
2026-01-10,2026-02-11,0,-0.24361595830779692,0.6052631578947368,1,knn_interactions_expanding_k_150,2026
2026-01-11,2026-02-12,0,-0.26522111544620686,0.6710526315789473,1,knn_interactions_expanding_k_150,2026
2026-01-12,2026-02-13,0,-0.3054250220538939,0.7171052631578947,1,knn_interactions_expanding_k_150,2026
2026-01-13,2026-02-14,0,-0.2898122138654906,0.7171052631578947,1,knn_interactions_expanding_k_150,2026
2026-01-14,2026-02-15,0,-0.269671264447887,0.6907894736842105,1,knn_interactions_expanding_k_150,2026
2026-01-15,2026-02-16,0,-0.2796241460314258,0.7171052631578947,1,knn_interactions_expanding_k_150,2026
2026-01-16,2026-02-17,0,-0.2759427782700531,0.7302631578947368,1,knn_interactions_expanding_k_150,2026
2026-01-17,2026-02-18,0,-0.2793716533896482,0.7039473684210527,1,knn_interactions_expanding_k_150,2026
2026-01-18,2026-02-19,0,-0.28251873374126746,0.6118421052631579,1,knn_interactions_expanding_k_150,2026
2026-01-19,2026-02-20,0,-0.2422763420404883,0.5263157894736842,1,knn_interactions_expanding_k_150,2026
2026-01-20,2026-02-21,0,-0.23961538981784414,0.45394736842105265,0,knn_interactions_expanding_k_150,2026
2026-01-21,2026-02-22,0,-0.24099851629661917,0.4605263157894737,0,knn_interactions_expanding_k_150,2026
2026-01-22,2026-02-23,0,-0.24505364158541498,0.4934210526315789,0,knn_interactions_expanding_k_150,2026
2026-01-23,2026-02-24,0,-0.2753626940508156,0.5,1,knn_interactions_expanding_k_150,2026
2026-01-24,2026-02-25,0,-0.2608989970735093,0.4934210526315789,0,knn_interactions_expanding_k_150,2026
2026-01-25,2026-02-26,0,-0.23044383583475547,0.47368421052631576,0,knn_interactions_expanding_k_150,2026
2026-01-26,2026-02-27,0,-0.24386333264575155,0.5131578947368421,1,knn_interactions_expanding_k_150,2026
2026-01-27,2026-02-28,0,-0.2623506159014558,0.4407894736842105,0,knn_interactions_expanding_k_150,2026
2026-01-28,2026-03-01,0,-0.20882299572735608,0.4342105263157895,0,knn_interactions_expanding_k_150,2026
2026-01-29,2026-03-02,0,-0.21936755656565066,0.4605263157894737,0,knn_interactions_expanding_k_150,2026
2026-01-30,2026-03-03,0,-0.12586870135164496,0.47368421052631576,0,knn_interactions_expanding_k_150,2026
2026-01-31,2026-03-04,0,-0.11212692719150852,0.48026315789473684,0,knn_interactions_expanding_k_150,2026
2026-02-01,2026-03-05,0,-0.07711376631029765,0.4934210526315789,0,knn_interactions_expanding_k_150,2026
2026-02-02,2026-03-06,0,-0.06439456878897398,0.5,1,knn_interactions_expanding_k_150,2026
2026-02-03,2026-03-07,0,-0.06904615596568009,0.4868421052631579,0,knn_interactions_expanding_k_150,2026
2026-02-04,2026-03-08,1,0.069194865606939,0.4868421052631579,0,knn_interactions_expanding_k_150,2026
2026-02-05,2026-03-09,0,-0.06530239474889998,0.45394736842105265,0,knn_interactions_expanding_k_150,2026
2026-02-06,2026-03-10,0,-0.012371450339352053,0.46710526315789475,0,knn_interactions_expanding_k_150,2026
2026-02-07,2026-03-11,0,-0.005427810854996218,0.42105263157894735,0,knn_interactions_expanding_k_150,2026
2026-02-08,2026-03-12,1,0.0007679146824830507,0.46710526315789475,0,knn_interactions_expanding_k_150,2026
2026-02-09,2026-03-13,1,0.024695357204282065,0.45394736842105265,0,knn_interactions_expanding_k_150,2026
2026-02-10,2026-03-14,1,0.05735458357855361,0.42105263157894735,0,knn_interactions_expanding_k_150,2026
2026-02-11,2026-03-15,1,0.07453777354808211,0.4276315789473684,0,knn_interactions_expanding_k_150,2026
2026-02-12,2026-03-16,1,0.05753161364551662,0.3815789473684211,0,knn_interactions_expanding_k_150,2026
2026-02-13,2026-03-17,1,0.07249379645142406,0.3815789473684211,0,knn_interactions_expanding_k_150,2026
2026-02-14,2026-03-18,1,0.07375546961112467,0.4144736842105263,0,knn_interactions_expanding_k_150,2026
2026-02-15,2026-03-19,1,0.03417095318019725,0.40789473684210525,0,knn_interactions_expanding_k_150,2026
2026-02-16,2026-03-20,1,0.03594612547612308,0.39473684210526316,0,knn_interactions_expanding_k_150,2026
2026-02-17,2026-03-21,1,0.06093393117768309,0.39473684210526316,0,knn_interactions_expanding_k_150,2026
2026-02-18,2026-03-22,1,0.028571394458189125,0.39473684210526316,0,knn_interactions_expanding_k_150,2026
2026-02-19,2026-03-23,0,-0.0023669508967950614,0.5,1,knn_interactions_expanding_k_150,2026
2026-02-20,2026-03-24,1,0.043111142429386407,0.46710526315789475,0,knn_interactions_expanding_k_150,2026
2026-02-21,2026-03-25,1,0.043069248894829215,0.47368421052631576,0,knn_interactions_expanding_k_150,2026
2026-02-22,2026-03-26,1,0.10332403747153585,0.45394736842105265,0,knn_interactions_expanding_k_150,2026
2026-02-23,2026-03-27,1,0.0743412040466358,0.42105263157894735,0,knn_interactions_expanding_k_150,2026
2026-02-24,2026-03-28,0,-0.023250559951426664,0.4144736842105263,0,knn_interactions_expanding_k_150,2026
2026-02-25,2026-03-29,0,-0.016420639847053997,0.4868421052631579,0,knn_interactions_expanding_k_150,2026
2026-02-26,2026-03-30,1,0.0021077211911750826,0.4868421052631579,0,knn_interactions_expanding_k_150,2026
2026-02-27,2026-03-31,0,-0.0026261227242034835,0.4342105263157895,0,knn_interactions_expanding_k_150,2026
2026-02-28,2026-04-01,1,0.0381292826858477,0.4868421052631579,0,knn_interactions_expanding_k_150,2026
2026-03-01,2026-04-02,0,-0.010404465723261036,0.47368421052631576,0,knn_interactions_expanding_k_150,2026
2026-03-02,2026-04-03,0,-0.021013488686603354,0.5460526315789473,1,knn_interactions_expanding_k_150,2026
2026-03-03,2026-04-04,0,-0.0784743838208305,0.5394736842105263,1,knn_interactions_expanding_k_150,2026
2026-03-04,2026-04-05,0,-0.05064957451592611,0.5460526315789473,1,knn_interactions_expanding_k_150,2026
2026-03-05,2026-04-06,1,0.013509113101825232,0.5460526315789473,1,knn_interactions_expanding_k_150,2026
2026-03-06,2026-04-07,1,0.023649735047145626,0.5460526315789473,1,knn_interactions_expanding_k_150,2026
2026-03-07,2026-04-08,1,0.09023664871944126,0.6644736842105263,1,knn_interactions_expanding_k_150,2026
2026-03-08,2026-04-09,1,0.03854576561663392,0.6513157894736842,1,knn_interactions_expanding_k_150,2026
2026-03-09,2026-04-10,1,0.026295579156363713,0.6118421052631579,1,knn_interactions_expanding_k_150,2026
2026-03-10,2026-04-11,1,0.03947537506485799,0.6118421052631579,1,knn_interactions_expanding_k_150,2026
2026-03-11,2026-04-12,1,0.035466011844969225,0.6447368421052632,1,knn_interactions_expanding_k_150,2026
2026-03-12,2026-04-13,0,-0.002656844401967451,0.6447368421052632,1,knn_interactions_expanding_k_150,2026
2026-03-13,2026-04-14,1,0.04502123590212048,0.631578947368421,1,knn_interactions_expanding_k_150,2026
2026-03-14,2026-04-15,1,0.018077257167969707,0.6052631578947368,1,knn_interactions_expanding_k_150,2026
2026-03-15,2026-04-16,0,-0.000997266863831947,0.5723684210526315,1,knn_interactions_expanding_k_150,2026
2026-03-16,2026-04-17,1,0.016843737133735548,0.5855263157894737,1,knn_interactions_expanding_k_150,2026
2026-03-17,2026-04-18,1,0.08176480124300745,0.625,1,knn_interactions_expanding_k_150,2026
2026-03-18,2026-04-19,1,0.08239309561088293,0.6118421052631579,1,knn_interactions_expanding_k_150,2026
2026-03-19,2026-04-20,1,0.04667474014238704,0.631578947368421,1,knn_interactions_expanding_k_150,2026
2026-03-20,2026-04-21,1,0.10045036051476752,0.5986842105263158,1,knn_interactions_expanding_k_150,2026
2026-03-21,2026-04-22,1,0.12492285474292286,0.631578947368421,1,knn_interactions_expanding_k_150,2026
2026-03-22,2026-04-23,1,0.10255442205892429,0.6381578947368421,1,knn_interactions_expanding_k_150,2026
2026-03-23,2026-04-24,1,0.10914251423747734,0.625,1,knn_interactions_expanding_k_150,2026
2026-03-24,2026-04-25,1,0.0855185975544368,0.6118421052631579,1,knn_interactions_expanding_k_150,2026
2026-03-25,2026-04-26,1,0.1279373777886208,0.6118421052631579,1,knn_interactions_expanding_k_150,2026
2026-03-26,2026-04-27,1,0.18447179285162707,0.6118421052631579,1,knn_interactions_expanding_k_150,2026
2026-03-27,2026-04-28,1,0.16563377939118729,0.5394736842105263,1,knn_interactions_expanding_k_150,2026
2026-03-28,2026-04-29,1,0.1565172616110697,0.5592105263157895,1,knn_interactions_expanding_k_150,2026
2026-03-29,2026-04-30,1,0.13447563362515114,0.5263157894736842,1,knn_interactions_expanding_k_150,2026
2026-03-30,2026-05-01,1,0.11806619629142712,0.5131578947368421,1,knn_interactions_expanding_k_150,2026
2026-03-31,2026-05-02,1,0.14853366242906008,0.5526315789473685,1,knn_interactions_expanding_k_150,2026
2026-04-01,2026-05-03,1,0.1761509635214138,0.5460526315789473,1,knn_interactions_expanding_k_150,2026
2026-04-02,2026-05-04,1,0.17329071957606068,0.5657894736842105,1,knn_interactions_expanding_k_150,2026
2026-04-03,2026-05-05,1,0.18663464507353744,0.5460526315789473,1,knn_interactions_expanding_k_150,2026
2026-04-04,2026-05-06,1,0.17196336655262656,0.6118421052631579,1,knn_interactions_expanding_k_150,2026
2026-04-05,2026-05-07,1,0.1829002263641466,0.5789473684210527,1,knn_interactions_expanding_k_150,2026
2026-04-06,2026-05-08,1,0.11236520882673462,0.5921052631578947,1,knn_interactions_expanding_k_150,2026
2026-04-07,2026-05-09,1,0.1283700434206141,0.618421052631579,1,knn_interactions_expanding_k_150,2026
2026-04-08,2026-05-10,1,0.12384287731734478,0.5921052631578947,1,knn_interactions_expanding_k_150,2026
2026-04-09,2026-05-11,1,0.12674090641644198,0.6776315789473685,1,knn_interactions_expanding_k_150,2026
2026-04-10,2026-05-12,1,0.11914188816584614,0.7236842105263158,1,knn_interactions_expanding_k_150,2026
2026-04-11,2026-05-13,1,0.13800812422004838,0.7171052631578947,1,knn_interactions_expanding_k_150,2026
2026-04-12,2026-05-14,1,0.0657852938805128,0.7039473684210527,1,knn_interactions_expanding_k_150,2026
2026-04-13,2026-05-15,1,0.09386624183630321,0.7171052631578947,1,knn_interactions_expanding_k_150,2026
2026-04-14,2026-05-16,1,0.05752186305599016,0.6973684210526315,1,knn_interactions_expanding_k_150,2026
2026-04-15,2026-05-17,1,0.03983499010302549,0.7171052631578947,1,knn_interactions_expanding_k_150,2026
2026-04-16,2026-05-18,1,0.005003891814940431,0.6710526315789473,1,knn_interactions_expanding_k_150,2026
2026-04-17,2026-05-19,1,0.017308621176202132,0.6907894736842105,1,knn_interactions_expanding_k_150,2026
2026-04-18,2026-05-20,1,0.04109059670631332,0.7105263157894737,1,knn_interactions_expanding_k_150,2026
2026-04-19,2026-05-21,1,0.022563925540509455,0.6973684210526315,1,knn_interactions_expanding_k_150,2026
2026-04-20,2026-05-22,1,0.016759820446776708,0.7171052631578947,1,knn_interactions_expanding_k_150,2026
2026-04-21,2026-05-23,0,-0.03375262317305261,0.6710526315789473,1,knn_interactions_expanding_k_150,2026
2026-04-22,2026-05-24,0,-0.019237522087345416,0.6907894736842105,1,knn_interactions_expanding_k_150,2026
2026-04-23,2026-05-25,0,-0.004806092374549542,0.7039473684210527,1,knn_interactions_expanding_k_150,2026
2026-04-24,2026-05-26,0,-0.0039032528180354964,0.6842105263157895,1,knn_interactions_expanding_k_150,2026
2026-04-25,2026-05-27,0,-0.03467613725573715,0.7105263157894737,1,knn_interactions_expanding_k_150,2026
2026-04-26,2026-05-28,0,-0.03776606111928826,0.7039473684210527,1,knn_interactions_expanding_k_150,2026
2026-04-27,2026-05-29,0,-0.03569767828732451,0.6710526315789473,1,knn_interactions_expanding_k_150,2026
2026-04-28,2026-05-30,0,-0.03060464502507254,0.6118421052631579,1,knn_interactions_expanding_k_150,2026
2026-04-29,2026-05-31,0,-0.03225029857264072,0.5986842105263158,1,knn_interactions_expanding_k_150,2026
2026-04-30,2026-06-01,0,-0.058247145349939355,0.5986842105263158,1,knn_interactions_expanding_k_150,2026
2026-05-01,2026-06-02,0,-0.09249246760957741,0.5723684210526315,1,knn_interactions_expanding_k_150,2026
2026-05-02,2026-06-03,0,-0.15028577581521785,0.6578947368421053,1,knn_interactions_expanding_k_150,2026
2026-05-03,2026-06-04,0,-0.19682020049583637,0.6973684210526315,1,knn_interactions_expanding_k_150,2026
2026-05-04,2026-06-05,0,-0.2103631235096044,0.6907894736842105,1,knn_interactions_expanding_k_150,2026
2026-05-05,2026-06-06,0,-0.2503534506668814,0.6710526315789473,1,knn_interactions_expanding_k_150,2026
2026-05-06,2026-06-07,0,-0.23899932505062116,0.6644736842105263,1,knn_interactions_expanding_k_150,2026
2026-05-07,2026-06-08,0,-0.21025690713349932,0.5789473684210527,1,knn_interactions_expanding_k_150,2026
2026-05-08,2026-06-09,0,-0.21805598300710194,0.631578947368421,1,knn_interactions_expanding_k_150,2026
2026-05-09,2026-06-10,0,-0.2491187515106118,0.6513157894736842,1,knn_interactions_expanding_k_150,2026
2026-05-10,2026-06-11,0,-0.24753204023308395,0.6447368421052632,1,knn_interactions_expanding_k_150,2026
2026-05-11,2026-06-12,0,-0.20965879285957667,0.6447368421052632,1,knn_interactions_expanding_k_150,2026
2026-05-12,2026-06-13,0,-0.19837213310552881,0.6447368421052632,1,knn_interactions_expanding_k_150,2026
2026-05-13,2026-06-14,0,-0.20510531508200758,0.6907894736842105,1,knn_interactions_expanding_k_150,2026
2026-05-14,2026-06-15,0,-0.1689572662969011,0.6973684210526315,1,knn_interactions_expanding_k_150,2026
2026-05-15,2026-06-16,0,-0.1512425453994053,0.5723684210526315,1,knn_interactions_expanding_k_150,2026
2026-05-16,2026-06-17,0,-0.15211727902478855,0.506578947368421,1,knn_interactions_expanding_k_150,2026
2026-05-17,2026-06-18,0,-0.16223603891229676,0.5460526315789473,1,knn_interactions_expanding_k_150,2026
2026-05-18,2026-06-19,0,-0.18060084056143633,0.5197368421052632,1,knn_interactions_expanding_k_150,2026
2026-05-19,2026-06-20,0,-0.1806310172343185,0.5263157894736842,1,knn_interactions_expanding_k_150,2026
2026-05-20,2026-06-21,0,-0.17158308029115832,0.5657894736842105,1,knn_interactions_expanding_k_150,2026
2026-05-21,2026-06-22,0,-0.1618689559766745,0.5986842105263158,1,knn_interactions_expanding_k_150,2026
2026-05-22,2026-06-23,0,-0.16588479779028553,0.5197368421052632,1,knn_interactions_expanding_k_150,2026
2026-05-23,2026-06-24,0,-0.18595208509807837,0.5460526315789473,1,knn_interactions_expanding_k_150,2026
2026-05-24,2026-06-25,0,-0.21008261425175057,0.47368421052631576,0,knn_interactions_expanding_k_150,2026
2026-05-25,2026-06-26,0,-0.21250319866940615,0.4934210526315789,0,knn_interactions_expanding_k_150,2026
2026-05-26,2026-06-27,0,-0.19277599752099783,0.4868421052631579,0,knn_interactions_expanding_k_150,2026
2026-05-27,2026-06-28,0,-0.18458255589158667,0.506578947368421,1,knn_interactions_expanding_k_150,2026
2026-05-28,2026-06-29,0,-0.18899567905486436,0.5,1,knn_interactions_expanding_k_150,2026
2026-05-29,2026-06-30,0,-0.1843986509733181,0.506578947368421,1,knn_interactions_expanding_k_150,2026
2026-05-30,2026-07-01,0,-0.2042728823407971,0.48026315789473684,0,knn_interactions_expanding_k_150,2026
2026-05-31,2026-07-02,0,-0.15943250771262396,0.46710526315789475,0,knn_interactions_expanding_k_150,2026
2026-06-01,2026-07-03,0,-0.07790255485101738,0.4934210526315789,0,knn_interactions_expanding_k_150,2026
2026-06-02,2026-07-04,0,-0.024312802304235492,0.4473684210526316,0,knn_interactions_expanding_k_150,2026
2026-06-03,2026-07-05,0,-0.011614126978387485,0.4407894736842105,0,knn_interactions_expanding_k_150,2026
2026-06-04,2026-07-06,1,0.04247772594779886,0.4473684210526316,0,knn_interactions_expanding_k_150,2026
2026-06-05,2026-07-07,1,0.05187369158253752,0.45394736842105265,0,knn_interactions_expanding_k_150,2026
2026-06-06,2026-07-08,1,0.0005051158174198545,0.4473684210526316,0,knn_interactions_expanding_k_150,2026
2026-06-07,2026-07-09,0,-0.012617537964049075,0.48026315789473684,0,knn_interactions_expanding_k_150,2026
2026-06-08,2026-07-10,1,0.024299530212214426,0.46710526315789475,0,knn_interactions_expanding_k_150,2026
2026-06-09,2026-07-11,1,0.04309360002171969,0.46710526315789475,0,knn_interactions_expanding_k_150,2026
2026-06-10,2026-07-12,1,0.0030335083142112307,0.47368421052631576,0,knn_interactions_expanding_k_150,2026
2026-06-11,2026-07-13,1,0.003145643284051536,0.5460526315789473,1,knn_interactions_expanding_k_150,2026
2026-06-12,2026-07-14,0,-0.03294377223249689,0.5657894736842105,1,knn_interactions_expanding_k_150,2026
2026-06-13,2026-07-15,0,-0.01068437915659326,0.5657894736842105,1,knn_interactions_expanding_k_150,2026
2026-06-14,2026-07-16,0,-0.023707068760841943,0.6052631578947368,1,knn_interactions_expanding_k_150,2026
2026-06-15,2026-07-17,0,-0.02809013229078583,0.631578947368421,1,knn_interactions_expanding_k_150,2026
2026-06-16,2026-07-18,0,-0.008955749084629594,0.6381578947368421,1,knn_interactions_expanding_k_150,2026
2026-06-17,2026-07-19,1,0.02980081486057129,0.631578947368421,1,knn_interactions_expanding_k_150,2026
2026-06-18,2026-07-20,1,0.018548593964172744,0.5789473684210527,1,knn_interactions_expanding_k_150,2026
2026-06-19,2026-07-21,1,0.014891596178482125,0.5789473684210527,1,knn_interactions_expanding_k_150,2026
2026-06-20,2026-07-22,1,0.05124068107151869,0.618421052631579,1,knn_interactions_expanding_k_150,2026
2026-06-21,2026-07-23,1,0.03271617733268073,0.5921052631578947,1,knn_interactions_expanding_k_150,2026
2026-06-22,2026-07-24,1,0.0376891082540296,0.5789473684210527,1,knn_interactions_expanding_k_150,2026
2026-06-23,2026-07-25,1,0.05013261730901464,0.5460526315789473,1,knn_interactions_expanding_k_150,2026
2026-06-24,2026-07-26,1,0.07660168202367301,0.5,1,knn_interactions_expanding_k_150,2026
2026-06-25,2026-07-27,1,0.08823578841434898,0.47368421052631576,0,knn_interactions_expanding_k_150,2026
2026-06-26,2026-07-28,1,0.062084148980634524,0.46710526315789475,0,knn_interactions_expanding_k_150,2026
2026-06-27,2026-07-29,1,0.07281315393303545,0.4868421052631579,0,knn_interactions_expanding_k_150,2026
2026-06-28,2026-07-30,1,0.061800159972917434,0.4868421052631579,0,knn_interactions_expanding_k_150,2026
2026-06-29,2026-07-31,1,0.10499531682118346,0.506578947368421,1,knn_interactions_expanding_k_150,2026
2026-06-30,2026-08-01,1,0.0477122484339596,0.4934210526315789,0,knn_interactions_expanding_k_150,2026
2026-07-01,2026-08-02,1,0.02052712800519818,0.5592105263157895,1,knn_interactions_expanding_k_150,2026
2026-07-02,2026-08-03,1,0.01576699583882335,0.6644736842105263,1,knn_interactions_expanding_k_150,2026
2026-07-03,2026-08-04,1,0.005954484043696251,0.6710526315789473,1,knn_interactions_expanding_k_150,2026
2026-07-04,2026-08-05,1,0.007172661873894537,0.6710526315789473,1,knn_interactions_expanding_k_150,2026
2026-07-05,2026-08-06,1,0.009717075717803558,0.6842105263157895,1,knn_interactions_expanding_k_150,2026
2026-07-06,2026-08-07,1,0.01514440376238868,0.6578947368421053,1,knn_interactions_expanding_k_150,2026
2026-07-07,2026-08-08,1,0.042273070754042186,0.618421052631579,1,knn_interactions_expanding_k_150,2026
2026-07-08,2026-08-09,1,0.027401387410819655,0.6381578947368421,1,knn_interactions_expanding_k_150,2026
2026-07-09,2026-08-10,1,0.011531330519194194,0.6842105263157895,1,knn_interactions_expanding_k_150,2026
2026-07-10,2026-08-11,1,0.002366066161164193,0.6710526315789473,1,knn_interactions_expanding_k_150,2026
2026-07-11,2026-08-12,0,-0.002822044528065226,0.6710526315789473,1,knn_interactions_expanding_k_150,2026
2026-07-12,2026-08-13,1,0.018376174228982523,0.6710526315789473,1,knn_interactions_expanding_k_150,2026
2026-07-13,2026-08-14,0,-0.023878147696658747,0.5986842105263158,1,knn_interactions_expanding_k_150,2026
2026-07-14,2026-08-15,0,-0.026448708912865326,0.625,1,knn_interactions_expanding_k_150,2026
2026-07-15,2026-08-16,0,-0.011658901272438404,0.618421052631579,1,knn_interactions_expanding_k_150,2026
2026-07-16,2026-08-17,0,-0.01613707259641428,0.6776315789473685,1,knn_interactions_expanding_k_150,2026
2026-07-17,2026-08-18,0,-0.004659577096720935,0.6644736842105263,1,knn_interactions_expanding_k_150,2026
2026-07-18,2026-08-19,1,4.434312306900168e-05,0.6842105263157895,1,knn_interactions_expanding_k_150,2026
2026-07-19,2026-08-20,1,0.06251226907888685,0.6513157894736842,1,knn_interactions_expanding_k_150,2026
2026-07-20,2026-08-21,1,0.09722422345643511,0.6513157894736842,1,knn_interactions_expanding_k_150,2026
2026-07-21,2026-08-22,1,0.1848842538323665,0.6513157894736842,1,knn_interactions_expanding_k_150,2026
2026-07-22,2026-08-23,1,0.1839654016084431,0.6447368421052632,1,knn_interactions_expanding_k_150,2026
2026-07-23,2026-08-24,1,0.21194262550670406,0.6513157894736842,1,knn_interactions_expanding_k_150,2026
2026-07-24,2026-08-25,1,0.2270718093869033,0.5592105263157895,1,knn_interactions_expanding_k_150,2026
2026-07-25,2026-08-26,1,0.20090412844036698,0.5657894736842105,1,knn_interactions_expanding_k_150,2026
2026-07-26,2026-08-27,1,0.23947430087210808,0.5921052631578947,1,knn_interactions_expanding_k_150,2026
2026-07-27,2026-08-28,1,0.25556739419541574,0.618421052631579,1,knn_interactions_expanding_k_150,2026
2026-07-28,2026-08-29,1,0.21664052222819086,0.5328947368421053,1,knn_interactions_expanding_k_150,2026
2026-07-29,2026-08-30,1,0.20762525117694453,0.5460526315789473,1,knn_interactions_expanding_k_150,2026
2026-07-30,2026-08-31,1,0.23524596472325032,0.5723684210526315,1,knn_interactions_expanding_k_150,2026
2026-07-31,2026-09-01,1,0.2508235354042625,0.5460526315789473,1,knn_interactions_expanding_k_150,2026
2026-08-01,2026-09-02,1,0.21816891329732346,0.4407894736842105,0,knn_interactions_expanding_k_150,2026
2026-08-02,2026-09-03,1,0.21756942695214088,0.4407894736842105,0,knn_interactions_expanding_k_150,2026
2026-08-03,2026-09-04,1,0.26773894399246245,0.45394736842105265,0,knn_interactions_expanding_k_150,2026
2026-08-04,2026-09-05,1,0.2318947552038777,0.40789473684210525,0,knn_interactions_expanding_k_150,2026
2026-08-05,2026-09-06,1,0.24109561014998993,0.42105263157894735,0,knn_interactions_expanding_k_150,2026
2026-08-06,2026-09-07,1,0.23749029622692674,0.45394736842105265,0,knn_interactions_expanding_k_150,2026
2026-08-07,2026-09-08,1,0.21780840052584094,0.5657894736842105,1,knn_interactions_expanding_k_150,2026
2026-08-08,2026-09-09,1,0.20884249523008624,0.5723684210526315,1,knn_interactions_expanding_k_150,2026
2026-08-09,2026-09-10,1,0.22411157978558993,0.4934210526315789,0,knn_interactions_expanding_k_150,2026
2026-08-10,2026-09-11,1,0.2039106597624747,0.5197368421052632,1,knn_interactions_expanding_k_150,2026
2026-08-11,2026-09-12,1,0.21653626599500098,0.47368421052631576,0,knn_interactions_expanding_k_150,2026
2026-08-12,2026-09-13,1,0.21716306882596959,0.47368421052631576,0,knn_interactions_expanding_k_150,2026
2026-08-13,2026-09-14,1,0.21887168173878502,0.5131578947368421,1,knn_interactions_expanding_k_150,2026
2026-08-14,2026-09-15,1,0.23940632796399708,0.5460526315789473,1,knn_interactions_expanding_k_150,2026
2026-08-15,2026-09-16,1,0.2026149443561207,0.5460526315789473,1,knn_interactions_expanding_k_150,2026
2024-01-01,2024-02-02,0,-0.041470259023367984,0.5753163071953276,1,logistic_basic_expanding_l2_0.1,2024
2024-01-02,2024-02-03,1,0.008280034907036216,0.5871399353717639,1,logistic_basic_expanding_l2_0.1,2024
2024-01-03,2024-02-04,0,-0.025820421235257962,0.5480026349200662,1,logistic_basic_expanding_l2_0.1,2024
2024-01-04,2024-02-05,0,-0.035388736059614456,0.5499269347555342,1,logistic_basic_expanding_l2_0.1,2024
2024-01-05,2024-02-06,0,-0.028648354087670413,0.5504872253603893,1,logistic_basic_expanding_l2_0.1,2024
2024-01-06,2024-02-07,0,-0.018895258509126545,0.5490704943631743,1,logistic_basic_expanding_l2_0.1,2024
2024-01-07,2024-02-08,0,-0.055407505350254294,0.5482919664153316,1,logistic_basic_expanding_l2_0.1,2024
2024-01-08,2024-02-09,0,-0.017812621990891286,0.5867643364760281,1,logistic_basic_expanding_l2_0.1,2024
2024-01-09,2024-02-10,1,0.010262356925451188,0.5836639084097653,1,logistic_basic_expanding_l2_0.1,2024
2024-01-10,2024-02-11,1,0.03046926185109955,0.5699809469509036,1,logistic_basic_expanding_l2_0.1,2024
2024-01-11,2024-02-12,1,0.12895994973673974,0.5674385957186668,1,logistic_basic_expanding_l2_0.1,2024
2024-01-12,2024-02-13,1,0.16498533536812343,0.5513368350097226,1,logistic_basic_expanding_l2_0.1,2024
2024-01-13,2024-02-14,1,0.19091304467637227,0.5518220333078266,1,logistic_basic_expanding_l2_0.1,2024
2024-01-14,2024-02-15,1,0.21839166711752922,0.5448269977865137,1,logistic_basic_expanding_l2_0.1,2024
2024-01-15,2024-02-16,1,0.20265385876098851,0.5387314233306876,1,logistic_basic_expanding_l2_0.1,2024
2024-01-16,2024-02-17,1,0.21853353123205044,0.5432505046028862,1,logistic_basic_expanding_l2_0.1,2024
2024-01-17,2024-02-18,1,0.24959476145550497,0.5389050671216652,1,logistic_basic_expanding_l2_0.1,2024
2024-01-18,2024-02-19,1,0.2515337010967371,0.5262001875071433,1,logistic_basic_expanding_l2_0.1,2024
2024-01-19,2024-02-20,1,0.24171810039560082,0.53079280412868,1,logistic_basic_expanding_l2_0.1,2024
2024-01-20,2024-02-21,1,0.2568162053586889,0.5311289103733382,1,logistic_basic_expanding_l2_0.1,2024
2024-01-21,2024-02-22,1,0.3103860137555532,0.5510938999924003,1,logistic_basic_expanding_l2_0.1,2024
2024-01-22,2024-02-23,1,0.2855017057421263,0.5229293947468957,1,logistic_basic_expanding_l2_0.1,2024
2024-01-23,2024-02-24,1,0.26591715731289267,0.5290682955676148,1,logistic_basic_expanding_l2_0.1,2024
2024-01-24,2024-02-25,1,0.29046054549563105,0.5264116556605634,1,logistic_basic_expanding_l2_0.1,2024
2024-01-25,2024-02-26,1,0.23683665000857168,0.5288309001351315,1,logistic_basic_expanding_l2_0.1,2024
2024-01-26,2024-02-27,1,0.29334437780251643,0.5664718855309038,1,logistic_basic_expanding_l2_0.1,2024
2024-01-27,2024-02-28,1,0.35702891076953813,0.5691570409780741,1,logistic_basic_expanding_l2_0.1,2024
2024-01-28,2024-02-29,1,0.44175988061717164,0.574836869965949,1,logistic_basic_expanding_l2_0.1,2024
2024-01-29,2024-03-01,1,0.42360093244001673,0.5923873620594236,1,logistic_basic_expanding_l2_0.1,2024
2024-01-30,2024-03-02,1,0.4651925786754345,0.5846264270434317,1,logistic_basic_expanding_l2_0.1,2024
2024-01-31,2024-03-03,1,0.4387891265570256,0.5704888788510548,1,logistic_basic_expanding_l2_0.1,2024
2024-02-01,2024-03-04,1,0.4609718659657098,0.5842994187236034,1,logistic_basic_expanding_l2_0.1,2024
2024-02-02,2024-03-05,1,0.5866999448979451,0.5691896457960054,1,logistic_basic_expanding_l2_0.1,2024
2024-02-03,2024-03-06,1,0.496470177686432,0.558665051892216,1,logistic_basic_expanding_l2_0.1,2024
2024-02-04,2024-03-07,1,0.547086190869776,0.5542389985962002,1,logistic_basic_expanding_l2_0.1,2024
2024-02-05,2024-03-08,1,0.550459222217891,0.5707762403607325,1,logistic_basic_expanding_l2_0.1,2024
2024-02-06,2024-03-09,1,0.5360724786694806,0.5737771518972056,1,logistic_basic_expanding_l2_0.1,2024
2024-02-07,2024-03-10,1,0.508397024773972,0.5596454424323989,1,logistic_basic_expanding_l2_0.1,2024
2024-02-08,2024-03-11,1,0.4630132150066262,0.569219811315312,1,logistic_basic_expanding_l2_0.1,2024
2024-02-09,2024-03-12,1,0.509454864685783,0.5836145059455325,1,logistic_basic_expanding_l2_0.1,2024
2024-02-10,2024-03-13,1,0.4793374741200829,0.588692997730657,1,logistic_basic_expanding_l2_0.1,2024
2024-02-11,2024-03-14,1,0.4638698262405323,0.554982449598705,1,logistic_basic_expanding_l2_0.1,2024
2024-02-12,2024-03-15,1,0.43640874373234406,0.5696846554168914,1,logistic_basic_expanding_l2_0.1,2024
2024-02-13,2024-03-16,1,0.34182086862539496,0.5687491618276825,1,logistic_basic_expanding_l2_0.1,2024
2024-02-14,2024-03-17,1,0.2586859563057138,0.5890534368939077,1,logistic_basic_expanding_l2_0.1,2024
2024-02-15,2024-03-18,1,0.31212759548845925,0.585591681496524,1,logistic_basic_expanding_l2_0.1,2024
2024-02-16,2024-03-19,1,0.3091894604923373,0.5815723367525241,1,logistic_basic_expanding_l2_0.1,2024
2024-02-17,2024-03-20,1,0.18795868937781668,0.5657154519635543,1,logistic_basic_expanding_l2_0.1,2024
2024-02-18,2024-03-21,1,0.3103013168197464,0.5704559501789,1,logistic_basic_expanding_l2_0.1,2024
2024-02-19,2024-03-22,1,0.2534014353940637,0.5665730003562981,1,logistic_basic_expanding_l2_0.1,2024
2024-02-20,2024-03-23,1,0.230422427423433,0.571643024545281,1,logistic_basic_expanding_l2_0.1,2024
2024-02-21,2024-03-24,1,0.24765044429132343,0.5339551981974052,1,logistic_basic_expanding_l2_0.1,2024
2024-02-22,2024-03-25,1,0.32448765030057647,0.5275424601066019,1,logistic_basic_expanding_l2_0.1,2024
2024-02-23,2024-03-26,1,0.35509842207049647,0.5173569643613958,1,logistic_basic_expanding_l2_0.1,2024
2024-02-24,2024-03-27,1,0.35297788371479366,0.5224115980685983,1,logistic_basic_expanding_l2_0.1,2024
2024-02-25,2024-03-28,1,0.2752290529784598,0.5043526154847711,1,logistic_basic_expanding_l2_0.1,2024
2024-02-26,2024-03-29,1,0.2409517623101356,0.5361006672861499,1,logistic_basic_expanding_l2_0.1,2024
2024-02-27,2024-03-30,1,0.11882379115490416,0.561610181828891,1,logistic_basic_expanding_l2_0.1,2024
2024-02-28,2024-03-31,1,0.13824706584990687,0.6162855960658243,1,logistic_basic_expanding_l2_0.1,2024
2024-02-29,2024-04-01,1,0.14252924044566329,0.6093747222620991,1,logistic_basic_expanding_l2_0.1,2024
2024-03-01,2024-04-02,1,0.12361455446988479,0.6145249432041545,1,logistic_basic_expanding_l2_0.1,2024
2024-03-02,2024-04-03,1,0.03723454569566775,0.6122568651006903,1,logistic_basic_expanding_l2_0.1,2024
2024-03-03,2024-04-04,0,-0.03344444654469858,0.618539248897992,1,logistic_basic_expanding_l2_0.1,2024
2024-03-04,2024-04-05,1,0.07475659488472242,0.650489619085897,1,logistic_basic_expanding_l2_0.1,2024
2024-03-05,2024-04-06,1,0.026433830896370303,0.6353679213855844,1,logistic_basic_expanding_l2_0.1,2024
2024-03-06,2024-04-07,1,0.03101947557718754,0.6380711935263078,1,logistic_basic_expanding_l2_0.1,2024
2024-03-07,2024-04-08,1,0.018145974558233524,0.643269767363175,1,logistic_basic_expanding_l2_0.1,2024
2024-03-08,2024-04-09,1,0.04840522955419502,0.6449319832114423,1,logistic_basic_expanding_l2_0.1,2024
2024-03-09,2024-04-10,1,0.002757125280686612,0.6441738029558294,1,logistic_basic_expanding_l2_0.1,2024
2024-03-10,2024-04-11,0,-0.020075723416682845,0.6461335952126366,1,logistic_basic_expanding_l2_0.1,2024
2024-03-11,2024-04-12,0,-0.0202342831551251,0.6475791899595051,1,logistic_basic_expanding_l2_0.1,2024
2024-03-12,2024-04-13,0,-0.08150656061659378,0.6503676563777423,1,logistic_basic_expanding_l2_0.1,2024
2024-03-13,2024-04-14,0,-0.10455989401159349,0.6435555349175688,1,logistic_basic_expanding_l2_0.1,2024
2024-03-14,2024-04-15,0,-0.055223004829939026,0.6395809211934658,1,logistic_basic_expanding_l2_0.1,2024
2024-03-15,2024-04-16,0,-0.028799870874159916,0.6233215205820741,1,logistic_basic_expanding_l2_0.1,2024
2024-03-16,2024-04-17,0,-0.06725890644238408,0.6123843134767003,1,logistic_basic_expanding_l2_0.1,2024
2024-03-17,2024-04-18,0,-0.09366395503623726,0.6276108469224859,1,logistic_basic_expanding_l2_0.1,2024
2024-03-18,2024-04-19,1,0.02474562627013288,0.6104433657981141,1,logistic_basic_expanding_l2_0.1,2024
2024-03-19,2024-04-20,0,-0.059293481136860504,0.6048026512415172,1,logistic_basic_expanding_l2_0.1,2024
2024-03-20,2024-04-21,0,-0.008560138061424083,0.6360334840770114,1,logistic_basic_expanding_l2_0.1,2024
2024-03-21,2024-04-22,1,0.017939973014252875,0.6278858624182172,1,logistic_basic_expanding_l2_0.1,2024
2024-03-22,2024-04-23,1,0.04421470723090892,0.6211548213888611,1,logistic_basic_expanding_l2_0.1,2024
2024-03-23,2024-04-24,0,-0.011843475673262938,0.6281043086898126,1,logistic_basic_expanding_l2_0.1,2024
2024-03-24,2024-04-25,0,-0.08000028620492272,0.6385631674105099,1,logistic_basic_expanding_l2_0.1,2024
2024-03-25,2024-04-26,0,-0.07843717186334398,0.6486423381966472,1,logistic_basic_expanding_l2_0.1,2024
2024-03-26,2024-04-27,0,-0.08204967353529202,0.6580304479760517,1,logistic_basic_expanding_l2_0.1,2024
2024-03-27,2024-04-28,0,-0.10339867138735759,0.6378670701223416,1,logistic_basic_expanding_l2_0.1,2024
2024-03-28,2024-04-29,0,-0.09637593301010028,0.6436065186583577,1,logistic_basic_expanding_l2_0.1,2024
2024-03-29,2024-04-30,0,-0.08214992432687851,0.6197929415978668,1,logistic_basic_expanding_l2_0.1,2024
2024-03-30,2024-05-01,0,-0.1488214085297418,0.6241259816710975,1,logistic_basic_expanding_l2_0.1,2024
2024-03-31,2024-05-02,0,-0.16202255253819065,0.6228374855501936,1,logistic_basic_expanding_l2_0.1,2024
2024-04-01,2024-05-03,0,-0.09781545548934611,0.6122260108075654,1,logistic_basic_expanding_l2_0.1,2024
2024-04-02,2024-05-04,0,-0.04671175337426425,0.6086519691561657,1,logistic_basic_expanding_l2_0.1,2024
2024-04-03,2024-05-05,0,-0.06710348412417988,0.5794727965752584,1,logistic_basic_expanding_l2_0.1,2024
2024-04-04,2024-05-06,0,-0.056157396355651756,0.5887622856118343,1,logistic_basic_expanding_l2_0.1,2024
2024-04-05,2024-05-07,0,-0.08318073618207156,0.585173418149372,1,logistic_basic_expanding_l2_0.1,2024
2024-04-06,2024-05-08,0,-0.1016186762529272,0.5902587825240246,1,logistic_basic_expanding_l2_0.1,2024
2024-04-07,2024-05-09,0,-0.1455874057525831,0.5865780596697753,1,logistic_basic_expanding_l2_0.1,2024
2024-04-08,2024-05-10,0,-0.08781419026407888,0.5974075757985949,1,logistic_basic_expanding_l2_0.1,2024
2024-04-09,2024-05-11,0,-0.13918929173955719,0.5897438903950465,1,logistic_basic_expanding_l2_0.1,2024
2024-04-10,2024-05-12,0,-0.13113449062097626,0.5905063956399218,1,logistic_basic_expanding_l2_0.1,2024
2024-04-11,2024-05-13,0,-0.08392151440509732,0.589998502971665,1,logistic_basic_expanding_l2_0.1,2024
2024-04-12,2024-05-14,0,-0.015399880984636294,0.5751163577965321,1,logistic_basic_expanding_l2_0.1,2024
2024-04-13,2024-05-15,0,-0.06220293823582501,0.5605030590382408,1,logistic_basic_expanding_l2_0.1,2024
2024-04-14,2024-05-16,1,0.043937566057641986,0.5674107857608163,1,logistic_basic_expanding_l2_0.1,2024
2024-04-15,2024-05-17,1,0.022601240880718132,0.5474228852160775,1,logistic_basic_expanding_l2_0.1,2024
2024-04-16,2024-05-18,1,0.09378044557388066,0.5514320514835536,1,logistic_basic_expanding_l2_0.1,2024
2024-04-17,2024-05-19,1,0.054279267604630865,0.537606170614048,1,logistic_basic_expanding_l2_0.1,2024
2024-04-18,2024-05-20,1,0.03848427740068994,0.5284098367967859,1,logistic_basic_expanding_l2_0.1,2024
2024-04-19,2024-05-21,1,0.10018450712944049,0.49977046294348254,0,logistic_basic_expanding_l2_0.1,2024
2024-04-20,2024-05-22,1,0.08018321203120049,0.5079122279803318,1,logistic_basic_expanding_l2_0.1,2024
2024-04-21,2024-05-23,1,0.03512906147503436,0.5055083906083272,1,logistic_basic_expanding_l2_0.1,2024
2024-04-22,2024-05-24,1,0.023423675731020666,0.5174624162890543,1,logistic_basic_expanding_l2_0.1,2024
2024-04-23,2024-05-25,1,0.06626905946500194,0.5067922926055796,1,logistic_basic_expanding_l2_0.1,2024
2024-04-24,2024-05-26,1,0.07430006327295602,0.4888769810785171,0,logistic_basic_expanding_l2_0.1,2024
2024-04-25,2024-05-27,1,0.07429308452250272,0.4896814783390679,0,logistic_basic_expanding_l2_0.1,2024
2024-04-26,2024-05-28,1,0.09414219348340525,0.4916583805613006,0,logistic_basic_expanding_l2_0.1,2024
2024-04-27,2024-05-29,1,0.0836485335072279,0.49311134945783996,0,logistic_basic_expanding_l2_0.1,2024
2024-04-28,2024-05-30,1,0.05928678796229603,0.4855073209266165,0,logistic_basic_expanding_l2_0.1,2024
2024-04-29,2024-05-31,1,0.12658489474800638,0.4965394471965792,0,logistic_basic_expanding_l2_0.1,2024
2024-04-30,2024-06-01,1,0.1572011430829141,0.4751392720402444,0,logistic_basic_expanding_l2_0.1,2024
2024-05-01,2024-06-02,1,0.14741198023724777,0.47207061373715054,0,logistic_basic_expanding_l2_0.1,2024
2024-05-02,2024-06-03,1,0.07766307088466151,0.45905045516734394,0,logistic_basic_expanding_l2_0.1,2024
2024-05-03,2024-06-04,1,0.07697141568361499,0.5017158729304342,1,logistic_basic_expanding_l2_0.1,2024
2024-05-04,2024-06-05,1,0.10194697869149527,0.49899497188391934,0,logistic_basic_expanding_l2_0.1,2024
2024-05-05,2024-06-06,1,0.1257468117719287,0.5006005836519287,1,logistic_basic_expanding_l2_0.1,2024
2024-05-06,2024-06-07,1,0.13620138120913006,0.4845128885255922,0,logistic_basic_expanding_l2_0.1,2024
2024-05-07,2024-06-08,1,0.13339051849532546,0.48735472348772674,0,logistic_basic_expanding_l2_0.1,2024
2024-05-08,2024-06-09,1,0.09887528934267698,0.48265677401624923,0,logistic_basic_expanding_l2_0.1,2024
2024-05-09,2024-06-10,1,0.14552897130410702,0.49766171909708606,0,logistic_basic_expanding_l2_0.1,2024
2024-05-10,2024-06-11,1,0.14326129340434912,0.4776542388378757,0,logistic_basic_expanding_l2_0.1,2024
2024-05-11,2024-06-12,1,0.09482515776462153,0.4775351231563744,0,logistic_basic_expanding_l2_0.1,2024
2024-05-12,2024-06-13,1,0.08458662833179931,0.4803420494916661,0,logistic_basic_expanding_l2_0.1,2024
2024-05-13,2024-06-14,1,0.08437368915166887,0.48395656532993564,0,logistic_basic_expanding_l2_0.1,2024
2024-05-14,2024-06-15,0,-0.002454743498788714,0.483529771117787,0,logistic_basic_expanding_l2_0.1,2024
2024-05-15,2024-06-16,1,0.015222454254381956,0.534457753715023,1,logistic_basic_expanding_l2_0.1,2024
2024-05-16,2024-06-17,0,-0.005179338744330408,0.5242851646181356,1,logistic_basic_expanding_l2_0.1,2024
2024-05-17,2024-06-18,0,-0.0061401594854382235,0.5286017042216103,1,logistic_basic_expanding_l2_0.1,2024
2024-05-18,2024-06-19,0,-0.01657784349820446,0.5205970558259709,1,logistic_basic_expanding_l2_0.1,2024
2024-05-19,2024-06-20,0,-0.0905886100700074,0.5142697071396206,1,logistic_basic_expanding_l2_0.1,2024
2024-05-20,2024-06-21,0,-0.0752455439430213,0.5567503400082251,1,logistic_basic_expanding_l2_0.1,2024
2024-05-21,2024-06-22,0,-0.07262260321525038,0.5563370038623883,1,logistic_basic_expanding_l2_0.1,2024
2024-05-22,2024-06-23,0,-0.05454860300904851,0.5407143650450502,1,logistic_basic_expanding_l2_0.1,2024
2024-05-23,2024-06-24,0,-0.07789906315084805,0.5334520133348388,1,logistic_basic_expanding_l2_0.1,2024
2024-05-24,2024-06-25,0,-0.12984827947703115,0.5389848070709243,1,logistic_basic_expanding_l2_0.1,2024
2024-05-25,2024-06-26,0,-0.09782349917899702,0.5428839896268136,1,logistic_basic_expanding_l2_0.1,2024
2024-05-26,2024-06-27,0,-0.12344312632432275,0.5394853250973254,1,logistic_basic_expanding_l2_0.1,2024
2024-05-27,2024-06-28,0,-0.09783766871739685,0.5352456900103042,1,logistic_basic_expanding_l2_0.1,2024
2024-05-28,2024-06-29,0,-0.10678954378713201,0.5436914133226859,1,logistic_basic_expanding_l2_0.1,2024
2024-05-29,2024-06-30,0,-0.10775795413664258,0.5303982604131089,1,logistic_basic_expanding_l2_0.1,2024
2024-05-30,2024-07-01,0,-0.07059519239040668,0.5313521792594572,1,logistic_basic_expanding_l2_0.1,2024
2024-05-31,2024-07-02,0,-0.07181742574982097,0.515198771445547,1,logistic_basic_expanding_l2_0.1,2024
2024-06-01,2024-07-03,0,-0.08308283758047219,0.5155322647733599,1,logistic_basic_expanding_l2_0.1,2024
2024-06-02,2024-07-04,0,-0.12500121712155043,0.5053208347709605,1,logistic_basic_expanding_l2_0.1,2024
2024-06-03,2024-07-05,0,-0.19121384936281716,0.4941701284181955,0,logistic_basic_expanding_l2_0.1,2024
2024-06-04,2024-07-06,0,-0.20362279912246162,0.5200590543492273,1,logistic_basic_expanding_l2_0.1,2024
2024-06-05,2024-07-07,0,-0.17752961691864266,0.5297811022409108,1,logistic_basic_expanding_l2_0.1,2024
2024-06-06,2024-07-08,0,-0.19461716141162366,0.5319618113609635,1,logistic_basic_expanding_l2_0.1,2024
2024-06-07,2024-07-09,0,-0.181730867173584,0.5188169935935351,1,logistic_basic_expanding_l2_0.1,2024
2024-06-08,2024-07-10,0,-0.16652488257046305,0.509252521067411,1,logistic_basic_expanding_l2_0.1,2024
2024-06-09,2024-07-11,0,-0.16988999137187233,0.5115817069833145,1,logistic_basic_expanding_l2_0.1,2024
2024-06-10,2024-07-12,0,-0.14817580175840972,0.50369726136488,1,logistic_basic_expanding_l2_0.1,2024
2024-06-11,2024-07-13,0,-0.15198190905364728,0.49339969172277587,0,logistic_basic_expanding_l2_0.1,2024
2024-06-12,2024-07-14,0,-0.113354183074868,0.5016158756208743,1,logistic_basic_expanding_l2_0.1,2024
2024-06-13,2024-07-15,0,-0.07943311722989477,0.48809466916698985,0,logistic_basic_expanding_l2_0.1,2024
2024-06-14,2024-07-16,0,-0.02271221117876443,0.4604864920895422,0,logistic_basic_expanding_l2_0.1,2024
2024-06-15,2024-07-17,0,-0.024489155608107493,0.46340761039379036,0,logistic_basic_expanding_l2_0.1,2024
2024-06-16,2024-07-18,0,-0.03633357406953808,0.4604358730062613,0,logistic_basic_expanding_l2_0.1,2024
2024-06-17,2024-07-19,0,-0.01821855266686845,0.4627449749528241,0,logistic_basic_expanding_l2_0.1,2024
2024-06-18,2024-07-20,1,0.025943152661580093,0.4585513421449224,0,logistic_basic_expanding_l2_0.1,2024
2024-06-19,2024-07-21,1,0.03499276013453989,0.39776657364025897,0,logistic_basic_expanding_l2_0.1,2024
2024-06-20,2024-07-22,1,0.06269982520458806,0.39850210288667764,0,logistic_basic_expanding_l2_0.1,2024
2024-06-21,2024-07-23,1,0.050885274207887354,0.3984649781938309,0,logistic_basic_expanding_l2_0.1,2024
2024-06-22,2024-07-24,1,0.04312592261890158,0.4003499652654021,0,logistic_basic_expanding_l2_0.1,2024
2024-06-23,2024-07-25,1,0.08429974806487617,0.3928513038091694,0,logistic_basic_expanding_l2_0.1,2024
2024-06-24,2024-07-26,1,0.06462057654263709,0.39312962563905385,0,logistic_basic_expanding_l2_0.1,2024
2024-06-25,2024-07-27,1,0.11571547382419234,0.42180737041786226,0,logistic_basic_expanding_l2_0.1,2024
2024-06-26,2024-07-28,1,0.10031413242632947,0.409184329767447,0,logistic_basic_expanding_l2_0.1,2024
2024-06-27,2024-07-29,1,0.12944430911315075,0.423570889265003,0,logistic_basic_expanding_l2_0.1,2024
2024-06-28,2024-07-30,1,0.09506993986227807,0.42135568429894427,0,logistic_basic_expanding_l2_0.1,2024
2024-06-29,2024-07-31,1,0.05441899980580511,0.42559157039256423,0,logistic_basic_expanding_l2_0.1,2024
2024-06-30,2024-08-01,1,0.027472337042925288,0.4499203222585279,0,logistic_basic_expanding_l2_0.1,2024
2024-07-01,2024-08-02,1,0.051799085417569835,0.4614028296557358,0,logistic_basic_expanding_l2_0.1,2024
2024-07-02,2024-08-03,1,0.021421701262793524,0.45914726990840726,0,logistic_basic_expanding_l2_0.1,2024
2024-07-03,2024-08-04,1,0.06394336058076755,0.45329609573814655,0,logistic_basic_expanding_l2_0.1,2024
2024-07-04,2024-08-05,1,0.027057085274115877,0.4396248239285014,0,logistic_basic_expanding_l2_0.1,2024
2024-07-05,2024-08-06,0,-0.07232183750920695,0.43795082013587033,0,logistic_basic_expanding_l2_0.1,2024
2024-07-06,2024-08-07,1,0.0029394278078571645,0.45766908173925025,0,logistic_basic_expanding_l2_0.1,2024
2024-07-07,2024-08-08,0,-0.027873770092045058,0.4510454415232602,0,logistic_basic_expanding_l2_0.1,2024
2024-07-08,2024-08-09,1,0.06263565891472878,0.4680839164501521,0,logistic_basic_expanding_l2_0.1,2024
2024-07-09,2024-08-10,1,0.053912415321731855,0.47980338062676975,0,logistic_basic_expanding_l2_0.1,2024
2024-07-10,2024-08-11,1,0.06249785271649455,0.4840731895104209,0,logistic_basic_expanding_l2_0.1,2024
2024-07-11,2024-08-12,1,0.014225478410526016,0.48356098103170014,0,logistic_basic_expanding_l2_0.1,2024
2024-07-12,2024-08-13,1,0.002409127354717988,0.49487655525884344,0,logistic_basic_expanding_l2_0.1,2024
2024-07-13,2024-08-14,0,-0.0034664020523074157,0.5050612768132609,1,logistic_basic_expanding_l2_0.1,2024
2024-07-14,2024-08-15,0,-0.09332959026365151,0.5229091164705397,1,logistic_basic_expanding_l2_0.1,2024
2024-07-15,2024-08-16,0,-0.11535191562634517,0.5658626648558442,1,logistic_basic_expanding_l2_0.1,2024
2024-07-16,2024-08-17,0,-0.08134753485013346,0.570878424061438,1,logistic_basic_expanding_l2_0.1,2024
2024-07-17,2024-08-18,0,-0.07026216823425424,0.5732562387313487,1,logistic_basic_expanding_l2_0.1,2024
2024-07-18,2024-08-19,0,-0.12350223169783503,0.5845300455321637,1,logistic_basic_expanding_l2_0.1,2024
2024-07-19,2024-08-20,0,-0.11470767711096685,0.6057043795534068,1,logistic_basic_expanding_l2_0.1,2024
2024-07-20,2024-08-21,0,-0.13425516042974917,0.6038395075702814,1,logistic_basic_expanding_l2_0.1,2024
2024-07-21,2024-08-22,0,-0.09441405555884619,0.619601489423575,1,logistic_basic_expanding_l2_0.1,2024
2024-07-22,2024-08-23,0,-0.08432677141470513,0.6060758030548596,1,logistic_basic_expanding_l2_0.1,2024
2024-07-23,2024-08-24,0,-0.02047800102820596,0.594333325501158,1,logistic_basic_expanding_l2_0.1,2024
2024-07-24,2024-08-25,0,-0.024968560006504603,0.5817000567729717,1,logistic_basic_expanding_l2_0.1,2024
2024-07-25,2024-08-26,0,-0.054308917947811786,0.5823157769303391,1,logistic_basic_expanding_l2_0.1,2024
2024-07-26,2024-08-27,0,-0.07456188088662619,0.5895521266483227,1,logistic_basic_expanding_l2_0.1,2024
2024-07-27,2024-08-28,0,-0.12944901881146176,0.5856506730392206,1,logistic_basic_expanding_l2_0.1,2024
2024-07-28,2024-08-29,0,-0.11604128371955957,0.5812084804558977,1,logistic_basic_expanding_l2_0.1,2024
2024-07-29,2024-08-30,0,-0.10317580226022849,0.5681070749962323,1,logistic_basic_expanding_l2_0.1,2024
2024-07-30,2024-08-31,0,-0.08516462134606961,0.5633133437137402,1,logistic_basic_expanding_l2_0.1,2024
2024-07-31,2024-09-01,0,-0.09762245688941551,0.55912836179286,1,logistic_basic_expanding_l2_0.1,2024
2024-08-01,2024-09-02,0,-0.06823875246063549,0.5731985346001764,1,logistic_basic_expanding_l2_0.1,2024
2024-08-02,2024-09-03,0,-0.02579772410915082,0.543846306048677,1,logistic_basic_expanding_l2_0.1,2024
2024-08-03,2024-09-04,0,-0.011575798215298971,0.5216001800226429,1,logistic_basic_expanding_l2_0.1,2024
2024-08-04,2024-09-05,1,0.07316116864455768,0.5106350260975314,1,logistic_basic_expanding_l2_0.1,2024
2024-08-05,2024-09-06,1,0.0028203205883403637,0.504219606556331,1,logistic_basic_expanding_l2_0.1,2024
2024-08-06,2024-09-07,0,-0.02123544630368035,0.5218064902444823,1,logistic_basic_expanding_l2_0.1,2024
2024-08-07,2024-09-08,0,-0.12199105145413869,0.5212311192627949,1,logistic_basic_expanding_l2_0.1,2024
2024-08-08,2024-09-09,0,-0.0980972579797591,0.5917375430303716,1,logistic_basic_expanding_l2_0.1,2024
2024-08-09,2024-09-10,0,-0.06371103700361325,0.5900148095534228,1,logistic_basic_expanding_l2_0.1,2024
2024-08-10,2024-09-11,0,-0.0183367826219214,0.5924064079976242,1,logistic_basic_expanding_l2_0.1,2024
2024-08-11,2024-09-12,0,-0.033845892539156375,0.5878361760683146,1,logistic_basic_expanding_l2_0.1,2024
2024-08-12,2024-09-13,0,-0.04051766083770891,0.5997122718576581,1,logistic_basic_expanding_l2_0.1,2024
2024-08-13,2024-09-14,1,0.030921867329068764,0.6126660066636742,1,logistic_basic_expanding_l2_0.1,2024
2024-08-14,2024-09-15,1,0.042612534877274566,0.5888470594397911,1,logistic_basic_expanding_l2_0.1,2024
2024-08-15,2024-09-16,1,0.004372174821090091,0.5711589910351057,1,logistic_basic_expanding_l2_0.1,2024
2024-08-16,2024-09-17,0,-0.021481883527513568,0.588835533896846,1,logistic_basic_expanding_l2_0.1,2024
2024-08-17,2024-09-18,1,0.032290357170058126,0.594466448875992,1,logistic_basic_expanding_l2_0.1,2024
2024-08-18,2024-09-19,1,0.039056840263465675,0.6002108253371715,1,logistic_basic_expanding_l2_0.1,2024
2024-08-19,2024-09-20,1,0.06666576292324833,0.6160031572121262,1,logistic_basic_expanding_l2_0.1,2024
2024-08-20,2024-09-21,1,0.033439384472798483,0.6055695394665719,1,logistic_basic_expanding_l2_0.1,2024
2024-08-21,2024-09-22,1,0.049243877889546095,0.6280866059406375,1,logistic_basic_expanding_l2_0.1,2024
2024-08-22,2024-09-23,0,-0.007159584017049969,0.6087805443263292,1,logistic_basic_expanding_l2_0.1,2024
2024-08-23,2024-09-24,0,-0.012734849592452968,0.6396417188970974,1,logistic_basic_expanding_l2_0.1,2024
2024-08-24,2024-09-25,1,0.0006650577180096207,0.6386261569847921,1,logistic_basic_expanding_l2_0.1,2024
2024-08-25,2024-09-26,1,0.005061113409937423,0.6436099416556583,1,logistic_basic_expanding_l2_0.1,2024
2024-08-26,2024-09-27,1,0.0969282167802743,0.6319140979632194,1,logistic_basic_expanding_l2_0.1,2024
2024-08-27,2024-09-28,1,0.11408590511714256,0.6094206696457922,1,logistic_basic_expanding_l2_0.1,2024
2024-08-28,2024-09-29,1,0.109486345794235,0.6088315768111864,1,logistic_basic_expanding_l2_0.1,2024
2024-08-29,2024-09-30,1,0.10956669196378654,0.6163702631165301,1,logistic_basic_expanding_l2_0.1,2024
2024-08-30,2024-10-01,1,0.07382236239698847,0.6047872532176876,1,logistic_basic_expanding_l2_0.1,2024
2024-08-31,2024-10-02,1,0.06113510978805725,0.5999992293518692,1,logistic_basic_expanding_l2_0.1,2024
2024-09-01,2024-10-03,1,0.025656952600380256,0.5829997503668892,1,logistic_basic_expanding_l2_0.1,2024
2024-09-02,2024-10-04,1,0.056794370417066364,0.5988549397790326,1,logistic_basic_expanding_l2_0.1,2024
2024-09-03,2024-10-05,1,0.07098561519658997,0.5924413732667874,1,logistic_basic_expanding_l2_0.1,2024
2024-09-04,2024-10-06,1,0.10462815948736215,0.5716682315557257,1,logistic_basic_expanding_l2_0.1,2024
2024-09-05,2024-10-07,1,0.1641299580063884,0.5587915830484393,1,logistic_basic_expanding_l2_0.1,2024
2024-09-06,2024-10-08,1,0.14887411315108356,0.5334226231685031,1,logistic_basic_expanding_l2_0.1,2024
2024-09-07,2024-10-09,1,0.13286963082707381,0.4671327926070439,0,logistic_basic_expanding_l2_0.1,2024
2024-09-08,2024-10-10,1,0.06300619490792836,0.47919804193379534,0,logistic_basic_expanding_l2_0.1,2024
2024-09-09,2024-10-11,1,0.04667934046070865,0.505196169592137,1,logistic_basic_expanding_l2_0.1,2024
2024-09-10,2024-10-12,1,0.09072499912797793,0.5180555235308653,1,logistic_basic_expanding_l2_0.1,2024
2024-09-11,2024-10-13,1,0.08728227039317726,0.5158941085888028,1,logistic_basic_expanding_l2_0.1,2024
2024-09-12,2024-10-14,1,0.039208410064532684,0.5221939199537117,1,logistic_basic_expanding_l2_0.1,2024
2024-09-13,2024-10-15,1,0.10152814444080338,0.547391356882575,1,logistic_basic_expanding_l2_0.1,2024
2024-09-14,2024-10-16,1,0.13431204762226878,0.5429310527911215,1,logistic_basic_expanding_l2_0.1,2024
2024-09-15,2024-10-17,1,0.16157645267056941,0.537683196963182,1,logistic_basic_expanding_l2_0.1,2024
2024-09-16,2024-10-18,1,0.11784645651862857,0.5202546597609482,1,logistic_basic_expanding_l2_0.1,2024
2024-09-17,2024-10-19,1,0.10796651812387248,0.5440927941588933,1,logistic_basic_expanding_l2_0.1,2024
2024-09-18,2024-10-20,1,0.08626151744296884,0.5528797062014191,1,logistic_basic_expanding_l2_0.1,2024
2024-09-19,2024-10-21,1,0.09226033428242086,0.5671205575789572,1,logistic_basic_expanding_l2_0.1,2024
2024-09-20,2024-10-22,1,0.0635926677260894,0.5672236046828752,1,logistic_basic_expanding_l2_0.1,2024
2024-09-21,2024-10-23,1,0.06051156077910291,0.5684412525324193,1,logistic_basic_expanding_l2_0.1,2024
2024-09-22,2024-10-24,1,0.05255226595394147,0.5512816867847784,1,logistic_basic_expanding_l2_0.1,2024
2024-09-23,2024-10-25,1,0.06124190237882954,0.5474760987349322,1,logistic_basic_expanding_l2_0.1,2024
2024-09-24,2024-10-26,1,0.05615514058855764,0.5492161253167829,1,logistic_basic_expanding_l2_0.1,2024
2024-09-25,2024-10-27,1,0.02944073241487888,0.5372156829960215,1,logistic_basic_expanding_l2_0.1,2024
2024-09-26,2024-10-28,1,0.03423660805580675,0.5327716433368179,1,logistic_basic_expanding_l2_0.1,2024
2024-09-27,2024-10-29,1,0.062319080445807806,0.5301309815866238,1,logistic_basic_expanding_l2_0.1,2024
2024-09-28,2024-10-30,1,0.10875276534972045,0.5339462645053655,1,logistic_basic_expanding_l2_0.1,2024
2024-09-29,2024-10-31,1,0.14238894257795964,0.5365378155529753,1,logistic_basic_expanding_l2_0.1,2024
2024-09-30,2024-11-01,1,0.15602503876331064,0.5274367594706586,1,logistic_basic_expanding_l2_0.1,2024
2024-10-01,2024-11-02,1,0.1458670483585376,0.5029952370078182,1,logistic_basic_expanding_l2_0.1,2024
2024-10-02,2024-11-03,1,0.14191990087028206,0.4945491828713678,0,logistic_basic_expanding_l2_0.1,2024
2024-10-03,2024-11-04,1,0.1077535998453758,0.48175253042553884,0,logistic_basic_expanding_l2_0.1,2024
2024-10-04,2024-11-05,1,0.09333202917721639,0.49478165351124775,0,logistic_basic_expanding_l2_0.1,2024
2024-10-05,2024-11-06,1,0.10429973554562544,0.4903011156172616,0,logistic_basic_expanding_l2_0.1,2024
2024-10-06,2024-11-07,1,0.2145149436688507,0.4859453439959943,0,logistic_basic_expanding_l2_0.1,2024
2024-10-07,2024-11-08,1,0.22035520949799303,0.4889547987543587,0,logistic_basic_expanding_l2_0.1,2024
2024-10-08,2024-11-09,1,0.2617878386127319,0.48676419586697095,0,logistic_basic_expanding_l2_0.1,2024
2024-10-09,2024-11-10,1,0.2710431917037981,0.4733675535316714,0,logistic_basic_expanding_l2_0.1,2024
2024-10-10,2024-11-11,1,0.2850979029577714,0.45613429575444286,0,logistic_basic_expanding_l2_0.1,2024
2024-10-11,2024-11-12,1,0.40251997311024557,0.4799203466780225,0,logistic_basic_expanding_l2_0.1,2024
2024-10-12,2024-11-13,1,0.39894976969945306,0.48508201425787434,0,logistic_basic_expanding_l2_0.1,2024
2024-10-13,2024-11-14,1,0.3675808062465953,0.4752554116284181,0,logistic_basic_expanding_l2_0.1,2024
2024-10-14,2024-11-15,1,0.3019263459807311,0.5228989974067366,1,logistic_basic_expanding_l2_0.1,2024
2024-10-15,2024-11-16,1,0.34623010943507837,0.541770018310992,1,logistic_basic_expanding_l2_0.1,2024
2024-10-16,2024-11-17,1,0.3436011330463242,0.5468603365736905,1,logistic_basic_expanding_l2_0.1,2024
2024-10-17,2024-11-18,1,0.31314656473177105,0.5388639953787997,1,logistic_basic_expanding_l2_0.1,2024
2024-10-18,2024-11-19,1,0.3229998424931766,0.5337893201986439,1,logistic_basic_expanding_l2_0.1,2024
2024-10-19,2024-11-20,1,0.33721752230849456,0.5292679646578253,1,logistic_basic_expanding_l2_0.1,2024
2024-10-20,2024-11-21,1,0.3993775370116137,0.532112067253595,1,logistic_basic_expanding_l2_0.1,2024
2024-10-21,2024-11-22,1,0.4581482724545023,0.5189091741075161,1,logistic_basic_expanding_l2_0.1,2024
2024-10-22,2024-11-23,1,0.483335870757845,0.5176675988119892,1,logistic_basic_expanding_l2_0.1,2024
2024-10-23,2024-11-24,1,0.4321829571336633,0.5185334357875928,1,logistic_basic_expanding_l2_0.1,2024
2024-10-24,2024-11-25,1,0.4678038367383166,0.5309233535381449,1,logistic_basic_expanding_l2_0.1,2024
2024-10-25,2024-11-26,1,0.386289817261952,0.5110384765870817,1,logistic_basic_expanding_l2_0.1,2024
2024-10-26,2024-11-27,1,0.3519975760672809,0.5032566222251191,1,logistic_basic_expanding_l2_0.1,2024
2024-10-27,2024-11-28,1,0.3702127191236524,0.5099438249207747,1,logistic_basic_expanding_l2_0.1,2024
2024-10-28,2024-11-29,1,0.3149396567688727,0.5203199083500387,1,logistic_basic_expanding_l2_0.1,2024
2024-10-29,2024-11-30,1,0.34716064399973745,0.5428400829778963,1,logistic_basic_expanding_l2_0.1,2024
2024-10-30,2024-12-01,1,0.37153554152171786,0.5310676967836799,1,logistic_basic_expanding_l2_0.1,2024
2024-10-31,2024-12-02,1,0.39842825486358935,0.5115446795196321,1,logistic_basic_expanding_l2_0.1,2024
2024-11-01,2024-12-03,1,0.38149144775173194,0.5066453678660561,1,logistic_basic_expanding_l2_0.1,2024
2024-11-02,2024-12-04,1,0.39365045853938274,0.5077535094016551,1,logistic_basic_expanding_l2_0.1,2024
2024-11-03,2024-12-05,1,0.4530185036081795,0.5057789231961977,1,logistic_basic_expanding_l2_0.1,2024
2024-11-04,2024-12-06,1,0.39747471638777676,0.5046528495372228,1,logistic_basic_expanding_l2_0.1,2024
2024-11-05,2024-12-07,1,0.3198122743624985,0.5121395928781085,1,logistic_basic_expanding_l2_0.1,2024
2024-11-06,2024-12-08,1,0.3160396367470808,0.6031911295256983,1,logistic_basic_expanding_l2_0.1,2024
2024-11-07,2024-12-09,1,0.32152516972340006,0.6057430923859398,1,logistic_basic_expanding_l2_0.1,2024
2024-11-08,2024-12-10,1,0.2686450490144039,0.6101383620852586,1,logistic_basic_expanding_l2_0.1,2024
2024-11-09,2024-12-11,1,0.2018537760540282,0.6129396240660636,1,logistic_basic_expanding_l2_0.1,2024
2024-11-10,2024-12-12,1,0.14074767620250883,0.6263066395776117,1,logistic_basic_expanding_l2_0.1,2024
2024-11-11,2024-12-13,1,0.137032585955976,0.6772561016909221,1,logistic_basic_expanding_l2_0.1,2024
2024-11-12,2024-12-14,1,0.12225730927762157,0.671687676537519,1,logistic_basic_expanding_l2_0.1,2024
2024-11-13,2024-12-15,1,0.1614006844958047,0.6636698334165295,1,logistic_basic_expanding_l2_0.1,2024
2024-11-14,2024-12-16,1,0.14755139067458423,0.657520828017666,1,logistic_basic_expanding_l2_0.1,2024
2024-11-15,2024-12-17,1,0.1707806046674183,0.6706206718278701,1,logistic_basic_expanding_l2_0.1,2024
2024-11-16,2024-12-18,1,0.18115388647477904,0.6691497830964968,1,logistic_basic_expanding_l2_0.1,2024
2024-11-17,2024-12-19,1,0.10766639175089066,0.6624653688544082,1,logistic_basic_expanding_l2_0.1,2024
2024-11-18,2024-12-20,1,0.05580127135719759,0.6564085362934052,1,logistic_basic_expanding_l2_0.1,2024
2024-11-19,2024-12-21,1,0.03732111978631947,0.6621367447950465,1,logistic_basic_expanding_l2_0.1,2024
2024-11-20,2024-12-22,0,-0.010426668315752119,0.6573846274953001,1,logistic_basic_expanding_l2_0.1,2024
2024-11-21,2024-12-23,0,-0.03747239412692638,0.6774397931088493,1,logistic_basic_expanding_l2_0.1,2024
2024-11-22,2024-12-24,0,-0.028574397680409147,0.6718133384585386,1,logistic_basic_expanding_l2_0.1,2024
2024-11-23,2024-12-25,1,0.007799076711401121,0.6661348061213818,1,logistic_basic_expanding_l2_0.1,2024
2024-11-24,2024-12-26,1,0.06902052800553404,0.6619928390974956,1,logistic_basic_expanding_l2_0.1,2024
2024-11-25,2024-12-27,1,0.04160749570815736,0.6474159546238487,1,logistic_basic_expanding_l2_0.1,2024
2024-11-26,2024-12-28,0,-0.01631576526152767,0.642113442442493,1,logistic_basic_expanding_l2_0.1,2024
2024-11-27,2024-12-29,0,-0.0035965668098958403,0.6495720187275497,1,logistic_basic_expanding_l2_0.1,2024
2024-11-28,2024-12-30,0,-0.03818807715986039,0.644994164100253,1,logistic_basic_expanding_l2_0.1,2024
2024-11-29,2024-12-31,0,-0.03750664234364809,0.6445229920260105,1,logistic_basic_expanding_l2_0.1,2024
2024-11-30,2025-01-01,0,-0.03713704467461443,0.6396005789646781,1,logistic_basic_expanding_l2_0.1,2024
2024-12-01,2025-01-02,0,-0.013030280170378772,0.6433109229296647,1,logistic_basic_expanding_l2_0.1,2024
2024-12-02,2025-01-03,1,0.011842500481743734,0.6447594393007249,1,logistic_basic_expanding_l2_0.1,2024
2024-12-03,2025-01-04,0,-0.004190701197679503,0.6420618328815556,1,logistic_basic_expanding_l2_0.1,2024
2024-12-04,2025-01-05,1,0.013150463821834935,0.6460474293014578,1,logistic_basic_expanding_l2_0.1,2024
2024-12-05,2025-01-06,0,-0.01380808503317188,0.6362056279536954,1,logistic_basic_expanding_l2_0.1,2024
2024-12-06,2025-01-07,1,0.024076551013357594,0.6127576320655689,1,logistic_basic_expanding_l2_0.1,2024
2024-12-07,2025-01-08,0,-0.041094020745804594,0.6163664724968568,1,logistic_basic_expanding_l2_0.1,2024
2024-12-08,2025-01-09,0,-0.022779093157976105,0.6215397891116551,1,logistic_basic_expanding_l2_0.1,2024
2024-12-09,2025-01-10,0,-0.04183025685091046,0.6225465024133162,1,logistic_basic_expanding_l2_0.1,2024
2024-12-10,2025-01-11,0,-0.0632771322620519,0.6117081925595612,1,logistic_basic_expanding_l2_0.1,2024
2024-12-11,2025-01-12,0,-0.05404068165475695,0.5729664481621273,1,logistic_basic_expanding_l2_0.1,2024
2024-12-12,2025-01-13,0,-0.06782569926084725,0.5716864415630969,1,logistic_basic_expanding_l2_0.1,2024
2024-12-13,2025-01-14,0,-0.06787507394991121,0.566059646282705,1,logistic_basic_expanding_l2_0.1,2024
2024-12-14,2025-01-15,0,-0.07565420390318234,0.5607444791306844,1,logistic_basic_expanding_l2_0.1,2024
2024-12-15,2025-01-16,0,-0.05243608135687172,0.5621637309701911,1,logistic_basic_expanding_l2_0.1,2024
2024-12-16,2025-01-17,0,-0.05791221528610979,0.5759087878090584,1,logistic_basic_expanding_l2_0.1,2024
2024-12-17,2025-01-18,1,0.03865573842803305,0.5757316299487776,1,logistic_basic_expanding_l2_0.1,2024
2024-12-18,2025-01-19,1,0.07279124367214007,0.5551566589222962,1,logistic_basic_expanding_l2_0.1,2024
2024-12-19,2025-01-20,1,0.03605249360362772,0.5477949332173696,1,logistic_basic_expanding_l2_0.1,2024
2024-12-20,2025-01-21,1,0.05106278008469345,0.5382703376256152,1,logistic_basic_expanding_l2_0.1,2024
2024-12-21,2025-01-22,1,0.1151168004464509,0.5227691951497128,1,logistic_basic_expanding_l2_0.1,2024
2024-12-22,2025-01-23,1,0.09301278742835661,0.5085767087505757,1,logistic_basic_expanding_l2_0.1,2024
2024-12-23,2025-01-24,1,0.05317838659412111,0.5120573150359884,1,logistic_basic_expanding_l2_0.1,2024
2024-12-24,2025-01-25,1,0.0547211238181462,0.5375170543555173,1,logistic_basic_expanding_l2_0.1,2024
2024-12-25,2025-01-26,1,0.09348690281820105,0.5250816215695934,1,logistic_basic_expanding_l2_0.1,2024
2024-12-26,2025-01-27,1,0.08824035623696225,0.5200102502135922,1,logistic_basic_expanding_l2_0.1,2024
2024-12-27,2025-01-28,1,0.07117345225603366,0.4986341786927455,0,logistic_basic_expanding_l2_0.1,2024
2024-12-28,2025-01-29,1,0.08104839660334817,0.5045876779131648,1,logistic_basic_expanding_l2_0.1,2024
2024-12-29,2025-01-30,1,0.11791096327756523,0.49268700081101197,0,logistic_basic_expanding_l2_0.1,2024
2024-12-30,2025-01-31,1,0.11912178336325563,0.48783298482649623,0,logistic_basic_expanding_l2_0.1,2024
2024-12-31,2025-02-01,1,0.08285899683883735,0.4866834065722115,0,logistic_basic_expanding_l2_0.1,2024
2025-01-01,2025-02-02,1,0.03764373774485685,0.5237413500093449,1,logistic_basic_expanding_l2_0.1,2025
2025-01-02,2025-02-03,0,-0.0048238757709895275,0.5496571250254078,1,logistic_basic_expanding_l2_0.1,2025
2025-01-03,2025-02-04,1,0.03164308554292794,0.552917005887172,1,logistic_basic_expanding_l2_0.1,2025
2025-01-04,2025-02-05,0,-0.0061045949818230305,0.5523597141367589,1,logistic_basic_expanding_l2_0.1,2025
2025-01-05,2025-02-06,0,-0.055001975828380734,0.5578813689758279,1,logistic_basic_expanding_l2_0.1,2025
2025-01-06,2025-02-07,0,-0.004128220837381624,0.5798964212916687,1,logistic_basic_expanding_l2_0.1,2025
2025-01-07,2025-02-08,1,0.015213346516501414,0.5541414192253321,1,logistic_basic_expanding_l2_0.1,2025
2025-01-08,2025-02-09,1,0.04205462219330891,0.5377862574304394,1,logistic_basic_expanding_l2_0.1,2025
2025-01-09,2025-02-10,1,0.018333384357637428,0.5347589320617772,1,logistic_basic_expanding_l2_0.1,2025
2025-01-10,2025-02-11,1,0.029924210351396363,0.538080349541388,1,logistic_basic_expanding_l2_0.1,2025
2025-01-11,2025-02-12,1,0.01304287997248288,0.5351987163829174,1,logistic_basic_expanding_l2_0.1,2025
2025-01-12,2025-02-13,1,0.035265783624902625,0.5389738844864084,1,logistic_basic_expanding_l2_0.1,2025
2025-01-13,2025-02-14,1,0.000489639434615663,0.534950906767896,1,logistic_basic_expanding_l2_0.1,2025
2025-01-14,2025-02-15,0,-0.029820487803907336,0.5454445608190076,1,logistic_basic_expanding_l2_0.1,2025
2025-01-15,2025-02-16,0,-0.024179370780089138,0.5641310306535716,1,logistic_basic_expanding_l2_0.1,2025
2025-01-16,2025-02-17,0,-0.0764752448344489,0.5615053993161786,1,logistic_basic_expanding_l2_0.1,2025
2025-01-17,2025-02-18,0,-0.08393780074128532,0.5631240795865816,1,logistic_basic_expanding_l2_0.1,2025
2025-01-18,2025-02-19,0,-0.05585455746910861,0.5618300307299924,1,logistic_basic_expanding_l2_0.1,2025
2025-01-19,2025-02-20,0,-0.054915216115783316,0.5529899769217959,1,logistic_basic_expanding_l2_0.1,2025
2025-01-20,2025-02-21,0,-0.07385083747692534,0.5492211737432978,1,logistic_basic_expanding_l2_0.1,2025
2025-01-21,2025-02-22,0,-0.07255724945726727,0.5744911199371217,1,logistic_basic_expanding_l2_0.1,2025
2025-01-22,2025-02-23,0,-0.07082393621039684,0.5656808542906812,1,logistic_basic_expanding_l2_0.1,2025
2025-01-23,2025-02-24,0,-0.08212518466821606,0.5686686716312984,1,logistic_basic_expanding_l2_0.1,2025
2025-01-24,2025-02-25,0,-0.12596062545454823,0.563666825731745,1,logistic_basic_expanding_l2_0.1,2025
2025-01-25,2025-02-26,0,-0.13583725045437045,0.5574308599635003,1,logistic_basic_expanding_l2_0.1,2025
2025-01-26,2025-02-27,0,-0.1746889266294832,0.5520437412070338,1,logistic_basic_expanding_l2_0.1,2025
2025-01-27,2025-02-28,0,-0.16407820278615037,0.5506620173080294,1,logistic_basic_expanding_l2_0.1,2025
2025-01-28,2025-03-01,0,-0.18685715525157076,0.5385948245475629,1,logistic_basic_expanding_l2_0.1,2025
2025-01-29,2025-03-02,0,-0.17816917668659804,0.5437231986285475,1,logistic_basic_expanding_l2_0.1,2025
2025-01-30,2025-03-03,0,-0.07966030509161603,0.5489317201221482,1,logistic_basic_expanding_l2_0.1,2025
2025-01-31,2025-03-04,0,-0.14323451547890675,0.5291925316823629,1,logistic_basic_expanding_l2_0.1,2025
2025-02-01,2025-03-05,0,-0.10663814824454998,0.5196461103958828,1,logistic_basic_expanding_l2_0.1,2025
2025-02-02,2025-03-06,0,-0.105819280279558,0.5195654598713756,1,logistic_basic_expanding_l2_0.1,2025
2025-02-03,2025-03-07,0,-0.08010442381453786,0.5386373637054608,1,logistic_basic_expanding_l2_0.1,2025
2025-02-04,2025-03-08,0,-0.10154696434537824,0.5280755970899282,1,logistic_basic_expanding_l2_0.1,2025
2025-02-05,2025-03-09,0,-0.10700595053459527,0.5177755834229731,1,logistic_basic_expanding_l2_0.1,2025
2025-02-06,2025-03-10,0,-0.16343221410304776,0.5054103868781594,1,logistic_basic_expanding_l2_0.1,2025
2025-02-07,2025-03-11,0,-0.18506854961000985,0.5028135291322521,1,logistic_basic_expanding_l2_0.1,2025
2025-02-08,2025-03-12,0,-0.14025890823141574,0.5043478340904893,1,logistic_basic_expanding_l2_0.1,2025
2025-02-09,2025-03-13,0,-0.1411329597759724,0.5216842163071528,1,logistic_basic_expanding_l2_0.1,2025
2025-02-10,2025-03-14,0,-0.15308732539478453,0.5247448788137742,1,logistic_basic_expanding_l2_0.1,2025
2025-02-11,2025-03-15,0,-0.14189036476959227,0.5267979905885599,1,logistic_basic_expanding_l2_0.1,2025
2025-02-12,2025-03-16,0,-0.12700473552277647,0.5339162372279417,1,logistic_basic_expanding_l2_0.1,2025
2025-02-13,2025-03-17,0,-0.15308592871398463,0.5271054926951959,1,logistic_basic_expanding_l2_0.1,2025
2025-02-14,2025-03-18,0,-0.13897402748210586,0.5265113455852356,1,logistic_basic_expanding_l2_0.1,2025
2025-02-15,2025-03-19,0,-0.13944394667727578,0.5313222401934817,1,logistic_basic_expanding_l2_0.1,2025
2025-02-16,2025-03-20,0,-0.09327708360022102,0.5215696608212096,1,logistic_basic_expanding_l2_0.1,2025
2025-02-17,2025-03-21,0,-0.11966292240529963,0.5017938792339874,1,logistic_basic_expanding_l2_0.1,2025
2025-02-18,2025-03-22,0,-0.1299152759752069,0.5109668820150357,1,logistic_basic_expanding_l2_0.1,2025
2025-02-19,2025-03-23,0,-0.1471381773929935,0.5257118762989805,1,logistic_basic_expanding_l2_0.1,2025
2025-02-20,2025-03-24,0,-0.1050039617604086,0.5299384604480836,1,logistic_basic_expanding_l2_0.1,2025
2025-02-21,2025-03-25,0,-0.09376235422084134,0.514554553635122,1,logistic_basic_expanding_l2_0.1,2025
2025-02-22,2025-03-26,0,-0.09209748800099726,0.5172516651634222,1,logistic_basic_expanding_l2_0.1,2025
2025-02-23,2025-03-27,0,-0.05072161574818845,0.5206487947744242,1,logistic_basic_expanding_l2_0.1,2025
2025-02-24,2025-03-28,0,-0.016332584915334736,0.5058480310303524,1,logistic_basic_expanding_l2_0.1,2025
2025-02-25,2025-03-29,1,0.002068721825697839,0.5020573203098219,1,logistic_basic_expanding_l2_0.1,2025
2025-02-26,2025-03-30,0,-0.02431914504046062,0.48503146508143824,0,logistic_basic_expanding_l2_0.1,2025
2025-02-27,2025-03-31,0,-0.0232359355281182,0.4896511610701538,0,logistic_basic_expanding_l2_0.1,2025
2025-02-28,2025-04-01,0,-0.04083609811892319,0.4823145709055117,0,logistic_basic_expanding_l2_0.1,2025
2025-03-01,2025-04-02,0,-0.09665472543277032,0.49425274828005533,0,logistic_basic_expanding_l2_0.1,2025
2025-03-02,2025-04-03,0,-0.042969498438666376,0.5651876333048581,1,logistic_basic_expanding_l2_0.1,2025
2025-03-03,2025-04-04,0,-0.046617755463384314,0.5566533718370011,1,logistic_basic_expanding_l2_0.1,2025
2025-03-04,2025-04-05,0,-0.07412456128733202,0.5653405787785474,1,logistic_basic_expanding_l2_0.1,2025
2025-03-05,2025-04-06,0,-0.07109703477787854,0.5797619590912624,1,logistic_basic_expanding_l2_0.1,2025
2025-03-06,2025-04-07,0,-0.0964466841332905,0.5725306300469898,1,logistic_basic_expanding_l2_0.1,2025
2025-03-07,2025-04-08,0,-0.08187217112571366,0.567038476955272,1,logistic_basic_expanding_l2_0.1,2025
2025-03-08,2025-04-09,0,-0.054649017371512176,0.5626473658129757,1,logistic_basic_expanding_l2_0.1,2025
2025-03-09,2025-04-10,1,0.05113958928625495,0.5419409737223764,1,logistic_basic_expanding_l2_0.1,2025
2025-03-10,2025-04-11,0,-0.040100929678286046,0.5500507318773371,1,logistic_basic_expanding_l2_0.1,2025
2025-03-11,2025-04-12,0,-0.003062734613669238,0.5774553953037777,1,logistic_basic_expanding_l2_0.1,2025
2025-03-12,2025-04-13,1,0.051298649905110905,0.5812956269462757,1,logistic_basic_expanding_l2_0.1,2025
2025-03-13,2025-04-14,0,-0.002657555637026965,0.5743805112895588,1,logistic_basic_expanding_l2_0.1,2025
2025-03-14,2025-04-15,1,0.003001478329454521,0.5885548219148132,1,logistic_basic_expanding_l2_0.1,2025
2025-03-15,2025-04-16,1,0.01295157392377222,0.5904364738490816,1,logistic_basic_expanding_l2_0.1,2025
2025-03-16,2025-04-17,1,0.0002423520432444093,0.5796834169984655,1,logistic_basic_expanding_l2_0.1,2025
2025-03-17,2025-04-18,1,0.026994972981331244,0.600099123977521,1,logistic_basic_expanding_l2_0.1,2025
2025-03-18,2025-04-19,0,-0.027303870198637892,0.5914978052088147,1,logistic_basic_expanding_l2_0.1,2025
2025-03-19,2025-04-20,1,0.010135190489861445,0.6039625683964247,1,logistic_basic_expanding_l2_0.1,2025
2025-03-20,2025-04-21,1,0.012967840303089284,0.6002436965406373,1,logistic_basic_expanding_l2_0.1,2025
2025-03-21,2025-04-22,1,0.04384069816302594,0.5990735077279651,1,logistic_basic_expanding_l2_0.1,2025
2025-03-22,2025-04-23,1,0.08550506781285394,0.5979704007148101,1,logistic_basic_expanding_l2_0.1,2025
2025-03-23,2025-04-24,1,0.07077760263758703,0.6216430016325746,1,logistic_basic_expanding_l2_0.1,2025
2025-03-24,2025-04-25,1,0.07537902401202468,0.6327886356016622,1,logistic_basic_expanding_l2_0.1,2025
2025-03-25,2025-04-26,1,0.08893779563192239,0.6268283985830259,1,logistic_basic_expanding_l2_0.1,2025
2025-03-26,2025-04-27,1,0.08478527549691917,0.6154163686449674,1,logistic_basic_expanding_l2_0.1,2025
2025-03-27,2025-04-28,1,0.1104528099584503,0.6272242885172271,1,logistic_basic_expanding_l2_0.1,2025
2025-03-28,2025-04-29,1,0.14958100283211317,0.6015559007872866,1,logistic_basic_expanding_l2_0.1,2025
2025-03-29,2025-04-30,1,0.1440322854715379,0.5933397958860347,1,logistic_basic_expanding_l2_0.1,2025
2025-03-30,2025-05-01,1,0.14078740157480318,0.5943276857070852,1,logistic_basic_expanding_l2_0.1,2025
2025-03-31,2025-05-02,1,0.13306446167639452,0.5877424323382447,1,logistic_basic_expanding_l2_0.1,2025
2025-04-01,2025-05-03,1,0.17415775408198253,0.581417531000316,1,logistic_basic_expanding_l2_0.1,2025
2025-04-02,2025-05-04,1,0.15193919610484352,0.5356852052130037,1,logistic_basic_expanding_l2_0.1,2025
2025-04-03,2025-05-05,1,0.12382591604922033,0.5464900671972431,1,logistic_basic_expanding_l2_0.1,2025
2025-04-04,2025-05-06,1,0.13401914506202495,0.5497740818475173,1,logistic_basic_expanding_l2_0.1,2025
2025-04-05,2025-05-07,1,0.23465536146882582,0.5519079665469094,1,logistic_basic_expanding_l2_0.1,2025
2025-04-06,2025-05-08,1,0.22570147457329925,0.527188654952895,1,logistic_basic_expanding_l2_0.1,2025
2025-04-07,2025-05-09,1,0.352965616132193,0.5289004437086171,1,logistic_basic_expanding_l2_0.1,2025
2025-04-08,2025-05-10,1,0.24640459711902962,0.5055628333535711,1,logistic_basic_expanding_l2_0.1,2025
2025-04-09,2025-05-11,1,0.31658189638387424,0.5562171710736438,1,logistic_basic_expanding_l2_0.1,2025
2025-04-10,2025-05-12,1,0.24806065604995586,0.536948026749229,1,logistic_basic_expanding_l2_0.1,2025
2025-04-11,2025-05-13,1,0.20538279353696098,0.5609023617841441,1,logistic_basic_expanding_l2_0.1,2025
2025-04-12,2025-05-14,1,0.24288108882521486,0.5705320146524852,1,logistic_basic_expanding_l2_0.1,2025
2025-04-13,2025-05-15,1,0.22361859182675148,0.5695517672695346,1,logistic_basic_expanding_l2_0.1,2025
2025-04-14,2025-05-16,1,0.24053993598344614,0.5718726250885351,1,logistic_basic_expanding_l2_0.1,2025
2025-04-15,2025-05-17,1,0.2312677867218973,0.5698273896076752,1,logistic_basic_expanding_l2_0.1,2025
2025-04-16,2025-05-18,1,0.21399852992280444,0.5650997654380442,1,logistic_basic_expanding_l2_0.1,2025
2025-04-17,2025-05-19,1,0.2601911578259528,0.5739656769488951,1,logistic_basic_expanding_l2_0.1,2025
2025-04-18,2025-05-20,1,0.2409197550454294,0.556802455680931,1,logistic_basic_expanding_l2_0.1,2025
2025-04-19,2025-05-21,1,0.25441363412023854,0.5558398273747166,1,logistic_basic_expanding_l2_0.1,2025
2025-04-20,2025-05-22,1,0.2528419303301719,0.5713188885898052,1,logistic_basic_expanding_l2_0.1,2025
2025-04-21,2025-05-23,1,0.19534081689808946,0.5807858143410384,1,logistic_basic_expanding_l2_0.1,2025
2025-04-22,2025-05-24,1,0.145448547017341,0.6142001289436263,1,logistic_basic_expanding_l2_0.1,2025
2025-04-23,2025-05-25,1,0.14664142454277984,0.6072651926305969,1,logistic_basic_expanding_l2_0.1,2025
2025-04-24,2025-05-26,1,0.151793325942416,0.6185475980537325,1,logistic_basic_expanding_l2_0.1,2025
2025-04-25,2025-05-27,1,0.1564735596229445,0.6179123151715262,1,logistic_basic_expanding_l2_0.1,2025
2025-04-26,2025-05-28,1,0.16201594700077204,0.6149837281210165,1,logistic_basic_expanding_l2_0.1,2025
2025-04-27,2025-05-29,1,0.13441155030386964,0.6142321725841392,1,logistic_basic_expanding_l2_0.1,2025
2025-04-28,2025-05-30,1,0.12023458886051941,0.613404663394787,1,logistic_basic_expanding_l2_0.1,2025
2025-04-29,2025-05-31,1,0.10420793866542066,0.6067450406924029,1,logistic_basic_expanding_l2_0.1,2025
2025-04-30,2025-06-01,1,0.08396713023850166,0.6063843910739009,1,logistic_basic_expanding_l2_0.1,2025
2025-05-01,2025-06-02,1,0.0903711359805992,0.6100143795440306,1,logistic_basic_expanding_l2_0.1,2025
2025-05-02,2025-06-03,1,0.10433917728202236,0.609884820309,1,logistic_basic_expanding_l2_0.1,2025
2025-05-03,2025-06-04,1,0.11772986184100342,0.602224613387556,1,logistic_basic_expanding_l2_0.1,2025
2025-05-04,2025-06-05,1,0.10517041035458563,0.5925378602925466,1,logistic_basic_expanding_l2_0.1,2025
2025-05-05,2025-06-06,1,0.04827507935744069,0.5915294551679837,1,logistic_basic_expanding_l2_0.1,2025
2025-05-06,2025-06-07,1,0.0748005008734367,0.5726318085407185,1,logistic_basic_expanding_l2_0.1,2025
2025-05-07,2025-06-08,1,0.022181912522959868,0.5719353453417696,1,logistic_basic_expanding_l2_0.1,2025
2025-05-08,2025-06-09,1,0.02682302245494128,0.5937391025561682,1,logistic_basic_expanding_l2_0.1,2025
2025-05-09,2025-06-10,1,0.052032386749563786,0.5722009198326182,1,logistic_basic_expanding_l2_0.1,2025
2025-05-10,2025-06-11,1,0.05912896905434217,0.572098304771068,1,logistic_basic_expanding_l2_0.1,2025
2025-05-11,2025-06-12,1,0.05694848553360332,0.5685836138343923,1,logistic_basic_expanding_l2_0.1,2025
2025-05-12,2025-06-13,1,0.015062093842564073,0.5587449880353097,1,logistic_basic_expanding_l2_0.1,2025
2025-05-13,2025-06-14,1,0.024720448684896645,0.5603374012140382,1,logistic_basic_expanding_l2_0.1,2025
2025-05-14,2025-06-15,1,0.01591037945732654,0.5571789082373423,1,logistic_basic_expanding_l2_0.1,2025
2025-05-15,2025-06-16,1,0.02058805051810353,0.5458568114862536,1,logistic_basic_expanding_l2_0.1,2025
2025-05-16,2025-06-17,1,0.035566752144087,0.5430708578851907,1,logistic_basic_expanding_l2_0.1,2025
2025-05-17,2025-06-18,0,-0.017877159835862022,0.5433559924471439,1,logistic_basic_expanding_l2_0.1,2025
2025-05-18,2025-06-19,0,-0.006506732309259133,0.5639869311156833,1,logistic_basic_expanding_l2_0.1,2025
2025-05-19,2025-06-20,0,-0.020509218530650464,0.559730651611101,1,logistic_basic_expanding_l2_0.1,2025
2025-05-20,2025-06-21,0,-0.05787832055363917,0.5592826857851444,1,logistic_basic_expanding_l2_0.1,2025
2025-05-21,2025-06-22,0,-0.0857343247604977,0.5658298329404864,1,logistic_basic_expanding_l2_0.1,2025
2025-05-22,2025-06-23,0,-0.05921105720086883,0.5469155024729075,1,logistic_basic_expanding_l2_0.1,2025
2025-05-23,2025-06-24,0,-0.022530783143207334,0.5323332251307128,1,logistic_basic_expanding_l2_0.1,2025
2025-05-24,2025-06-25,0,-0.026798967379238592,0.5301367568150668,1,logistic_basic_expanding_l2_0.1,2025
2025-05-25,2025-06-26,0,-0.01913642079784872,0.5344633810545022,1,logistic_basic_expanding_l2_0.1,2025
2025-05-26,2025-06-27,0,-0.018277432051594045,0.5419150441222644,1,logistic_basic_expanding_l2_0.1,2025
2025-05-27,2025-06-28,0,-0.0068119119947731566,0.5363620845502144,1,logistic_basic_expanding_l2_0.1,2025
2025-05-28,2025-06-29,1,0.01616672072810088,0.5292510709611535,1,logistic_basic_expanding_l2_0.1,2025
2025-05-29,2025-06-30,1,0.04203914258405517,0.5170916500226858,1,logistic_basic_expanding_l2_0.1,2025
2025-05-30,2025-07-01,1,0.024424745018446936,0.5176470360487876,1,logistic_basic_expanding_l2_0.1,2025
2025-05-31,2025-07-02,1,0.0003615954233757712,0.5248536174790679,1,logistic_basic_expanding_l2_0.1,2025
2025-06-01,2025-07-03,1,0.0282604054488087,0.52779089844255,1,logistic_basic_expanding_l2_0.1,2025
2025-06-02,2025-07-04,1,0.03993161689136815,0.5297036433581455,1,logistic_basic_expanding_l2_0.1,2025
2025-06-03,2025-07-05,1,0.0313991269652214,0.5231418784800465,1,logistic_basic_expanding_l2_0.1,2025
2025-06-04,2025-07-06,1,0.06590007220071503,0.5120866461448995,1,logistic_basic_expanding_l2_0.1,2025
2025-06-05,2025-07-07,1,0.04713293699023002,0.4972763193634734,0,logistic_basic_expanding_l2_0.1,2025
2025-06-06,2025-07-08,1,0.025681997003377033,0.5279602409172583,1,logistic_basic_expanding_l2_0.1,2025
2025-06-07,2025-07-09,1,0.03016039966705142,0.5154275589985532,1,logistic_basic_expanding_l2_0.1,2025
2025-06-08,2025-07-10,1,0.008806034879146107,0.5124613945119768,1,logistic_basic_expanding_l2_0.1,2025
2025-06-09,2025-07-11,1,0.05201225778714336,0.5433016954623558,1,logistic_basic_expanding_l2_0.1,2025
2025-06-10,2025-07-12,1,0.08175727710942948,0.5456030704742099,1,logistic_basic_expanding_l2_0.1,2025
2025-06-11,2025-07-13,1,0.11117693339770884,0.5422282611992584,1,logistic_basic_expanding_l2_0.1,2025
2025-06-12,2025-07-14,1,0.12275363995391952,0.5437073985910659,1,logistic_basic_expanding_l2_0.1,2025
2025-06-13,2025-07-15,1,0.1368551974237351,0.5455316303938121,1,logistic_basic_expanding_l2_0.1,2025
2025-06-14,2025-07-16,1,0.11519648555855722,0.5397215922783,1,logistic_basic_expanding_l2_0.1,2025
2025-06-15,2025-07-17,1,0.11082880368498271,0.5379207485113682,1,logistic_basic_expanding_l2_0.1,2025
2025-06-16,2025-07-18,1,0.1398969518944646,0.5382499123762023,1,logistic_basic_expanding_l2_0.1,2025
2025-06-17,2025-07-19,1,0.12430593023201486,0.5281039030876212,1,logistic_basic_expanding_l2_0.1,2025
2025-06-18,2025-07-20,1,0.1259468525230465,0.5344502840359481,1,logistic_basic_expanding_l2_0.1,2025
2025-06-19,2025-07-21,1,0.13521203415594396,0.5449659052949984,1,logistic_basic_expanding_l2_0.1,2025
2025-06-20,2025-07-22,1,0.14943534088614552,0.5244823546388905,1,logistic_basic_expanding_l2_0.1,2025
2025-06-21,2025-07-23,1,0.1880926315522573,0.5125560965171455,1,logistic_basic_expanding_l2_0.1,2025
2025-06-22,2025-07-24,1,0.12742388635609747,0.49746764177809405,0,logistic_basic_expanding_l2_0.1,2025
2025-06-23,2025-07-25,1,0.11555084226501888,0.5139143653331509,1,logistic_basic_expanding_l2_0.1,2025
2025-06-24,2025-07-26,1,0.09571141727467691,0.5184890686206152,1,logistic_basic_expanding_l2_0.1,2025
2025-06-25,2025-07-27,1,0.10260151143939833,0.5295089335073192,1,logistic_basic_expanding_l2_0.1,2025
2025-06-26,2025-07-28,1,0.11553722185966264,0.5393557939988669,1,logistic_basic_expanding_l2_0.1,2025
2025-06-27,2025-07-29,1,0.10033412928755858,0.5403362170786906,1,logistic_basic_expanding_l2_0.1,2025
2025-06-28,2025-07-30,1,0.08853905329359191,0.5430986538654209,1,logistic_basic_expanding_l2_0.1,2025
2025-06-29,2025-07-31,1,0.09980521064101855,0.5480921251252274,1,logistic_basic_expanding_l2_0.1,2025
2025-06-30,2025-08-01,1,0.09540908580368135,0.5336574784553162,1,logistic_basic_expanding_l2_0.1,2025
2025-07-01,2025-08-02,1,0.040866759351137594,0.5353433620933337,1,logistic_basic_expanding_l2_0.1,2025
2025-07-02,2025-08-03,1,0.027025470783941907,0.5522733466988479,1,logistic_basic_expanding_l2_0.1,2025
2025-07-03,2025-08-04,1,0.05764322111789455,0.5560825667989985,1,logistic_basic_expanding_l2_0.1,2025
2025-07-04,2025-08-05,1,0.06337365196363853,0.5532399568510815,1,logistic_basic_expanding_l2_0.1,2025
2025-07-05,2025-08-06,1,0.04510738403453729,0.5591241568436993,1,logistic_basic_expanding_l2_0.1,2025
2025-07-06,2025-08-07,1,0.06215728115271957,0.562032085697002,1,logistic_basic_expanding_l2_0.1,2025
2025-07-07,2025-08-08,1,0.07848691997896862,0.5492791967737697,1,logistic_basic_expanding_l2_0.1,2025
2025-07-08,2025-08-09,1,0.0489125627056477,0.5633700566235191,1,logistic_basic_expanding_l2_0.1,2025
2025-07-09,2025-08-10,1,0.0038982842946053697,0.5570221794362614,1,logistic_basic_expanding_l2_0.1,2025
2025-07-10,2025-08-11,1,0.01503144025840375,0.5904923941632412,1,logistic_basic_expanding_l2_0.1,2025
2025-07-11,2025-08-12,1,0.010781808891159983,0.5960253355875508,1,logistic_basic_expanding_l2_0.1,2025
2025-07-12,2025-08-13,1,0.008795612270561026,0.587584785418824,1,logistic_basic_expanding_l2_0.1,2025
2025-07-13,2025-08-14,1,0.02891552210313031,0.5906380108358691,1,logistic_basic_expanding_l2_0.1,2025
2025-07-14,2025-08-15,1,0.00456028155350352,0.5984683836597019,1,logistic_basic_expanding_l2_0.1,2025
2025-07-15,2025-08-16,0,-0.010860618910289888,0.5947955826721677,1,logistic_basic_expanding_l2_0.1,2025
2025-07-16,2025-08-17,0,-0.015077502845334267,0.5902689585676687,1,logistic_basic_expanding_l2_0.1,2025
2025-07-17,2025-08-18,0,-0.004408146748386521,0.5802999390342194,1,logistic_basic_expanding_l2_0.1,2025
2025-07-18,2025-08-19,0,-0.013687710990520019,0.5798384109222537,1,logistic_basic_expanding_l2_0.1,2025
2025-07-19,2025-08-20,0,-0.03745495996208936,0.5789542188771979,1,logistic_basic_expanding_l2_0.1,2025
2025-07-20,2025-08-21,0,-0.02648765091536609,0.5708556553593275,1,logistic_basic_expanding_l2_0.1,2025
2025-07-21,2025-08-22,0,-0.062143849126705786,0.5835031541663137,1,logistic_basic_expanding_l2_0.1,2025
2025-07-22,2025-08-23,0,-0.015325541446326918,0.5908396759683356,1,logistic_basic_expanding_l2_0.1,2025
2025-07-23,2025-08-24,0,-0.024530133179562985,0.5643124129648615,1,logistic_basic_expanding_l2_0.1,2025
2025-07-24,2025-08-25,0,-0.035035872760721065,0.5491973973246195,1,logistic_basic_expanding_l2_0.1,2025
2025-07-25,2025-08-26,0,-0.06621447305075256,0.5407311050092362,1,logistic_basic_expanding_l2_0.1,2025
2025-07-26,2025-08-27,0,-0.06408159874642794,0.5427669361557298,1,logistic_basic_expanding_l2_0.1,2025
2025-07-27,2025-08-28,0,-0.05759932550876534,0.5455849018256426,1,logistic_basic_expanding_l2_0.1,2025
2025-07-28,2025-08-29,0,-0.045644898400391765,0.5366906385910268,1,logistic_basic_expanding_l2_0.1,2025
2025-07-29,2025-08-30,0,-0.08030267067401142,0.5416608631301638,1,logistic_basic_expanding_l2_0.1,2025
2025-07-30,2025-08-31,0,-0.06001637641109203,0.5372099406872246,1,logistic_basic_expanding_l2_0.1,2025
2025-07-31,2025-09-01,0,-0.0445865202114919,0.5242437860441358,1,logistic_basic_expanding_l2_0.1,2025
2025-08-01,2025-09-02,0,-0.029400509212426762,0.5138548531604514,1,logistic_basic_expanding_l2_0.1,2025
2025-08-02,2025-09-03,0,-0.025994492018610482,0.5113630975303342,1,logistic_basic_expanding_l2_0.1,2025
2025-08-03,2025-09-04,0,-0.029110504773237622,0.5208231445644439,1,logistic_basic_expanding_l2_0.1,2025
2025-08-04,2025-09-05,0,-0.029780841542192182,0.5278961593588123,1,logistic_basic_expanding_l2_0.1,2025
2025-08-05,2025-09-06,0,-0.0376744454214184,0.511959874634934,1,logistic_basic_expanding_l2_0.1,2025
2025-08-06,2025-09-07,0,-0.062006595272644516,0.5319178687271533,1,logistic_basic_expanding_l2_0.1,2025
2025-08-07,2025-09-08,0,-0.047460058621086265,0.5535491770128028,1,logistic_basic_expanding_l2_0.1,2025
2025-08-08,2025-09-09,0,-0.03775489482643524,0.5508618474887621,1,logistic_basic_expanding_l2_0.1,2025
2025-08-09,2025-09-10,0,-0.06494771291194457,0.5246305233706522,1,logistic_basic_expanding_l2_0.1,2025
2025-08-10,2025-09-11,0,-0.03981935527357905,0.536732630444389,1,logistic_basic_expanding_l2_0.1,2025
2025-08-11,2025-09-12,0,-0.038718402078877,0.5370340283230958,1,logistic_basic_expanding_l2_0.1,2025
2025-08-12,2025-09-13,0,-0.05901581458356919,0.5436620969578128,1,logistic_basic_expanding_l2_0.1,2025
2025-08-13,2025-09-14,0,-0.020092127238755197,0.5621634638312479,1,logistic_basic_expanding_l2_0.1,2025
2025-08-14,2025-09-15,0,-0.017675080474142124,0.5562395864032521,1,logistic_basic_expanding_l2_0.1,2025
2025-08-15,2025-09-16,0,-0.01730225405105068,0.5593497678411645,1,logistic_basic_expanding_l2_0.1,2025
2025-08-16,2025-09-17,0,-0.005247220710598244,0.5646160195560704,1,logistic_basic_expanding_l2_0.1,2025
2025-08-17,2025-09-18,1,0.0018975789198814041,0.5573414106588576,1,logistic_basic_expanding_l2_0.1,2025
2025-08-18,2025-09-19,1,0.037215116642207,0.5512963647648161,1,logistic_basic_expanding_l2_0.1,2025
2025-08-19,2025-09-20,1,0.011911659653965456,0.5466758884817914,1,logistic_basic_expanding_l2_0.1,2025
2025-08-20,2025-09-21,1,0.028316711111111115,0.5494433982882306,1,logistic_basic_expanding_l2_0.1,2025
2025-08-21,2025-09-22,0,-0.014569593623862676,0.5421342989461543,1,logistic_basic_expanding_l2_0.1,2025
2025-08-22,2025-09-23,0,-0.024143423754695692,0.5738989366590764,1,logistic_basic_expanding_l2_0.1,2025
2025-08-23,2025-09-24,0,-0.013170699772559802,0.5703078267876924,1,logistic_basic_expanding_l2_0.1,2025
2025-08-24,2025-09-25,1,0.029016188792536424,0.5586441701151499,1,logistic_basic_expanding_l2_0.1,2025
2025-08-25,2025-09-26,0,-0.024773176721286316,0.553352390461772,1,logistic_basic_expanding_l2_0.1,2025
2025-08-26,2025-09-27,0,-0.014547193601841202,0.5600392845008891,1,logistic_basic_expanding_l2_0.1,2025
2025-08-27,2025-09-28,0,-0.02603829367247379,0.5494010956088791,1,logistic_basic_expanding_l2_0.1,2025
2025-08-28,2025-09-29,1,0.03493864957085169,0.5668197173934876,1,logistic_basic_expanding_l2_0.1,2025
2025-08-29,2025-09-30,1,0.05050381684440186,0.5555339720158734,1,logistic_basic_expanding_l2_0.1,2025
2025-08-30,2025-10-01,1,0.05360531291768145,0.5580300116407302,1,logistic_basic_expanding_l2_0.1,2025
2025-08-31,2025-10-02,1,0.08566257920934262,0.5553594756247413,1,logistic_basic_expanding_l2_0.1,2025
2025-09-01,2025-10-03,1,0.08350718415073866,0.5659119244816535,1,logistic_basic_expanding_l2_0.1,2025
2025-09-02,2025-10-04,1,0.09423411800219372,0.5781842975920599,1,logistic_basic_expanding_l2_0.1,2025
2025-09-03,2025-10-05,1,0.1053014394269638,0.580004862831817,1,logistic_basic_expanding_l2_0.1,2025
2025-09-04,2025-10-06,1,0.11587131754925006,0.5811466835807868,1,logistic_basic_expanding_l2_0.1,2025
2025-09-05,2025-10-07,1,0.13132612105240526,0.5724246622018482,1,logistic_basic_expanding_l2_0.1,2025
2025-09-06,2025-10-08,1,0.09173882587626925,0.5682827046358497,1,logistic_basic_expanding_l2_0.1,2025
2025-09-07,2025-10-09,1,0.1003056880354416,0.5861729247338843,1,logistic_basic_expanding_l2_0.1,2025
2025-09-08,2025-10-10,1,0.09068900308553274,0.6014509472351465,1,logistic_basic_expanding_l2_0.1,2025
2025-09-09,2025-10-11,0,-0.010402860652860557,0.585194330189496,1,logistic_basic_expanding_l2_0.1,2025
2025-09-10,2025-10-12,0,-0.041896235704242835,0.6045306867708701,1,logistic_basic_expanding_l2_0.1,2025
2025-09-11,2025-10-13,0,-0.009226970989510419,0.6071641616861586,1,logistic_basic_expanding_l2_0.1,2025
2025-09-12,2025-10-14,0,-0.006489830034587252,0.6234623053800009,1,logistic_basic_expanding_l2_0.1,2025
2025-09-13,2025-10-15,0,-0.019431930854015733,0.607497018920697,1,logistic_basic_expanding_l2_0.1,2025
2025-09-14,2025-10-16,0,-0.03976108825934632,0.6048148632257077,1,logistic_basic_expanding_l2_0.1,2025
2025-09-15,2025-10-17,0,-0.07359163057878071,0.6039810196435285,1,logistic_basic_expanding_l2_0.1,2025
2025-09-16,2025-10-18,0,-0.08601224928637441,0.6070174934162672,1,logistic_basic_expanding_l2_0.1,2025
2025-09-17,2025-10-19,0,-0.08446426788361128,0.5993933936908132,1,logistic_basic_expanding_l2_0.1,2025
2025-09-18,2025-10-20,0,-0.060446904193539486,0.5995300148658542,1,logistic_basic_expanding_l2_0.1,2025
2025-09-19,2025-10-21,0,-0.04454779733662695,0.5872415715804523,1,logistic_basic_expanding_l2_0.1,2025
2025-09-20,2025-10-22,0,-0.06017957293046927,0.5886865379168303,1,logistic_basic_expanding_l2_0.1,2025
2025-09-21,2025-10-23,0,-0.04512645650073743,0.5703885901445289,1,logistic_basic_expanding_l2_0.1,2025
2025-09-22,2025-10-24,0,-0.017148487305221116,0.5509829813553959,1,logistic_basic_expanding_l2_0.1,2025
2025-09-23,2025-10-25,0,-0.02031745432166998,0.5448014725288722,1,logistic_basic_expanding_l2_0.1,2025
2025-09-24,2025-10-26,1,0.02432948674744928,0.531213000846175,1,logistic_basic_expanding_l2_0.1,2025
2025-09-25,2025-10-27,1,0.04483577953486684,0.5134929447376795,1,logistic_basic_expanding_l2_0.1,2025
2025-09-26,2025-10-28,1,0.040787753275958405,0.51728701228494,1,logistic_basic_expanding_l2_0.1,2025
2025-09-27,2025-10-29,1,0.0065482709419317775,0.5157005211610256,1,logistic_basic_expanding_l2_0.1,2025
2025-09-28,2025-10-30,0,-0.037534739362815595,0.5209798211633412,1,logistic_basic_expanding_l2_0.1,2025
2025-09-29,2025-10-31,0,-0.05020713037753799,0.5387375073305262,1,logistic_basic_expanding_l2_0.1,2025
2025-09-30,2025-11-01,0,-0.07577874916975846,0.5357561152897921,1,logistic_basic_expanding_l2_0.1,2025
2025-10-01,2025-11-02,0,-0.08654531033312629,0.5673905191114772,1,logistic_basic_expanding_l2_0.1,2025
2025-10-02,2025-11-03,0,-0.09565007455890717,0.577470628995359,1,logistic_basic_expanding_l2_0.1,2025
2025-10-03,2025-11-04,0,-0.12915934416414154,0.5879504959111804,1,logistic_basic_expanding_l2_0.1,2025
2025-10-04,2025-11-05,0,-0.17804241125369213,0.5873130321672182,1,logistic_basic_expanding_l2_0.1,2025
2025-10-05,2025-11-06,0,-0.16664225331052318,0.5892972973389411,1,logistic_basic_expanding_l2_0.1,2025
2025-10-06,2025-11-07,0,-0.16472786949234575,0.5984394079236539,1,logistic_basic_expanding_l2_0.1,2025
2025-10-07,2025-11-08,0,-0.1619298199657908,0.5934746334245532,1,logistic_basic_expanding_l2_0.1,2025
2025-10-08,2025-11-09,0,-0.15904222183335026,0.5990608132716415,1,logistic_basic_expanding_l2_0.1,2025
2025-10-09,2025-11-10,0,-0.07139504687629272,0.6051537469387415,1,logistic_basic_expanding_l2_0.1,2025
2025-10-10,2025-11-11,0,-0.04187532310717934,0.5909416501858177,1,logistic_basic_expanding_l2_0.1,2025
2025-10-11,2025-11-12,0,-0.10351368459711785,0.5839010137398976,1,logistic_basic_expanding_l2_0.1,2025
2025-10-12,2025-11-13,0,-0.1173230814650158,0.5966884556236299,1,logistic_basic_expanding_l2_0.1,2025
2025-10-13,2025-11-14,0,-0.11798921206605828,0.5941349739129099,1,logistic_basic_expanding_l2_0.1,2025
2025-10-14,2025-11-15,0,-0.14598050906401472,0.5918970829525504,1,logistic_basic_expanding_l2_0.1,2025
2025-10-15,2025-11-16,0,-0.11643906835361995,0.5753655808141096,1,logistic_basic_expanding_l2_0.1,2025
2025-10-16,2025-11-17,0,-0.11434781448531106,0.56638049511729,1,logistic_basic_expanding_l2_0.1,2025
2025-10-17,2025-11-18,0,-0.13966375892149085,0.5676090543318313,1,logistic_basic_expanding_l2_0.1,2025
2025-10-18,2025-11-19,0,-0.14434407370136093,0.5725822275254524,1,logistic_basic_expanding_l2_0.1,2025
2025-10-19,2025-11-20,0,-0.17168887333985983,0.571723397158676,1,logistic_basic_expanding_l2_0.1,2025
2025-10-20,2025-11-21,0,-0.20000838429934686,0.5792250367210977,1,logistic_basic_expanding_l2_0.1,2025
2025-10-21,2025-11-22,0,-0.2085949792432562,0.5805775079671507,1,logistic_basic_expanding_l2_0.1,2025
2025-10-22,2025-11-23,0,-0.23018583426925898,0.574170842890252,1,logistic_basic_expanding_l2_0.1,2025
2025-10-23,2025-11-24,0,-0.21778227807961625,0.5905056692700786,1,logistic_basic_expanding_l2_0.1,2025
2025-10-24,2025-11-25,0,-0.2091091802708681,0.6073204308345012,1,logistic_basic_expanding_l2_0.1,2025
2025-10-25,2025-11-26,0,-0.23733921115690104,0.6062128284925977,1,logistic_basic_expanding_l2_0.1,2025
2025-10-26,2025-11-27,0,-0.20702941476754622,0.6078712206326234,1,logistic_basic_expanding_l2_0.1,2025
2025-10-27,2025-11-28,0,-0.19100795369714585,0.6043329188822473,1,logistic_basic_expanding_l2_0.1,2025
2025-10-28,2025-11-29,0,-0.17388078490255976,0.6039668733914972,1,logistic_basic_expanding_l2_0.1,2025
2025-10-29,2025-11-30,0,-0.1617426680072268,0.5989912843830763,1,logistic_basic_expanding_l2_0.1,2025
2025-10-30,2025-12-01,0,-0.17560760386033836,0.5972518958166458,1,logistic_basic_expanding_l2_0.1,2025
2025-10-31,2025-12-02,0,-0.21628066242741706,0.5969322563353481,1,logistic_basic_expanding_l2_0.1,2025
2025-11-01,2025-12-03,0,-0.1742599037512793,0.594905081982156,1,logistic_basic_expanding_l2_0.1,2025
2025-11-02,2025-12-04,0,-0.1234070520594035,0.5887059403342003,1,logistic_basic_expanding_l2_0.1,2025
2025-11-03,2025-12-05,0,-0.09280223706597701,0.5702120589970162,1,logistic_basic_expanding_l2_0.1,2025
2025-11-04,2025-12-06,0,-0.14010778825387582,0.5602435517491177,1,logistic_basic_expanding_l2_0.1,2025
2025-11-05,2025-12-07,0,-0.11948409627055967,0.5780116379783719,1,logistic_basic_expanding_l2_0.1,2025
2025-11-06,2025-12-08,0,-0.12525531238953225,0.5638745810597927,1,logistic_basic_expanding_l2_0.1,2025
2025-11-07,2025-12-09,0,-0.11414586325582432,0.5682826399248394,1,logistic_basic_expanding_l2_0.1,2025
2025-11-08,2025-12-10,0,-0.11500955616701014,0.5647186683543302,1,logistic_basic_expanding_l2_0.1,2025
2025-11-09,2025-12-11,0,-0.13202151509940507,0.5414995968099896,1,logistic_basic_expanding_l2_0.1,2025
2025-11-10,2025-12-12,0,-0.10232604624535457,0.5519309795579154,1,logistic_basic_expanding_l2_0.1,2025
2025-11-11,2025-12-13,0,-0.1120063997248717,0.5437234452225702,1,logistic_basic_expanding_l2_0.1,2025
2025-11-12,2025-12-14,0,-0.09481229342004571,0.5437106245685309,1,logistic_basic_expanding_l2_0.1,2025
2025-11-13,2025-12-15,0,-0.06788844958454021,0.5424933986130288,1,logistic_basic_expanding_l2_0.1,2025
2025-11-14,2025-12-16,0,-0.09586308999842352,0.5285139463873211,1,logistic_basic_expanding_l2_0.1,2025
2025-11-15,2025-12-17,0,-0.0678752554729426,0.5324200500320956,1,logistic_basic_expanding_l2_0.1,2025
2025-11-16,2025-12-18,0,-0.06476062390622628,0.5247148420152806,1,logistic_basic_expanding_l2_0.1,2025
2025-11-17,2025-12-19,0,-0.08008125572889135,0.522750546918119,1,logistic_basic_expanding_l2_0.1,2025
2025-11-18,2025-12-20,0,-0.03733287634006954,0.5344856520306038,1,logistic_basic_expanding_l2_0.1,2025
2025-11-19,2025-12-21,1,0.01989549064478302,0.5222226285680833,1,logistic_basic_expanding_l2_0.1,2025
2025-11-20,2025-12-22,1,0.04145981494999029,0.52256670070961,1,logistic_basic_expanding_l2_0.1,2025
2025-11-21,2025-12-23,1,0.04579952147604871,0.519529476440123,1,logistic_basic_expanding_l2_0.1,2025
2025-11-22,2025-12-24,1,0.007554992514108072,0.5127346816286685,1,logistic_basic_expanding_l2_0.1,2025
2025-11-23,2025-12-25,0,-0.007141222294312244,0.5226065361391403,1,logistic_basic_expanding_l2_0.1,2025
2025-11-24,2025-12-26,0,-0.0016561754570820764,0.5318413369735407,1,logistic_basic_expanding_l2_0.1,2025
2025-11-25,2025-12-27,0,-0.0344198936364557,0.5238630760497345,1,logistic_basic_expanding_l2_0.1,2025
2025-11-26,2025-12-28,0,-0.037849456620397626,0.550737452091148,1,logistic_basic_expanding_l2_0.1,2025
2025-11-27,2025-12-29,0,-0.03232453569787275,0.5695995439368523,1,logistic_basic_expanding_l2_0.1,2025
2025-11-28,2025-12-30,0,-0.039264473509742714,0.5776416944436923,1,logistic_basic_expanding_l2_0.1,2025
2025-11-29,2025-12-31,0,-0.020744906956074893,0.5749585058034647,1,logistic_basic_expanding_l2_0.1,2025
2025-11-30,2026-01-01,1,0.015787031988152123,0.5710612981745221,1,logistic_basic_expanding_l2_0.1,2025
2025-12-01,2026-01-02,0,-0.02671874061930446,0.5597898642537898,1,logistic_basic_expanding_l2_0.1,2025
2025-12-02,2026-01-03,0,-0.03676347894866683,0.5927061828438926,1,logistic_basic_expanding_l2_0.1,2025
2025-12-03,2026-01-04,0,-0.015748051164414245,0.5979708961156411,1,logistic_basic_expanding_l2_0.1,2025
2025-12-04,2026-01-05,1,0.024624415258293952,0.5949762228809968,1,logistic_basic_expanding_l2_0.1,2025
2025-12-05,2026-01-06,1,0.0518049728363188,0.5842561817930229,1,logistic_basic_expanding_l2_0.1,2025
2025-12-06,2026-01-07,1,0.03708875636482056,0.5840067213682062,1,logistic_basic_expanding_l2_0.1,2025
2025-12-07,2026-01-08,1,0.008052245092506238,0.5833567462927041,1,logistic_basic_expanding_l2_0.1,2025
2025-12-08,2026-01-09,0,-0.017035285627858165,0.5870378847622778,1,logistic_basic_expanding_l2_0.1,2025
2025-12-09,2026-01-10,0,-0.014933481772286372,0.5909199425951941,1,logistic_basic_expanding_l2_0.1,2025
2025-12-10,2026-01-11,0,-0.021712318801885844,0.5772820795929738,1,logistic_basic_expanding_l2_0.1,2025
2025-12-11,2026-01-12,1,0.008255710218954881,0.5778243750044465,1,logistic_basic_expanding_l2_0.1,2025
2025-12-12,2026-01-13,1,0.011704343971631115,0.5748896339203031,1,logistic_basic_expanding_l2_0.1,2025
2025-12-13,2026-01-14,1,0.08213284102374274,0.5749292964190774,1,logistic_basic_expanding_l2_0.1,2025
2025-12-14,2026-01-15,1,0.12171059634339465,0.5552272580473258,1,logistic_basic_expanding_l2_0.1,2025
2025-12-15,2026-01-16,1,0.08810696327243317,0.557116148947963,1,logistic_basic_expanding_l2_0.1,2025
2025-12-16,2026-01-17,1,0.10792394950884843,0.548067564521215,1,logistic_basic_expanding_l2_0.1,2025
2025-12-17,2026-01-18,1,0.11262586911681627,0.5334847235567063,1,logistic_basic_expanding_l2_0.1,2025
2025-12-18,2026-01-19,1,0.06281349649607804,0.5327549375381553,1,logistic_basic_expanding_l2_0.1,2025
2025-12-19,2026-01-20,1,0.04832544164608543,0.5617827831961194,1,logistic_basic_expanding_l2_0.1,2025
2025-12-20,2026-01-21,0,-0.0026078608942341486,0.5495727527229298,1,logistic_basic_expanding_l2_0.1,2025
2025-12-21,2026-01-22,1,0.009410207243695234,0.5490494005336262,1,logistic_basic_expanding_l2_0.1,2025
2025-12-22,2026-01-23,1,0.023702992478796592,0.5501894520131912,1,logistic_basic_expanding_l2_0.1,2025
2025-12-23,2026-01-24,1,0.022023866013059834,0.5320399822907657,1,logistic_basic_expanding_l2_0.1,2025
2025-12-24,2026-01-25,1,0.022929937620141505,0.5379479594421052,1,logistic_basic_expanding_l2_0.1,2025
2025-12-25,2026-01-26,0,-0.008002787240773523,0.5338991377552055,1,logistic_basic_expanding_l2_0.1,2025
2025-12-26,2026-01-27,1,0.005349295037381907,0.5298447392067122,1,logistic_basic_expanding_l2_0.1,2025
2025-12-27,2026-01-28,1,0.01474974449337596,0.5338270350257022,1,logistic_basic_expanding_l2_0.1,2025
2025-12-28,2026-01-29,1,0.02364669722628432,0.542976441167693,1,logistic_basic_expanding_l2_0.1,2025
2025-12-29,2026-01-30,0,-0.04334427674590746,0.5475616714553065,1,logistic_basic_expanding_l2_0.1,2025
2025-12-30,2026-01-31,0,-0.03865121717830866,0.5552021025821817,1,logistic_basic_expanding_l2_0.1,2025
2025-12-31,2026-02-01,0,-0.11366566841946191,0.5475661324246052,1,logistic_basic_expanding_l2_0.1,2025
2026-01-01,2026-02-02,0,-0.1447513721296505,0.5171004160035859,1,logistic_basic_expanding_l2_0.1,2026
2026-01-02,2026-02-03,0,-0.13118913236647245,0.5088736721667536,1,logistic_basic_expanding_l2_0.1,2026
2026-01-03,2026-02-04,0,-0.17217933755738846,0.5111613729626043,1,logistic_basic_expanding_l2_0.1,2026
2026-01-04,2026-02-05,0,-0.2204766027936802,0.5104028137647415,1,logistic_basic_expanding_l2_0.1,2026
2026-01-05,2026-02-06,0,-0.328946856129258,0.5306116404150476,1,logistic_basic_expanding_l2_0.1,2026
2026-01-06,2026-02-07,0,-0.22748416884695277,0.5378144195950048,1,logistic_basic_expanding_l2_0.1,2026
2026-01-07,2026-02-08,0,-0.23941416026344686,0.5196240315444939,1,logistic_basic_expanding_l2_0.1,2026
2026-01-08,2026-02-09,0,-0.22407993621448596,0.5202803963882442,1,logistic_basic_expanding_l2_0.1,2026
2026-01-09,2026-02-10,0,-0.22503472195366647,0.5139043359295287,1,logistic_basic_expanding_l2_0.1,2026
2026-01-10,2026-02-11,0,-0.24361595830779692,0.5118723369795044,1,logistic_basic_expanding_l2_0.1,2026
2026-01-11,2026-02-12,0,-0.26522111544620686,0.5083359950236251,1,logistic_basic_expanding_l2_0.1,2026
2026-01-12,2026-02-13,0,-0.3054250220538939,0.5107388503130671,1,logistic_basic_expanding_l2_0.1,2026
2026-01-13,2026-02-14,0,-0.2898122138654906,0.5367280648365569,1,logistic_basic_expanding_l2_0.1,2026
2026-01-14,2026-02-15,0,-0.269671264447887,0.5488594579609872,1,logistic_basic_expanding_l2_0.1,2026
2026-01-15,2026-02-16,0,-0.2796241460314258,0.5382942612291256,1,logistic_basic_expanding_l2_0.1,2026
2026-01-16,2026-02-17,0,-0.2759427782700531,0.5351354927367727,1,logistic_basic_expanding_l2_0.1,2026
2026-01-17,2026-02-18,0,-0.2793716533896482,0.5300231969041016,1,logistic_basic_expanding_l2_0.1,2026
2026-01-18,2026-02-19,0,-0.28251873374126746,0.513070390109394,1,logistic_basic_expanding_l2_0.1,2026
2026-01-19,2026-02-20,0,-0.2422763420404883,0.4998122915388168,0,logistic_basic_expanding_l2_0.1,2026
2026-01-20,2026-02-21,0,-0.23961538981784414,0.48666390693834377,0,logistic_basic_expanding_l2_0.1,2026
2026-01-21,2026-02-22,0,-0.24099851629661917,0.49947366181668035,0,logistic_basic_expanding_l2_0.1,2026
2026-01-22,2026-02-23,0,-0.24505364158541498,0.5042399637745724,1,logistic_basic_expanding_l2_0.1,2026
2026-01-23,2026-02-24,0,-0.2753626940508156,0.5067666835484531,1,logistic_basic_expanding_l2_0.1,2026
2026-01-24,2026-02-25,0,-0.2608989970735093,0.5068049239435468,1,logistic_basic_expanding_l2_0.1,2026
2026-01-25,2026-02-26,0,-0.23044383583475547,0.4973249092590474,0,logistic_basic_expanding_l2_0.1,2026
2026-01-26,2026-02-27,0,-0.24386333264575155,0.5083336611853708,1,logistic_basic_expanding_l2_0.1,2026
2026-01-27,2026-02-28,0,-0.2623506159014558,0.5048999000554828,1,logistic_basic_expanding_l2_0.1,2026
2026-01-28,2026-03-01,0,-0.20882299572735608,0.4944402971116723,0,logistic_basic_expanding_l2_0.1,2026
2026-01-29,2026-03-02,0,-0.21936755656565066,0.48920986271920336,0,logistic_basic_expanding_l2_0.1,2026
2026-01-30,2026-03-03,0,-0.12586870135164496,0.48805440276163997,0,logistic_basic_expanding_l2_0.1,2026
2026-01-31,2026-03-04,0,-0.11212692719150852,0.4830822743201133,0,logistic_basic_expanding_l2_0.1,2026
2026-02-01,2026-03-05,0,-0.07711376631029765,0.48259471655414915,0,logistic_basic_expanding_l2_0.1,2026
2026-02-02,2026-03-06,0,-0.06439456878897398,0.4992012789225116,0,logistic_basic_expanding_l2_0.1,2026
2026-02-03,2026-03-07,0,-0.06904615596568009,0.4915654744281323,0,logistic_basic_expanding_l2_0.1,2026
2026-02-04,2026-03-08,1,0.069194865606939,0.474330353308979,0,logistic_basic_expanding_l2_0.1,2026
2026-02-05,2026-03-09,0,-0.06530239474889998,0.4792431411285005,0,logistic_basic_expanding_l2_0.1,2026
2026-02-06,2026-03-10,0,-0.012371450339352053,0.5409688948500967,1,logistic_basic_expanding_l2_0.1,2026
2026-02-07,2026-03-11,0,-0.005427810854996218,0.5455340967567234,1,logistic_basic_expanding_l2_0.1,2026
2026-02-08,2026-03-12,1,0.0007679146824830507,0.5558298460910447,1,logistic_basic_expanding_l2_0.1,2026
2026-02-09,2026-03-13,1,0.024695357204282065,0.5498276285864141,1,logistic_basic_expanding_l2_0.1,2026
2026-02-10,2026-03-14,1,0.05735458357855361,0.5465154947224474,1,logistic_basic_expanding_l2_0.1,2026
2026-02-11,2026-03-15,1,0.07453777354808211,0.5443903274253614,1,logistic_basic_expanding_l2_0.1,2026
2026-02-12,2026-03-16,1,0.05753161364551662,0.5578424309149641,1,logistic_basic_expanding_l2_0.1,2026
2026-02-13,2026-03-17,1,0.07249379645142406,0.5598689775829936,1,logistic_basic_expanding_l2_0.1,2026
2026-02-14,2026-03-18,1,0.07375546961112467,0.5736851619742319,1,logistic_basic_expanding_l2_0.1,2026
2026-02-15,2026-03-19,1,0.03417095318019725,0.5711377715985784,1,logistic_basic_expanding_l2_0.1,2026
2026-02-16,2026-03-20,1,0.03594612547612308,0.5696196083094671,1,logistic_basic_expanding_l2_0.1,2026
2026-02-17,2026-03-21,1,0.06093393117768309,0.5694681146476239,1,logistic_basic_expanding_l2_0.1,2026
2026-02-18,2026-03-22,1,0.028571394458189125,0.5754479157622513,1,logistic_basic_expanding_l2_0.1,2026
2026-02-19,2026-03-23,0,-0.0023669508967950614,0.6009441440384279,1,logistic_basic_expanding_l2_0.1,2026
2026-02-20,2026-03-24,1,0.043111142429386407,0.5781676060258518,1,logistic_basic_expanding_l2_0.1,2026
2026-02-21,2026-03-25,1,0.043069248894829215,0.5813844149955735,1,logistic_basic_expanding_l2_0.1,2026
2026-02-22,2026-03-26,1,0.10332403747153585,0.5762117218668416,1,logistic_basic_expanding_l2_0.1,2026
2026-02-23,2026-03-27,1,0.0743412040466358,0.5597492792167501,1,logistic_basic_expanding_l2_0.1,2026
2026-02-24,2026-03-28,0,-0.023250559951426664,0.564525909426816,1,logistic_basic_expanding_l2_0.1,2026
2026-02-25,2026-03-29,0,-0.016420639847053997,0.6017392446914965,1,logistic_basic_expanding_l2_0.1,2026
2026-02-26,2026-03-30,1,0.0021077211911750826,0.5998672822218022,1,logistic_basic_expanding_l2_0.1,2026
2026-02-27,2026-03-31,0,-0.0026261227242034835,0.5788117647922478,1,logistic_basic_expanding_l2_0.1,2026
2026-02-28,2026-04-01,1,0.0381292826858477,0.5815143136304729,1,logistic_basic_expanding_l2_0.1,2026
2026-03-01,2026-04-02,0,-0.010404465723261036,0.5799806634487927,1,logistic_basic_expanding_l2_0.1,2026
2026-03-02,2026-04-03,0,-0.021013488686603354,0.6062911956890419,1,logistic_basic_expanding_l2_0.1,2026
2026-03-03,2026-04-04,0,-0.0784743838208305,0.608954480346266,1,logistic_basic_expanding_l2_0.1,2026
2026-03-04,2026-04-05,0,-0.05064957451592611,0.6295614744729324,1,logistic_basic_expanding_l2_0.1,2026
2026-03-05,2026-04-06,1,0.013509113101825232,0.6188986246830276,1,logistic_basic_expanding_l2_0.1,2026
2026-03-06,2026-04-07,1,0.023649735047145626,0.604536616491963,1,logistic_basic_expanding_l2_0.1,2026
2026-03-07,2026-04-08,1,0.09023664871944126,0.5580131195598368,1,logistic_basic_expanding_l2_0.1,2026
2026-03-08,2026-04-09,1,0.03854576561663392,0.5172557838596905,1,logistic_basic_expanding_l2_0.1,2026
2026-03-09,2026-04-10,1,0.026295579156363713,0.5340830619736323,1,logistic_basic_expanding_l2_0.1,2026
2026-03-10,2026-04-11,1,0.03947537506485799,0.5441049215589049,1,logistic_basic_expanding_l2_0.1,2026
2026-03-11,2026-04-12,1,0.035466011844969225,0.5318628181616682,1,logistic_basic_expanding_l2_0.1,2026
2026-03-12,2026-04-13,0,-0.002656844401967451,0.5381880284117402,1,logistic_basic_expanding_l2_0.1,2026
2026-03-13,2026-04-14,1,0.04502123590212048,0.5488244005018343,1,logistic_basic_expanding_l2_0.1,2026
2026-03-14,2026-04-15,1,0.018077257167969707,0.5497643788849323,1,logistic_basic_expanding_l2_0.1,2026
2026-03-15,2026-04-16,0,-0.000997266863831947,0.5601383070074119,1,logistic_basic_expanding_l2_0.1,2026
2026-03-16,2026-04-17,1,0.016843737133735548,0.5608531937820828,1,logistic_basic_expanding_l2_0.1,2026
2026-03-17,2026-04-18,1,0.08176480124300745,0.5524637061277414,1,logistic_basic_expanding_l2_0.1,2026
2026-03-18,2026-04-19,1,0.08239309561088293,0.5278955849367534,1,logistic_basic_expanding_l2_0.1,2026
2026-03-19,2026-04-20,1,0.04667474014238704,0.5262807131556113,1,logistic_basic_expanding_l2_0.1,2026
2026-03-20,2026-04-21,1,0.10045036051476752,0.538449675228921,1,logistic_basic_expanding_l2_0.1,2026
2026-03-21,2026-04-22,1,0.12492285474292286,0.5317324511317165,1,logistic_basic_expanding_l2_0.1,2026
2026-03-22,2026-04-23,1,0.10255442205892429,0.5269452458278863,1,logistic_basic_expanding_l2_0.1,2026
2026-03-23,2026-04-24,1,0.10914251423747734,0.5391941661552193,1,logistic_basic_expanding_l2_0.1,2026
2026-03-24,2026-04-25,1,0.0855185975544368,0.5359961978744362,1,logistic_basic_expanding_l2_0.1,2026
2026-03-25,2026-04-26,1,0.1279373777886208,0.5391642891190049,1,logistic_basic_expanding_l2_0.1,2026
2026-03-26,2026-04-27,1,0.18447179285162707,0.5279807632310496,1,logistic_basic_expanding_l2_0.1,2026
2026-03-27,2026-04-28,1,0.16563377939118729,0.5038898562341723,1,logistic_basic_expanding_l2_0.1,2026
2026-03-28,2026-04-29,1,0.1565172616110697,0.5057801670400109,1,logistic_basic_expanding_l2_0.1,2026
2026-03-29,2026-04-30,1,0.13447563362515114,0.5002188212894018,1,logistic_basic_expanding_l2_0.1,2026
2026-03-30,2026-05-01,1,0.11806619629142712,0.49048117622057613,0,logistic_basic_expanding_l2_0.1,2026
2026-03-31,2026-05-02,1,0.14853366242906008,0.503963563831136,1,logistic_basic_expanding_l2_0.1,2026
2026-04-01,2026-05-03,1,0.1761509635214138,0.5009818662145,1,logistic_basic_expanding_l2_0.1,2026
2026-04-02,2026-05-04,1,0.17329071957606068,0.5048913828385123,1,logistic_basic_expanding_l2_0.1,2026
2026-04-03,2026-05-05,1,0.18663464507353744,0.49274638996161185,0,logistic_basic_expanding_l2_0.1,2026
2026-04-04,2026-05-06,1,0.17196336655262656,0.5023072210014958,1,logistic_basic_expanding_l2_0.1,2026
2026-04-05,2026-05-07,1,0.1829002263641466,0.5181178775458449,1,logistic_basic_expanding_l2_0.1,2026
2026-04-06,2026-05-08,1,0.11236520882673462,0.5009400708826216,1,logistic_basic_expanding_l2_0.1,2026
2026-04-07,2026-05-09,1,0.1283700434206141,0.528231201139781,1,logistic_basic_expanding_l2_0.1,2026
2026-04-08,2026-05-10,1,0.12384287731734478,0.5165405465272,1,logistic_basic_expanding_l2_0.1,2026
2026-04-09,2026-05-11,1,0.12674090641644198,0.5387434108295391,1,logistic_basic_expanding_l2_0.1,2026
2026-04-10,2026-05-12,1,0.11914188816584614,0.5556128277387768,1,logistic_basic_expanding_l2_0.1,2026
2026-04-11,2026-05-13,1,0.13800812422004838,0.5560526026480848,1,logistic_basic_expanding_l2_0.1,2026
2026-04-12,2026-05-14,1,0.0657852938805128,0.5364647201618207,1,logistic_basic_expanding_l2_0.1,2026
2026-04-13,2026-05-15,1,0.09386624183630321,0.5616027235391784,1,logistic_basic_expanding_l2_0.1,2026
2026-04-14,2026-05-16,1,0.05752186305599016,0.5498940544389583,1,logistic_basic_expanding_l2_0.1,2026
2026-04-15,2026-05-17,1,0.03983499010302549,0.55334560607788,1,logistic_basic_expanding_l2_0.1,2026
2026-04-16,2026-05-18,1,0.005003891814940431,0.5602004152391327,1,logistic_basic_expanding_l2_0.1,2026
2026-04-17,2026-05-19,1,0.017308621176202132,0.5622826254576749,1,logistic_basic_expanding_l2_0.1,2026
2026-04-18,2026-05-20,1,0.04109059670631332,0.5506567657907236,1,logistic_basic_expanding_l2_0.1,2026
2026-04-19,2026-05-21,1,0.022563925540509455,0.540025359016355,1,logistic_basic_expanding_l2_0.1,2026
2026-04-20,2026-05-22,1,0.016759820446776708,0.5453580261719638,1,logistic_basic_expanding_l2_0.1,2026
2026-04-21,2026-05-23,0,-0.03375262317305261,0.5416959708116306,1,logistic_basic_expanding_l2_0.1,2026
2026-04-22,2026-05-24,0,-0.019237522087345416,0.5478300231486554,1,logistic_basic_expanding_l2_0.1,2026
2026-04-23,2026-05-25,0,-0.004806092374549542,0.5455861915045892,1,logistic_basic_expanding_l2_0.1,2026
2026-04-24,2026-05-26,0,-0.0039032528180354964,0.5335436361170293,1,logistic_basic_expanding_l2_0.1,2026
2026-04-25,2026-05-27,0,-0.03467613725573715,0.5319712424421685,1,logistic_basic_expanding_l2_0.1,2026
2026-04-26,2026-05-28,0,-0.03776606111928826,0.5452141635312888,1,logistic_basic_expanding_l2_0.1,2026
2026-04-27,2026-05-29,0,-0.03569767828732451,0.5264371957969739,1,logistic_basic_expanding_l2_0.1,2026
2026-04-28,2026-05-30,0,-0.03060464502507254,0.5205135700447702,1,logistic_basic_expanding_l2_0.1,2026
2026-04-29,2026-05-31,0,-0.03225029857264072,0.5096715678332066,1,logistic_basic_expanding_l2_0.1,2026
2026-04-30,2026-06-01,0,-0.058247145349939355,0.5101322770824652,1,logistic_basic_expanding_l2_0.1,2026
2026-05-01,2026-06-02,0,-0.09249246760957741,0.5203186544458496,1,logistic_basic_expanding_l2_0.1,2026
2026-05-02,2026-06-03,0,-0.15028577581521785,0.5265921706102612,1,logistic_basic_expanding_l2_0.1,2026
2026-05-03,2026-06-04,0,-0.19682020049583637,0.5353937751510189,1,logistic_basic_expanding_l2_0.1,2026
2026-05-04,2026-06-05,0,-0.2103631235096044,0.5372784805223029,1,logistic_basic_expanding_l2_0.1,2026
2026-05-05,2026-06-06,0,-0.2503534506668814,0.5417915686744913,1,logistic_basic_expanding_l2_0.1,2026
2026-05-06,2026-06-07,0,-0.23899932505062116,0.5499021285009846,1,logistic_basic_expanding_l2_0.1,2026
2026-05-07,2026-06-08,0,-0.21025690713349932,0.5411415387397811,1,logistic_basic_expanding_l2_0.1,2026
2026-05-08,2026-06-09,0,-0.21805598300710194,0.5448218275351172,1,logistic_basic_expanding_l2_0.1,2026
2026-05-09,2026-06-10,0,-0.2491187515106118,0.5464116009124526,1,logistic_basic_expanding_l2_0.1,2026
2026-05-10,2026-06-11,0,-0.24753204023308395,0.5523712942844468,1,logistic_basic_expanding_l2_0.1,2026
2026-05-11,2026-06-12,0,-0.20965879285957667,0.5533136126290226,1,logistic_basic_expanding_l2_0.1,2026
2026-05-12,2026-06-13,0,-0.19837213310552881,0.5418879220142314,1,logistic_basic_expanding_l2_0.1,2026
2026-05-13,2026-06-14,0,-0.20510531508200758,0.5196865334274885,1,logistic_basic_expanding_l2_0.1,2026
2026-05-14,2026-06-15,0,-0.1689572662969011,0.5328631751074572,1,logistic_basic_expanding_l2_0.1,2026
2026-05-15,2026-06-16,0,-0.1512425453994053,0.5145222916899158,1,logistic_basic_expanding_l2_0.1,2026
2026-05-16,2026-06-17,0,-0.15211727902478855,0.5060006094145129,1,logistic_basic_expanding_l2_0.1,2026
2026-05-17,2026-06-18,0,-0.16223603891229676,0.4944073113685422,0,logistic_basic_expanding_l2_0.1,2026
2026-05-18,2026-06-19,0,-0.18060084056143633,0.48382522091131835,0,logistic_basic_expanding_l2_0.1,2026
2026-05-19,2026-06-20,0,-0.1806310172343185,0.4756126736097279,0,logistic_basic_expanding_l2_0.1,2026
2026-05-20,2026-06-21,0,-0.17158308029115832,0.47624793948236666,0,logistic_basic_expanding_l2_0.1,2026
2026-05-21,2026-06-22,0,-0.1618689559766745,0.47926795420499124,0,logistic_basic_expanding_l2_0.1,2026
2026-05-22,2026-06-23,0,-0.16588479779028553,0.46793977447966345,0,logistic_basic_expanding_l2_0.1,2026
2026-05-23,2026-06-24,0,-0.18595208509807837,0.4791259424927383,0,logistic_basic_expanding_l2_0.1,2026
2026-05-24,2026-06-25,0,-0.21008261425175057,0.4763420636283316,0,logistic_basic_expanding_l2_0.1,2026
2026-05-25,2026-06-26,0,-0.21250319866940615,0.47853400355319464,0,logistic_basic_expanding_l2_0.1,2026
2026-05-26,2026-06-27,0,-0.19277599752099783,0.4779617386943967,0,logistic_basic_expanding_l2_0.1,2026
2026-05-27,2026-06-28,0,-0.18458255589158667,0.47233387644810015,0,logistic_basic_expanding_l2_0.1,2026
2026-05-28,2026-06-29,0,-0.18899567905486436,0.4584896919279164,0,logistic_basic_expanding_l2_0.1,2026
2026-05-29,2026-06-30,0,-0.1843986509733181,0.46673835184063833,0,logistic_basic_expanding_l2_0.1,2026
2026-05-30,2026-07-01,0,-0.2042728823407971,0.47203180337384987,0,logistic_basic_expanding_l2_0.1,2026
2026-05-31,2026-07-02,0,-0.15943250771262396,0.46869001469626875,0,logistic_basic_expanding_l2_0.1,2026
2026-06-01,2026-07-03,0,-0.07790255485101738,0.4607541731826982,0,logistic_basic_expanding_l2_0.1,2026
2026-06-02,2026-07-04,0,-0.024312802304235492,0.46602315721437126,0,logistic_basic_expanding_l2_0.1,2026
2026-06-03,2026-07-05,0,-0.011614126978387485,0.45547746084980045,0,logistic_basic_expanding_l2_0.1,2026
2026-06-04,2026-07-06,1,0.04247772594779886,0.45567510641479153,0,logistic_basic_expanding_l2_0.1,2026
2026-06-05,2026-07-07,1,0.05187369158253752,0.4498202616735247,0,logistic_basic_expanding_l2_0.1,2026
2026-06-06,2026-07-08,1,0.0005051158174198545,0.44238188386434996,0,logistic_basic_expanding_l2_0.1,2026
2026-06-07,2026-07-09,0,-0.012617537964049075,0.47218633872175786,0,logistic_basic_expanding_l2_0.1,2026
2026-06-08,2026-07-10,1,0.024299530212214426,0.47360264708290095,0,logistic_basic_expanding_l2_0.1,2026
2026-06-09,2026-07-11,1,0.04309360002171969,0.471365075060172,0,logistic_basic_expanding_l2_0.1,2026
2026-06-10,2026-07-12,1,0.0030335083142112307,0.4775335906956613,0,logistic_basic_expanding_l2_0.1,2026
2026-06-11,2026-07-13,1,0.003145643284051536,0.5030323733023865,1,logistic_basic_expanding_l2_0.1,2026
2026-06-12,2026-07-14,0,-0.03294377223249689,0.5083820213273315,1,logistic_basic_expanding_l2_0.1,2026
2026-06-13,2026-07-15,0,-0.01068437915659326,0.5113305060977839,1,logistic_basic_expanding_l2_0.1,2026
2026-06-14,2026-07-16,0,-0.023707068760841943,0.5207460239255937,1,logistic_basic_expanding_l2_0.1,2026
2026-06-15,2026-07-17,0,-0.02809013229078583,0.5286755232100712,1,logistic_basic_expanding_l2_0.1,2026
2026-06-16,2026-07-18,0,-0.008955749084629594,0.5425237746592,1,logistic_basic_expanding_l2_0.1,2026
2026-06-17,2026-07-19,1,0.02980081486057129,0.5453641822790339,1,logistic_basic_expanding_l2_0.1,2026
2026-06-18,2026-07-20,1,0.018548593964172744,0.5322365639052723,1,logistic_basic_expanding_l2_0.1,2026
2026-06-19,2026-07-21,1,0.014891596178482125,0.5476742536719961,1,logistic_basic_expanding_l2_0.1,2026
2026-06-20,2026-07-22,1,0.05124068107151869,0.5540890173931666,1,logistic_basic_expanding_l2_0.1,2026
2026-06-21,2026-07-23,1,0.03271617733268073,0.5379788154282679,1,logistic_basic_expanding_l2_0.1,2026
2026-06-22,2026-07-24,1,0.0376891082540296,0.5408042879260149,1,logistic_basic_expanding_l2_0.1,2026
2026-06-23,2026-07-25,1,0.05013261730901464,0.5380196807717927,1,logistic_basic_expanding_l2_0.1,2026
2026-06-24,2026-07-26,1,0.07660168202367301,0.529922516458849,1,logistic_basic_expanding_l2_0.1,2026
2026-06-25,2026-07-27,1,0.08823578841434898,0.516482407664286,1,logistic_basic_expanding_l2_0.1,2026
2026-06-26,2026-07-28,1,0.062084148980634524,0.5193937445718251,1,logistic_basic_expanding_l2_0.1,2026
2026-06-27,2026-07-29,1,0.07281315393303545,0.5131849915081154,1,logistic_basic_expanding_l2_0.1,2026
2026-06-28,2026-07-30,1,0.061800159972917434,0.5037261153104887,1,logistic_basic_expanding_l2_0.1,2026
2026-06-29,2026-07-31,1,0.10499531682118346,0.5078971681826898,1,logistic_basic_expanding_l2_0.1,2026
2026-06-30,2026-08-01,1,0.0477122484339596,0.504076535284054,1,logistic_basic_expanding_l2_0.1,2026
2026-07-01,2026-08-02,1,0.02052712800519818,0.5259715422636032,1,logistic_basic_expanding_l2_0.1,2026
2026-07-02,2026-08-03,1,0.01576699583882335,0.5318955791252543,1,logistic_basic_expanding_l2_0.1,2026
2026-07-03,2026-08-04,1,0.005954484043696251,0.5305146253515437,1,logistic_basic_expanding_l2_0.1,2026
2026-07-04,2026-08-05,1,0.007172661873894537,0.5331155181286101,1,logistic_basic_expanding_l2_0.1,2026
2026-07-05,2026-08-06,1,0.009717075717803558,0.5315632590717938,1,logistic_basic_expanding_l2_0.1,2026
2026-07-06,2026-08-07,1,0.01514440376238868,0.5327000336620528,1,logistic_basic_expanding_l2_0.1,2026
2026-07-07,2026-08-08,1,0.042273070754042186,0.5264163060431232,1,logistic_basic_expanding_l2_0.1,2026
2026-07-08,2026-08-09,1,0.027401387410819655,0.5247251232841039,1,logistic_basic_expanding_l2_0.1,2026
2026-07-09,2026-08-10,1,0.011531330519194194,0.5361640643484199,1,logistic_basic_expanding_l2_0.1,2026
2026-07-10,2026-08-11,1,0.002366066161164193,0.5402232806628149,1,logistic_basic_expanding_l2_0.1,2026
2026-07-11,2026-08-12,0,-0.002822044528065226,0.5293485981023675,1,logistic_basic_expanding_l2_0.1,2026
2026-07-12,2026-08-13,1,0.018376174228982523,0.5345292786861732,1,logistic_basic_expanding_l2_0.1,2026
2026-07-13,2026-08-14,0,-0.023878147696658747,0.5195887991298693,1,logistic_basic_expanding_l2_0.1,2026
2026-07-14,2026-08-15,0,-0.026448708912865326,0.5544438166614885,1,logistic_basic_expanding_l2_0.1,2026
2026-07-15,2026-08-16,0,-0.011658901272438404,0.5503861877203339,1,logistic_basic_expanding_l2_0.1,2026
2026-07-16,2026-08-17,0,-0.01613707259641428,0.535994232789834,1,logistic_basic_expanding_l2_0.1,2026
2026-07-17,2026-08-18,0,-0.004659577096720935,0.530833222497986,1,logistic_basic_expanding_l2_0.1,2026
2026-07-18,2026-08-19,1,4.434312306900168e-05,0.5349035073282034,1,logistic_basic_expanding_l2_0.1,2026
2026-07-19,2026-08-20,1,0.06251226907888685,0.532898898357327,1,logistic_basic_expanding_l2_0.1,2026
2026-07-20,2026-08-21,1,0.09722422345643511,0.5375193530937401,1,logistic_basic_expanding_l2_0.1,2026
2026-07-21,2026-08-22,1,0.1848842538323665,0.5473354102589648,1,logistic_basic_expanding_l2_0.1,2026
2026-07-22,2026-08-23,1,0.1839654016084431,0.5496113274174625,1,logistic_basic_expanding_l2_0.1,2026
2026-07-23,2026-08-24,1,0.21194262550670406,0.5368546384795502,1,logistic_basic_expanding_l2_0.1,2026
2026-07-24,2026-08-25,1,0.2270718093869033,0.5215289619263404,1,logistic_basic_expanding_l2_0.1,2026
2026-07-25,2026-08-26,1,0.20090412844036698,0.5196599105574605,1,logistic_basic_expanding_l2_0.1,2026
2026-07-26,2026-08-27,1,0.23947430087210808,0.5286153218563129,1,logistic_basic_expanding_l2_0.1,2026
2026-07-27,2026-08-28,1,0.25556739419541574,0.5259088226990408,1,logistic_basic_expanding_l2_0.1,2026
2026-07-28,2026-08-29,1,0.21664052222819086,0.5109068315551227,1,logistic_basic_expanding_l2_0.1,2026
2026-07-29,2026-08-30,1,0.20762525117694453,0.5138572438566336,1,logistic_basic_expanding_l2_0.1,2026
2026-07-30,2026-08-31,1,0.23524596472325032,0.5246637319605221,1,logistic_basic_expanding_l2_0.1,2026
2026-07-31,2026-09-01,1,0.2508235354042625,0.5115940848701743,1,logistic_basic_expanding_l2_0.1,2026
2026-08-01,2026-09-02,1,0.21816891329732346,0.4997316273108061,0,logistic_basic_expanding_l2_0.1,2026
2026-08-02,2026-09-03,1,0.21756942695214088,0.5043151122445224,1,logistic_basic_expanding_l2_0.1,2026
2026-08-03,2026-09-04,1,0.26773894399246245,0.504551475968335,1,logistic_basic_expanding_l2_0.1,2026
2026-08-04,2026-09-05,1,0.2318947552038777,0.5038984979982476,1,logistic_basic_expanding_l2_0.1,2026
2026-08-05,2026-09-06,1,0.24109561014998993,0.5135074060747498,1,logistic_basic_expanding_l2_0.1,2026
2026-08-06,2026-09-07,1,0.23749029622692674,0.514213472798003,1,logistic_basic_expanding_l2_0.1,2026
2026-08-07,2026-09-08,1,0.21780840052584094,0.529829912945256,1,logistic_basic_expanding_l2_0.1,2026
2026-08-08,2026-09-09,1,0.20884249523008624,0.5276372194511075,1,logistic_basic_expanding_l2_0.1,2026
2026-08-09,2026-09-10,1,0.22411157978558993,0.5146077749216339,1,logistic_basic_expanding_l2_0.1,2026
2026-08-10,2026-09-11,1,0.2039106597624747,0.5189595712538052,1,logistic_basic_expanding_l2_0.1,2026
2026-08-11,2026-09-12,1,0.21653626599500098,0.5136787902106734,1,logistic_basic_expanding_l2_0.1,2026
2026-08-12,2026-09-13,1,0.21716306882596959,0.5079471439900012,1,logistic_basic_expanding_l2_0.1,2026
2026-08-13,2026-09-14,1,0.21887168173878502,0.48191323517214846,0,logistic_basic_expanding_l2_0.1,2026
2026-08-14,2026-09-15,1,0.23940632796399708,0.493090699279161,0,logistic_basic_expanding_l2_0.1,2026
2026-08-15,2026-09-16,1,0.2026149443561207,0.49214810651175456,0,logistic_basic_expanding_l2_0.1,2026
2024-01-01,2024-02-02,0,-0.041470259023367984,0.5495915985997666,1,regime_expanding,2024
2024-01-02,2024-02-03,1,0.008280034907036216,0.5495915985997666,1,regime_expanding,2024
2024-01-03,2024-02-04,0,-0.025820421235257962,0.5495915985997666,1,regime_expanding,2024
2024-01-04,2024-02-05,0,-0.035388736059614456,0.5495915985997666,1,regime_expanding,2024
2024-01-05,2024-02-06,0,-0.028648354087670413,0.5495915985997666,1,regime_expanding,2024
2024-01-06,2024-02-07,0,-0.018895258509126545,0.5495915985997666,1,regime_expanding,2024
2024-01-07,2024-02-08,0,-0.055407505350254294,0.5495915985997666,1,regime_expanding,2024
2024-01-08,2024-02-09,0,-0.017812621990891286,0.5495915985997666,1,regime_expanding,2024
2024-01-09,2024-02-10,1,0.010262356925451188,0.5495915985997666,1,regime_expanding,2024
2024-01-10,2024-02-11,1,0.03046926185109955,0.5495915985997666,1,regime_expanding,2024
2024-01-11,2024-02-12,1,0.12895994973673974,0.5495915985997666,1,regime_expanding,2024
2024-01-12,2024-02-13,1,0.16498533536812343,0.5495915985997666,1,regime_expanding,2024
2024-01-13,2024-02-14,1,0.19091304467637227,0.5495915985997666,1,regime_expanding,2024
2024-01-14,2024-02-15,1,0.21839166711752922,0.5495915985997666,1,regime_expanding,2024
2024-01-15,2024-02-16,1,0.20265385876098851,0.5495915985997666,1,regime_expanding,2024
2024-01-16,2024-02-17,1,0.21853353123205044,0.5495915985997666,1,regime_expanding,2024
2024-01-17,2024-02-18,1,0.24959476145550497,0.5495915985997666,1,regime_expanding,2024
2024-01-18,2024-02-19,1,0.2515337010967371,0.5495915985997666,1,regime_expanding,2024
2024-01-19,2024-02-20,1,0.24171810039560082,0.5495915985997666,1,regime_expanding,2024
2024-01-20,2024-02-21,1,0.2568162053586889,0.5495915985997666,1,regime_expanding,2024
2024-01-21,2024-02-22,1,0.3103860137555532,0.5495915985997666,1,regime_expanding,2024
2024-01-22,2024-02-23,1,0.2855017057421263,0.5495915985997666,1,regime_expanding,2024
2024-01-23,2024-02-24,1,0.26591715731289267,0.5495915985997666,1,regime_expanding,2024
2024-01-24,2024-02-25,1,0.29046054549563105,0.5495915985997666,1,regime_expanding,2024
2024-01-25,2024-02-26,1,0.23683665000857168,0.5495915985997666,1,regime_expanding,2024
2024-01-26,2024-02-27,1,0.29334437780251643,0.5495915985997666,1,regime_expanding,2024
2024-01-27,2024-02-28,1,0.35702891076953813,0.5495915985997666,1,regime_expanding,2024
2024-01-28,2024-02-29,1,0.44175988061717164,0.5495915985997666,1,regime_expanding,2024
2024-01-29,2024-03-01,1,0.42360093244001673,0.5495915985997666,1,regime_expanding,2024
2024-01-30,2024-03-02,1,0.4651925786754345,0.5495915985997666,1,regime_expanding,2024
2024-01-31,2024-03-03,1,0.4387891265570256,0.5495915985997666,1,regime_expanding,2024
2024-02-01,2024-03-04,1,0.4609718659657098,0.5495915985997666,1,regime_expanding,2024
2024-02-02,2024-03-05,1,0.5866999448979451,0.5495915985997666,1,regime_expanding,2024
2024-02-03,2024-03-06,1,0.496470177686432,0.5495915985997666,1,regime_expanding,2024
2024-02-04,2024-03-07,1,0.547086190869776,0.5495915985997666,1,regime_expanding,2024
2024-02-05,2024-03-08,1,0.550459222217891,0.5495915985997666,1,regime_expanding,2024
2024-02-06,2024-03-09,1,0.5360724786694806,0.4691011235955056,0,regime_expanding,2024
2024-02-07,2024-03-10,1,0.508397024773972,0.5495915985997666,1,regime_expanding,2024
2024-02-08,2024-03-11,1,0.4630132150066262,0.5495915985997666,1,regime_expanding,2024
2024-02-09,2024-03-12,1,0.509454864685783,0.5495915985997666,1,regime_expanding,2024
2024-02-10,2024-03-13,1,0.4793374741200829,0.5495915985997666,1,regime_expanding,2024
2024-02-11,2024-03-14,1,0.4638698262405323,0.5495915985997666,1,regime_expanding,2024
2024-02-12,2024-03-15,1,0.43640874373234406,0.5495915985997666,1,regime_expanding,2024
2024-02-13,2024-03-16,1,0.34182086862539496,0.5495915985997666,1,regime_expanding,2024
2024-02-14,2024-03-17,1,0.2586859563057138,0.5495915985997666,1,regime_expanding,2024
2024-02-15,2024-03-18,1,0.31212759548845925,0.5495915985997666,1,regime_expanding,2024
2024-02-16,2024-03-19,1,0.3091894604923373,0.5495915985997666,1,regime_expanding,2024
2024-02-17,2024-03-20,1,0.18795868937781668,0.5495915985997666,1,regime_expanding,2024
2024-02-18,2024-03-21,1,0.3103013168197464,0.5495915985997666,1,regime_expanding,2024
2024-02-19,2024-03-22,1,0.2534014353940637,0.5495915985997666,1,regime_expanding,2024
2024-02-20,2024-03-23,1,0.230422427423433,0.5495915985997666,1,regime_expanding,2024
2024-02-21,2024-03-24,1,0.24765044429132343,0.5495915985997666,1,regime_expanding,2024
2024-02-22,2024-03-25,1,0.32448765030057647,0.5495915985997666,1,regime_expanding,2024
2024-02-23,2024-03-26,1,0.35509842207049647,0.5495915985997666,1,regime_expanding,2024
2024-02-24,2024-03-27,1,0.35297788371479366,0.5495915985997666,1,regime_expanding,2024
2024-02-25,2024-03-28,1,0.2752290529784598,0.5495915985997666,1,regime_expanding,2024
2024-02-26,2024-03-29,1,0.2409517623101356,0.5495915985997666,1,regime_expanding,2024
2024-02-27,2024-03-30,1,0.11882379115490416,0.5495915985997666,1,regime_expanding,2024
2024-02-28,2024-03-31,1,0.13824706584990687,0.5495915985997666,1,regime_expanding,2024
2024-02-29,2024-04-01,1,0.14252924044566329,0.5495915985997666,1,regime_expanding,2024
2024-03-01,2024-04-02,1,0.12361455446988479,0.5495915985997666,1,regime_expanding,2024
2024-03-02,2024-04-03,1,0.03723454569566775,0.5495915985997666,1,regime_expanding,2024
2024-03-03,2024-04-04,0,-0.03344444654469858,0.5495915985997666,1,regime_expanding,2024
2024-03-04,2024-04-05,1,0.07475659488472242,0.5495915985997666,1,regime_expanding,2024
2024-03-05,2024-04-06,1,0.026433830896370303,0.5495915985997666,1,regime_expanding,2024
2024-03-06,2024-04-07,1,0.03101947557718754,0.5495915985997666,1,regime_expanding,2024
2024-03-07,2024-04-08,1,0.018145974558233524,0.5495915985997666,1,regime_expanding,2024
2024-03-08,2024-04-09,1,0.04840522955419502,0.5495915985997666,1,regime_expanding,2024
2024-03-09,2024-04-10,1,0.002757125280686612,0.5495915985997666,1,regime_expanding,2024
2024-03-10,2024-04-11,0,-0.020075723416682845,0.5495915985997666,1,regime_expanding,2024
2024-03-11,2024-04-12,0,-0.0202342831551251,0.5495915985997666,1,regime_expanding,2024
2024-03-12,2024-04-13,0,-0.08150656061659378,0.5495915985997666,1,regime_expanding,2024
2024-03-13,2024-04-14,0,-0.10455989401159349,0.5495915985997666,1,regime_expanding,2024
2024-03-14,2024-04-15,0,-0.055223004829939026,0.5495915985997666,1,regime_expanding,2024
2024-03-15,2024-04-16,0,-0.028799870874159916,0.5495915985997666,1,regime_expanding,2024
2024-03-16,2024-04-17,0,-0.06725890644238408,0.5495915985997666,1,regime_expanding,2024
2024-03-17,2024-04-18,0,-0.09366395503623726,0.5495915985997666,1,regime_expanding,2024
2024-03-18,2024-04-19,1,0.02474562627013288,0.5495915985997666,1,regime_expanding,2024
2024-03-19,2024-04-20,0,-0.059293481136860504,0.5495915985997666,1,regime_expanding,2024
2024-03-20,2024-04-21,0,-0.008560138061424083,0.5495915985997666,1,regime_expanding,2024
2024-03-21,2024-04-22,1,0.017939973014252875,0.5495915985997666,1,regime_expanding,2024
2024-03-22,2024-04-23,1,0.04421470723090892,0.5495915985997666,1,regime_expanding,2024
2024-03-23,2024-04-24,0,-0.011843475673262938,0.5495915985997666,1,regime_expanding,2024
2024-03-24,2024-04-25,0,-0.08000028620492272,0.5495915985997666,1,regime_expanding,2024
2024-03-25,2024-04-26,0,-0.07843717186334398,0.5495915985997666,1,regime_expanding,2024
2024-03-26,2024-04-27,0,-0.08204967353529202,0.5495915985997666,1,regime_expanding,2024
2024-03-27,2024-04-28,0,-0.10339867138735759,0.5495915985997666,1,regime_expanding,2024
2024-03-28,2024-04-29,0,-0.09637593301010028,0.5495915985997666,1,regime_expanding,2024
2024-03-29,2024-04-30,0,-0.08214992432687851,0.5495915985997666,1,regime_expanding,2024
2024-03-30,2024-05-01,0,-0.1488214085297418,0.5495915985997666,1,regime_expanding,2024
2024-03-31,2024-05-02,0,-0.16202255253819065,0.5495915985997666,1,regime_expanding,2024
2024-04-01,2024-05-03,0,-0.09781545548934611,0.5495915985997666,1,regime_expanding,2024
2024-04-02,2024-05-04,0,-0.04671175337426425,0.5495915985997666,1,regime_expanding,2024
2024-04-03,2024-05-05,0,-0.06710348412417988,0.5495915985997666,1,regime_expanding,2024
2024-04-04,2024-05-06,0,-0.056157396355651756,0.5495915985997666,1,regime_expanding,2024
2024-04-05,2024-05-07,0,-0.08318073618207156,0.5495915985997666,1,regime_expanding,2024
2024-04-06,2024-05-08,0,-0.1016186762529272,0.5495915985997666,1,regime_expanding,2024
2024-04-07,2024-05-09,0,-0.1455874057525831,0.5495915985997666,1,regime_expanding,2024
2024-04-08,2024-05-10,0,-0.08781419026407888,0.5495915985997666,1,regime_expanding,2024
2024-04-09,2024-05-11,0,-0.13918929173955719,0.5495915985997666,1,regime_expanding,2024
2024-04-10,2024-05-12,0,-0.13113449062097626,0.5495915985997666,1,regime_expanding,2024
2024-04-11,2024-05-13,0,-0.08392151440509732,0.5495915985997666,1,regime_expanding,2024
2024-04-12,2024-05-14,0,-0.015399880984636294,0.5495915985997666,1,regime_expanding,2024
2024-04-13,2024-05-15,0,-0.06220293823582501,0.5495915985997666,1,regime_expanding,2024
2024-04-14,2024-05-16,1,0.043937566057641986,0.5495915985997666,1,regime_expanding,2024
2024-04-15,2024-05-17,1,0.022601240880718132,0.5495915985997666,1,regime_expanding,2024
2024-04-16,2024-05-18,1,0.09378044557388066,0.5495915985997666,1,regime_expanding,2024
2024-04-17,2024-05-19,1,0.054279267604630865,0.5495915985997666,1,regime_expanding,2024
2024-04-18,2024-05-20,1,0.03848427740068994,0.5495915985997666,1,regime_expanding,2024
2024-04-19,2024-05-21,1,0.10018450712944049,0.5495915985997666,1,regime_expanding,2024
2024-04-20,2024-05-22,1,0.08018321203120049,0.5495915985997666,1,regime_expanding,2024
2024-04-21,2024-05-23,1,0.03512906147503436,0.5495915985997666,1,regime_expanding,2024
2024-04-22,2024-05-24,1,0.023423675731020666,0.5495915985997666,1,regime_expanding,2024
2024-04-23,2024-05-25,1,0.06626905946500194,0.5495915985997666,1,regime_expanding,2024
2024-04-24,2024-05-26,1,0.07430006327295602,0.5495915985997666,1,regime_expanding,2024
2024-04-25,2024-05-27,1,0.07429308452250272,0.5495915985997666,1,regime_expanding,2024
2024-04-26,2024-05-28,1,0.09414219348340525,0.5495915985997666,1,regime_expanding,2024
2024-04-27,2024-05-29,1,0.0836485335072279,0.5495915985997666,1,regime_expanding,2024
2024-04-28,2024-05-30,1,0.05928678796229603,0.5495915985997666,1,regime_expanding,2024
2024-04-29,2024-05-31,1,0.12658489474800638,0.5495915985997666,1,regime_expanding,2024
2024-04-30,2024-06-01,1,0.1572011430829141,0.5495915985997666,1,regime_expanding,2024
2024-05-01,2024-06-02,1,0.14741198023724777,0.4691011235955056,0,regime_expanding,2024
2024-05-02,2024-06-03,1,0.07766307088466151,0.4691011235955056,0,regime_expanding,2024
2024-05-03,2024-06-04,1,0.07697141568361499,0.5495915985997666,1,regime_expanding,2024
2024-05-04,2024-06-05,1,0.10194697869149527,0.5495915985997666,1,regime_expanding,2024
2024-05-05,2024-06-06,1,0.1257468117719287,0.5495915985997666,1,regime_expanding,2024
2024-05-06,2024-06-07,1,0.13620138120913006,0.4691011235955056,0,regime_expanding,2024
2024-05-07,2024-06-08,1,0.13339051849532546,0.4691011235955056,0,regime_expanding,2024
2024-05-08,2024-06-09,1,0.09887528934267698,0.4691011235955056,0,regime_expanding,2024
2024-05-09,2024-06-10,1,0.14552897130410702,0.4691011235955056,0,regime_expanding,2024
2024-05-10,2024-06-11,1,0.14326129340434912,0.4691011235955056,0,regime_expanding,2024
2024-05-11,2024-06-12,1,0.09482515776462153,0.4691011235955056,0,regime_expanding,2024
2024-05-12,2024-06-13,1,0.08458662833179931,0.4691011235955056,0,regime_expanding,2024
2024-05-13,2024-06-14,1,0.08437368915166887,0.4691011235955056,0,regime_expanding,2024
2024-05-14,2024-06-15,0,-0.002454743498788714,0.4691011235955056,0,regime_expanding,2024
2024-05-15,2024-06-16,1,0.015222454254381956,0.4691011235955056,0,regime_expanding,2024
2024-05-16,2024-06-17,0,-0.005179338744330408,0.4691011235955056,0,regime_expanding,2024
2024-05-17,2024-06-18,0,-0.0061401594854382235,0.4691011235955056,0,regime_expanding,2024
2024-05-18,2024-06-19,0,-0.01657784349820446,0.5495915985997666,1,regime_expanding,2024
2024-05-19,2024-06-20,0,-0.0905886100700074,0.4691011235955056,0,regime_expanding,2024
2024-05-20,2024-06-21,0,-0.0752455439430213,0.5495915985997666,1,regime_expanding,2024
2024-05-21,2024-06-22,0,-0.07262260321525038,0.5495915985997666,1,regime_expanding,2024
2024-05-22,2024-06-23,0,-0.05454860300904851,0.5495915985997666,1,regime_expanding,2024
2024-05-23,2024-06-24,0,-0.07789906315084805,0.5495915985997666,1,regime_expanding,2024
2024-05-24,2024-06-25,0,-0.12984827947703115,0.5495915985997666,1,regime_expanding,2024
2024-05-25,2024-06-26,0,-0.09782349917899702,0.5495915985997666,1,regime_expanding,2024
2024-05-26,2024-06-27,0,-0.12344312632432275,0.5495915985997666,1,regime_expanding,2024
2024-05-27,2024-06-28,0,-0.09783766871739685,0.4691011235955056,0,regime_expanding,2024
2024-05-28,2024-06-29,0,-0.10678954378713201,0.4691011235955056,0,regime_expanding,2024
2024-05-29,2024-06-30,0,-0.10775795413664258,0.4691011235955056,0,regime_expanding,2024
2024-05-30,2024-07-01,0,-0.07059519239040668,0.4691011235955056,0,regime_expanding,2024
2024-05-31,2024-07-02,0,-0.07181742574982097,0.4691011235955056,0,regime_expanding,2024
2024-06-01,2024-07-03,0,-0.08308283758047219,0.4691011235955056,0,regime_expanding,2024
2024-06-02,2024-07-04,0,-0.12500121712155043,0.4691011235955056,0,regime_expanding,2024
2024-06-03,2024-07-05,0,-0.19121384936281716,0.4691011235955056,0,regime_expanding,2024
2024-06-04,2024-07-06,0,-0.20362279912246162,0.5495915985997666,1,regime_expanding,2024
2024-06-05,2024-07-07,0,-0.17752961691864266,0.5495915985997666,1,regime_expanding,2024
2024-06-06,2024-07-08,0,-0.19461716141162366,0.5495915985997666,1,regime_expanding,2024
2024-06-07,2024-07-09,0,-0.181730867173584,0.5495915985997666,1,regime_expanding,2024
2024-06-08,2024-07-10,0,-0.16652488257046305,0.5495915985997666,1,regime_expanding,2024
2024-06-09,2024-07-11,0,-0.16988999137187233,0.5495915985997666,1,regime_expanding,2024
2024-06-10,2024-07-12,0,-0.14817580175840972,0.4691011235955056,0,regime_expanding,2024
2024-06-11,2024-07-13,0,-0.15198190905364728,0.4691011235955056,0,regime_expanding,2024
2024-06-12,2024-07-14,0,-0.113354183074868,0.4691011235955056,0,regime_expanding,2024
2024-06-13,2024-07-15,0,-0.07943311722989477,0.4691011235955056,0,regime_expanding,2024
2024-06-14,2024-07-16,0,-0.02271221117876443,0.4691011235955056,0,regime_expanding,2024
2024-06-15,2024-07-17,0,-0.024489155608107493,0.5495915985997666,1,regime_expanding,2024
2024-06-16,2024-07-18,0,-0.03633357406953808,0.5495915985997666,1,regime_expanding,2024
2024-06-17,2024-07-19,0,-0.01821855266686845,0.5495915985997666,1,regime_expanding,2024
2024-06-18,2024-07-20,1,0.025943152661580093,0.5495915985997666,1,regime_expanding,2024
2024-06-19,2024-07-21,1,0.03499276013453989,0.5495915985997666,1,regime_expanding,2024
2024-06-20,2024-07-22,1,0.06269982520458806,0.5495915985997666,1,regime_expanding,2024
2024-06-21,2024-07-23,1,0.050885274207887354,0.5495915985997666,1,regime_expanding,2024
2024-06-22,2024-07-24,1,0.04312592261890158,0.4691011235955056,0,regime_expanding,2024
2024-06-23,2024-07-25,1,0.08429974806487617,0.4691011235955056,0,regime_expanding,2024
2024-06-24,2024-07-26,1,0.06462057654263709,0.4691011235955056,0,regime_expanding,2024
2024-06-25,2024-07-27,1,0.11571547382419234,0.4691011235955056,0,regime_expanding,2024
2024-06-26,2024-07-28,1,0.10031413242632947,0.4691011235955056,0,regime_expanding,2024
2024-06-27,2024-07-29,1,0.12944430911315075,0.4691011235955056,0,regime_expanding,2024
2024-06-28,2024-07-30,1,0.09506993986227807,0.4691011235955056,0,regime_expanding,2024
2024-06-29,2024-07-31,1,0.05441899980580511,0.4691011235955056,0,regime_expanding,2024
2024-06-30,2024-08-01,1,0.027472337042925288,0.4691011235955056,0,regime_expanding,2024
2024-07-01,2024-08-02,1,0.051799085417569835,0.4691011235955056,0,regime_expanding,2024
2024-07-02,2024-08-03,1,0.021421701262793524,0.5495915985997666,1,regime_expanding,2024
2024-07-03,2024-08-04,1,0.06394336058076755,0.5495915985997666,1,regime_expanding,2024
2024-07-04,2024-08-05,1,0.027057085274115877,0.5580046403712297,1,regime_expanding,2024
2024-07-05,2024-08-06,0,-0.07232183750920695,0.5580046403712297,1,regime_expanding,2024
2024-07-06,2024-08-07,1,0.0029394278078571645,0.5580046403712297,1,regime_expanding,2024
2024-07-07,2024-08-08,0,-0.027873770092045058,0.5580046403712297,1,regime_expanding,2024
2024-07-08,2024-08-09,1,0.06263565891472878,0.5580046403712297,1,regime_expanding,2024
2024-07-09,2024-08-10,1,0.053912415321731855,0.5580046403712297,1,regime_expanding,2024
2024-07-10,2024-08-11,1,0.06249785271649455,0.5580046403712297,1,regime_expanding,2024
2024-07-11,2024-08-12,1,0.014225478410526016,0.5580046403712297,1,regime_expanding,2024
2024-07-12,2024-08-13,1,0.002409127354717988,0.5580046403712297,1,regime_expanding,2024
2024-07-13,2024-08-14,0,-0.0034664020523074157,0.4691011235955056,0,regime_expanding,2024
2024-07-14,2024-08-15,0,-0.09332959026365151,0.4691011235955056,0,regime_expanding,2024
2024-07-15,2024-08-16,0,-0.11535191562634517,0.5495915985997666,1,regime_expanding,2024
2024-07-16,2024-08-17,0,-0.08134753485013346,0.5495915985997666,1,regime_expanding,2024
2024-07-17,2024-08-18,0,-0.07026216823425424,0.4691011235955056,0,regime_expanding,2024
2024-07-18,2024-08-19,0,-0.12350223169783503,0.4691011235955056,0,regime_expanding,2024
2024-07-19,2024-08-20,0,-0.11470767711096685,0.4691011235955056,0,regime_expanding,2024
2024-07-20,2024-08-21,0,-0.13425516042974917,0.5495915985997666,1,regime_expanding,2024
2024-07-21,2024-08-22,0,-0.09441405555884619,0.5495915985997666,1,regime_expanding,2024
2024-07-22,2024-08-23,0,-0.08432677141470513,0.4691011235955056,0,regime_expanding,2024
2024-07-23,2024-08-24,0,-0.02047800102820596,0.4691011235955056,0,regime_expanding,2024
2024-07-24,2024-08-25,0,-0.024968560006504603,0.4691011235955056,0,regime_expanding,2024
2024-07-25,2024-08-26,0,-0.054308917947811786,0.4691011235955056,0,regime_expanding,2024
2024-07-26,2024-08-27,0,-0.07456188088662619,0.4691011235955056,0,regime_expanding,2024
2024-07-27,2024-08-28,0,-0.12944901881146176,0.4691011235955056,0,regime_expanding,2024
2024-07-28,2024-08-29,0,-0.11604128371955957,0.4691011235955056,0,regime_expanding,2024
2024-07-29,2024-08-30,0,-0.10317580226022849,0.4691011235955056,0,regime_expanding,2024
2024-07-30,2024-08-31,0,-0.08516462134606961,0.4691011235955056,0,regime_expanding,2024
2024-07-31,2024-09-01,0,-0.09762245688941551,0.4691011235955056,0,regime_expanding,2024
2024-08-01,2024-09-02,0,-0.06823875246063549,0.4691011235955056,0,regime_expanding,2024
2024-08-02,2024-09-03,0,-0.02579772410915082,0.4691011235955056,0,regime_expanding,2024
2024-08-03,2024-09-04,0,-0.011575798215298971,0.5580046403712297,1,regime_expanding,2024
2024-08-04,2024-09-05,1,0.07316116864455768,0.5580046403712297,1,regime_expanding,2024
2024-08-05,2024-09-06,1,0.0028203205883403637,0.5580046403712297,1,regime_expanding,2024
2024-08-06,2024-09-07,0,-0.02123544630368035,0.5580046403712297,1,regime_expanding,2024
2024-08-07,2024-09-08,0,-0.12199105145413869,0.5580046403712297,1,regime_expanding,2024
2024-08-08,2024-09-09,0,-0.0980972579797591,0.5580046403712297,1,regime_expanding,2024
2024-08-09,2024-09-10,0,-0.06371103700361325,0.5580046403712297,1,regime_expanding,2024
2024-08-10,2024-09-11,0,-0.0183367826219214,0.5580046403712297,1,regime_expanding,2024
2024-08-11,2024-09-12,0,-0.033845892539156375,0.5580046403712297,1,regime_expanding,2024
2024-08-12,2024-09-13,0,-0.04051766083770891,0.5580046403712297,1,regime_expanding,2024
2024-08-13,2024-09-14,1,0.030921867329068764,0.5580046403712297,1,regime_expanding,2024
2024-08-14,2024-09-15,1,0.042612534877274566,0.5580046403712297,1,regime_expanding,2024
2024-08-15,2024-09-16,1,0.004372174821090091,0.5580046403712297,1,regime_expanding,2024
2024-08-16,2024-09-17,0,-0.021481883527513568,0.5580046403712297,1,regime_expanding,2024
2024-08-17,2024-09-18,1,0.032290357170058126,0.5580046403712297,1,regime_expanding,2024
2024-08-18,2024-09-19,1,0.039056840263465675,0.5580046403712297,1,regime_expanding,2024
2024-08-19,2024-09-20,1,0.06666576292324833,0.5580046403712297,1,regime_expanding,2024
2024-08-20,2024-09-21,1,0.033439384472798483,0.5580046403712297,1,regime_expanding,2024
2024-08-21,2024-09-22,1,0.049243877889546095,0.5580046403712297,1,regime_expanding,2024
2024-08-22,2024-09-23,0,-0.007159584017049969,0.5580046403712297,1,regime_expanding,2024
2024-08-23,2024-09-24,0,-0.012734849592452968,0.4691011235955056,0,regime_expanding,2024
2024-08-24,2024-09-25,1,0.0006650577180096207,0.4691011235955056,0,regime_expanding,2024
2024-08-25,2024-09-26,1,0.005061113409937423,0.5495915985997666,1,regime_expanding,2024
2024-08-26,2024-09-27,1,0.0969282167802743,0.4691011235955056,0,regime_expanding,2024
2024-08-27,2024-09-28,1,0.11408590511714256,0.5580046403712297,1,regime_expanding,2024
2024-08-28,2024-09-29,1,0.109486345794235,0.5580046403712297,1,regime_expanding,2024
2024-08-29,2024-09-30,1,0.10956669196378654,0.5580046403712297,1,regime_expanding,2024
2024-08-30,2024-10-01,1,0.07382236239698847,0.5580046403712297,1,regime_expanding,2024
2024-08-31,2024-10-02,1,0.06113510978805725,0.5580046403712297,1,regime_expanding,2024
2024-09-01,2024-10-03,1,0.025656952600380256,0.5580046403712297,1,regime_expanding,2024
2024-09-02,2024-10-04,1,0.056794370417066364,0.5580046403712297,1,regime_expanding,2024
2024-09-03,2024-10-05,1,0.07098561519658997,0.5580046403712297,1,regime_expanding,2024
2024-09-04,2024-10-06,1,0.10462815948736215,0.5580046403712297,1,regime_expanding,2024
2024-09-05,2024-10-07,1,0.1641299580063884,0.5580046403712297,1,regime_expanding,2024
2024-09-06,2024-10-08,1,0.14887411315108356,0.5580046403712297,1,regime_expanding,2024
2024-09-07,2024-10-09,1,0.13286963082707381,0.5580046403712297,1,regime_expanding,2024
2024-09-08,2024-10-10,1,0.06300619490792836,0.5580046403712297,1,regime_expanding,2024
2024-09-09,2024-10-11,1,0.04667934046070865,0.4691011235955056,0,regime_expanding,2024
2024-09-10,2024-10-12,1,0.09072499912797793,0.5580046403712297,1,regime_expanding,2024
2024-09-11,2024-10-13,1,0.08728227039317726,0.5580046403712297,1,regime_expanding,2024
2024-09-12,2024-10-14,1,0.039208410064532684,0.4691011235955056,0,regime_expanding,2024
2024-09-13,2024-10-15,1,0.10152814444080338,0.4691011235955056,0,regime_expanding,2024
2024-09-14,2024-10-16,1,0.13431204762226878,0.4691011235955056,0,regime_expanding,2024
2024-09-15,2024-10-17,1,0.16157645267056941,0.5580046403712297,1,regime_expanding,2024
2024-09-16,2024-10-18,1,0.11784645651862857,0.5580046403712297,1,regime_expanding,2024
2024-09-17,2024-10-19,1,0.10796651812387248,0.5580046403712297,1,regime_expanding,2024
2024-09-18,2024-10-20,1,0.08626151744296884,0.5580046403712297,1,regime_expanding,2024
2024-09-19,2024-10-21,1,0.09226033428242086,0.5580046403712297,1,regime_expanding,2024
2024-09-20,2024-10-22,1,0.0635926677260894,0.5580046403712297,1,regime_expanding,2024
2024-09-21,2024-10-23,1,0.06051156077910291,0.5580046403712297,1,regime_expanding,2024
2024-09-22,2024-10-24,1,0.05255226595394147,0.5580046403712297,1,regime_expanding,2024
2024-09-23,2024-10-25,1,0.06124190237882954,0.5580046403712297,1,regime_expanding,2024
2024-09-24,2024-10-26,1,0.05615514058855764,0.4691011235955056,0,regime_expanding,2024
2024-09-25,2024-10-27,1,0.02944073241487888,0.5580046403712297,1,regime_expanding,2024
2024-09-26,2024-10-28,1,0.03423660805580675,0.4691011235955056,0,regime_expanding,2024
2024-09-27,2024-10-29,1,0.062319080445807806,0.4691011235955056,0,regime_expanding,2024
2024-09-28,2024-10-30,1,0.10875276534972045,0.4691011235955056,0,regime_expanding,2024
2024-09-29,2024-10-31,1,0.14238894257795964,0.4691011235955056,0,regime_expanding,2024
2024-09-30,2024-11-01,1,0.15602503876331064,0.5580046403712297,1,regime_expanding,2024
2024-10-01,2024-11-02,1,0.1458670483585376,0.5580046403712297,1,regime_expanding,2024
2024-10-02,2024-11-03,1,0.14191990087028206,0.5580046403712297,1,regime_expanding,2024
2024-10-03,2024-11-04,1,0.1077535998453758,0.5580046403712297,1,regime_expanding,2024
2024-10-04,2024-11-05,1,0.09333202917721639,0.4691011235955056,0,regime_expanding,2024
2024-10-05,2024-11-06,1,0.10429973554562544,0.4691011235955056,0,regime_expanding,2024
2024-10-06,2024-11-07,1,0.2145149436688507,0.4691011235955056,0,regime_expanding,2024
2024-10-07,2024-11-08,1,0.22035520949799303,0.4691011235955056,0,regime_expanding,2024
2024-10-08,2024-11-09,1,0.2617878386127319,0.4691011235955056,0,regime_expanding,2024
2024-10-09,2024-11-10,1,0.2710431917037981,0.4691011235955056,0,regime_expanding,2024
2024-10-10,2024-11-11,1,0.2850979029577714,0.5580046403712297,1,regime_expanding,2024
2024-10-11,2024-11-12,1,0.40251997311024557,0.4691011235955056,0,regime_expanding,2024
2024-10-12,2024-11-13,1,0.39894976969945306,0.4691011235955056,0,regime_expanding,2024
2024-10-13,2024-11-14,1,0.3675808062465953,0.4691011235955056,0,regime_expanding,2024
2024-10-14,2024-11-15,1,0.3019263459807311,0.5495915985997666,1,regime_expanding,2024
2024-10-15,2024-11-16,1,0.34623010943507837,0.5495915985997666,1,regime_expanding,2024
2024-10-16,2024-11-17,1,0.3436011330463242,0.5495915985997666,1,regime_expanding,2024
2024-10-17,2024-11-18,1,0.31314656473177105,0.5495915985997666,1,regime_expanding,2024
2024-10-18,2024-11-19,1,0.3229998424931766,0.5495915985997666,1,regime_expanding,2024
2024-10-19,2024-11-20,1,0.33721752230849456,0.5495915985997666,1,regime_expanding,2024
2024-10-20,2024-11-21,1,0.3993775370116137,0.5495915985997666,1,regime_expanding,2024
2024-10-21,2024-11-22,1,0.4581482724545023,0.5495915985997666,1,regime_expanding,2024
2024-10-22,2024-11-23,1,0.483335870757845,0.5495915985997666,1,regime_expanding,2024
2024-10-23,2024-11-24,1,0.4321829571336633,0.5495915985997666,1,regime_expanding,2024
2024-10-24,2024-11-25,1,0.4678038367383166,0.5495915985997666,1,regime_expanding,2024
2024-10-25,2024-11-26,1,0.386289817261952,0.5495915985997666,1,regime_expanding,2024
2024-10-26,2024-11-27,1,0.3519975760672809,0.5495915985997666,1,regime_expanding,2024
2024-10-27,2024-11-28,1,0.3702127191236524,0.5495915985997666,1,regime_expanding,2024
2024-10-28,2024-11-29,1,0.3149396567688727,0.5495915985997666,1,regime_expanding,2024
2024-10-29,2024-11-30,1,0.34716064399973745,0.5495915985997666,1,regime_expanding,2024
2024-10-30,2024-12-01,1,0.37153554152171786,0.5495915985997666,1,regime_expanding,2024
2024-10-31,2024-12-02,1,0.39842825486358935,0.5495915985997666,1,regime_expanding,2024
2024-11-01,2024-12-03,1,0.38149144775173194,0.5495915985997666,1,regime_expanding,2024
2024-11-02,2024-12-04,1,0.39365045853938274,0.5495915985997666,1,regime_expanding,2024
2024-11-03,2024-12-05,1,0.4530185036081795,0.5495915985997666,1,regime_expanding,2024
2024-11-04,2024-12-06,1,0.39747471638777676,0.5495915985997666,1,regime_expanding,2024
2024-11-05,2024-12-07,1,0.3198122743624985,0.5495915985997666,1,regime_expanding,2024
2024-11-06,2024-12-08,1,0.3160396367470808,0.5495915985997666,1,regime_expanding,2024
2024-11-07,2024-12-09,1,0.32152516972340006,0.5495915985997666,1,regime_expanding,2024
2024-11-08,2024-12-10,1,0.2686450490144039,0.5495915985997666,1,regime_expanding,2024
2024-11-09,2024-12-11,1,0.2018537760540282,0.5495915985997666,1,regime_expanding,2024
2024-11-10,2024-12-12,1,0.14074767620250883,0.5495915985997666,1,regime_expanding,2024
2024-11-11,2024-12-13,1,0.137032585955976,0.5495915985997666,1,regime_expanding,2024
2024-11-12,2024-12-14,1,0.12225730927762157,0.5495915985997666,1,regime_expanding,2024
2024-11-13,2024-12-15,1,0.1614006844958047,0.5495915985997666,1,regime_expanding,2024
2024-11-14,2024-12-16,1,0.14755139067458423,0.5495915985997666,1,regime_expanding,2024
2024-11-15,2024-12-17,1,0.1707806046674183,0.5495915985997666,1,regime_expanding,2024
2024-11-16,2024-12-18,1,0.18115388647477904,0.5495915985997666,1,regime_expanding,2024
2024-11-17,2024-12-19,1,0.10766639175089066,0.5495915985997666,1,regime_expanding,2024
2024-11-18,2024-12-20,1,0.05580127135719759,0.5495915985997666,1,regime_expanding,2024
2024-11-19,2024-12-21,1,0.03732111978631947,0.5495915985997666,1,regime_expanding,2024
2024-11-20,2024-12-22,0,-0.010426668315752119,0.5495915985997666,1,regime_expanding,2024
2024-11-21,2024-12-23,0,-0.03747239412692638,0.5495915985997666,1,regime_expanding,2024
2024-11-22,2024-12-24,0,-0.028574397680409147,0.5495915985997666,1,regime_expanding,2024
2024-11-23,2024-12-25,1,0.007799076711401121,0.5495915985997666,1,regime_expanding,2024
2024-11-24,2024-12-26,1,0.06902052800553404,0.5495915985997666,1,regime_expanding,2024
2024-11-25,2024-12-27,1,0.04160749570815736,0.5495915985997666,1,regime_expanding,2024
2024-11-26,2024-12-28,0,-0.01631576526152767,0.5495915985997666,1,regime_expanding,2024
2024-11-27,2024-12-29,0,-0.0035965668098958403,0.5495915985997666,1,regime_expanding,2024
2024-11-28,2024-12-30,0,-0.03818807715986039,0.5495915985997666,1,regime_expanding,2024
2024-11-29,2024-12-31,0,-0.03750664234364809,0.5495915985997666,1,regime_expanding,2024
2024-11-30,2025-01-01,0,-0.03713704467461443,0.5495915985997666,1,regime_expanding,2024
2024-12-01,2025-01-02,0,-0.013030280170378772,0.5495915985997666,1,regime_expanding,2024
2024-12-02,2025-01-03,1,0.011842500481743734,0.5495915985997666,1,regime_expanding,2024
2024-12-03,2025-01-04,0,-0.004190701197679503,0.5495915985997666,1,regime_expanding,2024
2024-12-04,2025-01-05,1,0.013150463821834935,0.5495915985997666,1,regime_expanding,2024
2024-12-05,2025-01-06,0,-0.01380808503317188,0.5495915985997666,1,regime_expanding,2024
2024-12-06,2025-01-07,1,0.024076551013357594,0.5495915985997666,1,regime_expanding,2024
2024-12-07,2025-01-08,0,-0.041094020745804594,0.5495915985997666,1,regime_expanding,2024
2024-12-08,2025-01-09,0,-0.022779093157976105,0.5495915985997666,1,regime_expanding,2024
2024-12-09,2025-01-10,0,-0.04183025685091046,0.5495915985997666,1,regime_expanding,2024
2024-12-10,2025-01-11,0,-0.0632771322620519,0.5495915985997666,1,regime_expanding,2024
2024-12-11,2025-01-12,0,-0.05404068165475695,0.5495915985997666,1,regime_expanding,2024
2024-12-12,2025-01-13,0,-0.06782569926084725,0.5495915985997666,1,regime_expanding,2024
2024-12-13,2025-01-14,0,-0.06787507394991121,0.5495915985997666,1,regime_expanding,2024
2024-12-14,2025-01-15,0,-0.07565420390318234,0.5495915985997666,1,regime_expanding,2024
2024-12-15,2025-01-16,0,-0.05243608135687172,0.5495915985997666,1,regime_expanding,2024
2024-12-16,2025-01-17,0,-0.05791221528610979,0.5495915985997666,1,regime_expanding,2024
2024-12-17,2025-01-18,1,0.03865573842803305,0.5495915985997666,1,regime_expanding,2024
2024-12-18,2025-01-19,1,0.07279124367214007,0.5495915985997666,1,regime_expanding,2024
2024-12-19,2025-01-20,1,0.03605249360362772,0.5495915985997666,1,regime_expanding,2024
2024-12-20,2025-01-21,1,0.05106278008469345,0.5495915985997666,1,regime_expanding,2024
2024-12-21,2025-01-22,1,0.1151168004464509,0.5495915985997666,1,regime_expanding,2024
2024-12-22,2025-01-23,1,0.09301278742835661,0.5495915985997666,1,regime_expanding,2024
2024-12-23,2025-01-24,1,0.05317838659412111,0.5495915985997666,1,regime_expanding,2024
2024-12-24,2025-01-25,1,0.0547211238181462,0.5495915985997666,1,regime_expanding,2024
2024-12-25,2025-01-26,1,0.09348690281820105,0.5495915985997666,1,regime_expanding,2024
2024-12-26,2025-01-27,1,0.08824035623696225,0.5495915985997666,1,regime_expanding,2024
2024-12-27,2025-01-28,1,0.07117345225603366,0.5495915985997666,1,regime_expanding,2024
2024-12-28,2025-01-29,1,0.08104839660334817,0.5495915985997666,1,regime_expanding,2024
2024-12-29,2025-01-30,1,0.11791096327756523,0.5495915985997666,1,regime_expanding,2024
2024-12-30,2025-01-31,1,0.11912178336325563,0.5495915985997666,1,regime_expanding,2024
2024-12-31,2025-02-01,1,0.08285899683883735,0.5495915985997666,1,regime_expanding,2024
2025-01-01,2025-02-02,1,0.03764373774485685,0.5676172953081877,1,regime_expanding,2025
2025-01-02,2025-02-03,0,-0.0048238757709895275,0.5676172953081877,1,regime_expanding,2025
2025-01-03,2025-02-04,1,0.03164308554292794,0.5676172953081877,1,regime_expanding,2025
2025-01-04,2025-02-05,0,-0.0061045949818230305,0.5676172953081877,1,regime_expanding,2025
2025-01-05,2025-02-06,0,-0.055001975828380734,0.5676172953081877,1,regime_expanding,2025
2025-01-06,2025-02-07,0,-0.004128220837381624,0.5676172953081877,1,regime_expanding,2025
2025-01-07,2025-02-08,1,0.015213346516501414,0.5676172953081877,1,regime_expanding,2025
2025-01-08,2025-02-09,1,0.04205462219330891,0.5676172953081877,1,regime_expanding,2025
2025-01-09,2025-02-10,1,0.018333384357637428,0.5676172953081877,1,regime_expanding,2025
2025-01-10,2025-02-11,1,0.029924210351396363,0.5676172953081877,1,regime_expanding,2025
2025-01-11,2025-02-12,1,0.01304287997248288,0.5676172953081877,1,regime_expanding,2025
2025-01-12,2025-02-13,1,0.035265783624902625,0.5676172953081877,1,regime_expanding,2025
2025-01-13,2025-02-14,1,0.000489639434615663,0.5676172953081877,1,regime_expanding,2025
2025-01-14,2025-02-15,0,-0.029820487803907336,0.5676172953081877,1,regime_expanding,2025
2025-01-15,2025-02-16,0,-0.024179370780089138,0.5676172953081877,1,regime_expanding,2025
2025-01-16,2025-02-17,0,-0.0764752448344489,0.5676172953081877,1,regime_expanding,2025
2025-01-17,2025-02-18,0,-0.08393780074128532,0.5676172953081877,1,regime_expanding,2025
2025-01-18,2025-02-19,0,-0.05585455746910861,0.5676172953081877,1,regime_expanding,2025
2025-01-19,2025-02-20,0,-0.054915216115783316,0.5676172953081877,1,regime_expanding,2025
2025-01-20,2025-02-21,0,-0.07385083747692534,0.5676172953081877,1,regime_expanding,2025
2025-01-21,2025-02-22,0,-0.07255724945726727,0.5676172953081877,1,regime_expanding,2025
2025-01-22,2025-02-23,0,-0.07082393621039684,0.5676172953081877,1,regime_expanding,2025
2025-01-23,2025-02-24,0,-0.08212518466821606,0.5676172953081877,1,regime_expanding,2025
2025-01-24,2025-02-25,0,-0.12596062545454823,0.5676172953081877,1,regime_expanding,2025
2025-01-25,2025-02-26,0,-0.13583725045437045,0.5676172953081877,1,regime_expanding,2025
2025-01-26,2025-02-27,0,-0.1746889266294832,0.5676172953081877,1,regime_expanding,2025
2025-01-27,2025-02-28,0,-0.16407820278615037,0.5676172953081877,1,regime_expanding,2025
2025-01-28,2025-03-01,0,-0.18685715525157076,0.5676172953081877,1,regime_expanding,2025
2025-01-29,2025-03-02,0,-0.17816917668659804,0.5676172953081877,1,regime_expanding,2025
2025-01-30,2025-03-03,0,-0.07966030509161603,0.5676172953081877,1,regime_expanding,2025
2025-01-31,2025-03-04,0,-0.14323451547890675,0.5676172953081877,1,regime_expanding,2025
2025-02-01,2025-03-05,0,-0.10663814824454998,0.5676172953081877,1,regime_expanding,2025
2025-02-02,2025-03-06,0,-0.105819280279558,0.5676172953081877,1,regime_expanding,2025
2025-02-03,2025-03-07,0,-0.08010442381453786,0.5676172953081877,1,regime_expanding,2025
2025-02-04,2025-03-08,0,-0.10154696434537824,0.5676172953081877,1,regime_expanding,2025
2025-02-05,2025-03-09,0,-0.10700595053459527,0.48267898383371827,0,regime_expanding,2025
2025-02-06,2025-03-10,0,-0.16343221410304776,0.48267898383371827,0,regime_expanding,2025
2025-02-07,2025-03-11,0,-0.18506854961000985,0.48267898383371827,0,regime_expanding,2025
2025-02-08,2025-03-12,0,-0.14025890823141574,0.48267898383371827,0,regime_expanding,2025
2025-02-09,2025-03-13,0,-0.1411329597759724,0.48267898383371827,0,regime_expanding,2025
2025-02-10,2025-03-14,0,-0.15308732539478453,0.5676172953081877,1,regime_expanding,2025
2025-02-11,2025-03-15,0,-0.14189036476959227,0.48267898383371827,0,regime_expanding,2025
2025-02-12,2025-03-16,0,-0.12700473552277647,0.48267898383371827,0,regime_expanding,2025
2025-02-13,2025-03-17,0,-0.15308592871398463,0.48267898383371827,0,regime_expanding,2025
2025-02-14,2025-03-18,0,-0.13897402748210586,0.48267898383371827,0,regime_expanding,2025
2025-02-15,2025-03-19,0,-0.13944394667727578,0.48267898383371827,0,regime_expanding,2025
2025-02-16,2025-03-20,0,-0.09327708360022102,0.48267898383371827,0,regime_expanding,2025
2025-02-17,2025-03-21,0,-0.11966292240529963,0.48267898383371827,0,regime_expanding,2025
2025-02-18,2025-03-22,0,-0.1299152759752069,0.48267898383371827,0,regime_expanding,2025
2025-02-19,2025-03-23,0,-0.1471381773929935,0.48267898383371827,0,regime_expanding,2025
2025-02-20,2025-03-24,0,-0.1050039617604086,0.5676172953081877,1,regime_expanding,2025
2025-02-21,2025-03-25,0,-0.09376235422084134,0.48267898383371827,0,regime_expanding,2025
2025-02-22,2025-03-26,0,-0.09209748800099726,0.48267898383371827,0,regime_expanding,2025
2025-02-23,2025-03-27,0,-0.05072161574818845,0.5676172953081877,1,regime_expanding,2025
2025-02-24,2025-03-28,0,-0.016332584915334736,0.48267898383371827,0,regime_expanding,2025
2025-02-25,2025-03-29,1,0.002068721825697839,0.48267898383371827,0,regime_expanding,2025
2025-02-26,2025-03-30,0,-0.02431914504046062,0.48267898383371827,0,regime_expanding,2025
2025-02-27,2025-03-31,0,-0.0232359355281182,0.48267898383371827,0,regime_expanding,2025
2025-02-28,2025-04-01,0,-0.04083609811892319,0.48267898383371827,0,regime_expanding,2025
2025-03-01,2025-04-02,0,-0.09665472543277032,0.48267898383371827,0,regime_expanding,2025
2025-03-02,2025-04-03,0,-0.042969498438666376,0.5676172953081877,1,regime_expanding,2025
2025-03-03,2025-04-04,0,-0.046617755463384314,0.48267898383371827,0,regime_expanding,2025
2025-03-04,2025-04-05,0,-0.07412456128733202,0.48267898383371827,0,regime_expanding,2025
2025-03-05,2025-04-06,0,-0.07109703477787854,0.48267898383371827,0,regime_expanding,2025
2025-03-06,2025-04-07,0,-0.0964466841332905,0.48267898383371827,0,regime_expanding,2025
2025-03-07,2025-04-08,0,-0.08187217112571366,0.48267898383371827,0,regime_expanding,2025
2025-03-08,2025-04-09,0,-0.054649017371512176,0.48267898383371827,0,regime_expanding,2025
2025-03-09,2025-04-10,1,0.05113958928625495,0.5732899022801303,1,regime_expanding,2025
2025-03-10,2025-04-11,0,-0.040100929678286046,0.5732899022801303,1,regime_expanding,2025
2025-03-11,2025-04-12,0,-0.003062734613669238,0.5732899022801303,1,regime_expanding,2025
2025-03-12,2025-04-13,1,0.051298649905110905,0.48267898383371827,0,regime_expanding,2025
2025-03-13,2025-04-14,0,-0.002657555637026965,0.5732899022801303,1,regime_expanding,2025
2025-03-14,2025-04-15,1,0.003001478329454521,0.48267898383371827,0,regime_expanding,2025
2025-03-15,2025-04-16,1,0.01295157392377222,0.48267898383371827,0,regime_expanding,2025
2025-03-16,2025-04-17,1,0.0002423520432444093,0.5732899022801303,1,regime_expanding,2025
2025-03-17,2025-04-18,1,0.026994972981331244,0.5732899022801303,1,regime_expanding,2025
2025-03-18,2025-04-19,0,-0.027303870198637892,0.5732899022801303,1,regime_expanding,2025
2025-03-19,2025-04-20,1,0.010135190489861445,0.48267898383371827,0,regime_expanding,2025
2025-03-20,2025-04-21,1,0.012967840303089284,0.5732899022801303,1,regime_expanding,2025
2025-03-21,2025-04-22,1,0.04384069816302594,0.5732899022801303,1,regime_expanding,2025
2025-03-22,2025-04-23,1,0.08550506781285394,0.5732899022801303,1,regime_expanding,2025
2025-03-23,2025-04-24,1,0.07077760263758703,0.48267898383371827,0,regime_expanding,2025
2025-03-24,2025-04-25,1,0.07537902401202468,0.48267898383371827,0,regime_expanding,2025
2025-03-25,2025-04-26,1,0.08893779563192239,0.48267898383371827,0,regime_expanding,2025
2025-03-26,2025-04-27,1,0.08478527549691917,0.48267898383371827,0,regime_expanding,2025
2025-03-27,2025-04-28,1,0.1104528099584503,0.48267898383371827,0,regime_expanding,2025
2025-03-28,2025-04-29,1,0.14958100283211317,0.5732899022801303,1,regime_expanding,2025
2025-03-29,2025-04-30,1,0.1440322854715379,0.5732899022801303,1,regime_expanding,2025
2025-03-30,2025-05-01,1,0.14078740157480318,0.5732899022801303,1,regime_expanding,2025
2025-03-31,2025-05-02,1,0.13306446167639452,0.5732899022801303,1,regime_expanding,2025
2025-04-01,2025-05-03,1,0.17415775408198253,0.5732899022801303,1,regime_expanding,2025
2025-04-02,2025-05-04,1,0.15193919610484352,0.5732899022801303,1,regime_expanding,2025
2025-04-03,2025-05-05,1,0.12382591604922033,0.5732899022801303,1,regime_expanding,2025
2025-04-04,2025-05-06,1,0.13401914506202495,0.5732899022801303,1,regime_expanding,2025
2025-04-05,2025-05-07,1,0.23465536146882582,0.5732899022801303,1,regime_expanding,2025
2025-04-06,2025-05-08,1,0.22570147457329925,0.5732899022801303,1,regime_expanding,2025
2025-04-07,2025-05-09,1,0.352965616132193,0.5732899022801303,1,regime_expanding,2025
2025-04-08,2025-05-10,1,0.24640459711902962,0.5732899022801303,1,regime_expanding,2025
2025-04-09,2025-05-11,1,0.31658189638387424,0.5732899022801303,1,regime_expanding,2025
2025-04-10,2025-05-12,1,0.24806065604995586,0.5732899022801303,1,regime_expanding,2025
2025-04-11,2025-05-13,1,0.20538279353696098,0.5732899022801303,1,regime_expanding,2025
2025-04-12,2025-05-14,1,0.24288108882521486,0.5732899022801303,1,regime_expanding,2025
2025-04-13,2025-05-15,1,0.22361859182675148,0.5732899022801303,1,regime_expanding,2025
2025-04-14,2025-05-16,1,0.24053993598344614,0.5732899022801303,1,regime_expanding,2025
2025-04-15,2025-05-17,1,0.2312677867218973,0.5732899022801303,1,regime_expanding,2025
2025-04-16,2025-05-18,1,0.21399852992280444,0.5732899022801303,1,regime_expanding,2025
2025-04-17,2025-05-19,1,0.2601911578259528,0.5732899022801303,1,regime_expanding,2025
2025-04-18,2025-05-20,1,0.2409197550454294,0.5732899022801303,1,regime_expanding,2025
2025-04-19,2025-05-21,1,0.25441363412023854,0.5732899022801303,1,regime_expanding,2025
2025-04-20,2025-05-22,1,0.2528419303301719,0.5732899022801303,1,regime_expanding,2025
2025-04-21,2025-05-23,1,0.19534081689808946,0.5732899022801303,1,regime_expanding,2025
2025-04-22,2025-05-24,1,0.145448547017341,0.48267898383371827,0,regime_expanding,2025
2025-04-23,2025-05-25,1,0.14664142454277984,0.48267898383371827,0,regime_expanding,2025
2025-04-24,2025-05-26,1,0.151793325942416,0.48267898383371827,0,regime_expanding,2025
2025-04-25,2025-05-27,1,0.1564735596229445,0.48267898383371827,0,regime_expanding,2025
2025-04-26,2025-05-28,1,0.16201594700077204,0.48267898383371827,0,regime_expanding,2025
2025-04-27,2025-05-29,1,0.13441155030386964,0.48267898383371827,0,regime_expanding,2025
2025-04-28,2025-05-30,1,0.12023458886051941,0.5676172953081877,1,regime_expanding,2025
2025-04-29,2025-05-31,1,0.10420793866542066,0.5676172953081877,1,regime_expanding,2025
2025-04-30,2025-06-01,1,0.08396713023850166,0.5676172953081877,1,regime_expanding,2025
2025-05-01,2025-06-02,1,0.0903711359805992,0.5676172953081877,1,regime_expanding,2025
2025-05-02,2025-06-03,1,0.10433917728202236,0.5676172953081877,1,regime_expanding,2025
2025-05-03,2025-06-04,1,0.11772986184100342,0.5676172953081877,1,regime_expanding,2025
2025-05-04,2025-06-05,1,0.10517041035458563,0.5676172953081877,1,regime_expanding,2025
2025-05-05,2025-06-06,1,0.04827507935744069,0.5676172953081877,1,regime_expanding,2025
2025-05-06,2025-06-07,1,0.0748005008734367,0.5676172953081877,1,regime_expanding,2025
2025-05-07,2025-06-08,1,0.022181912522959868,0.5676172953081877,1,regime_expanding,2025
2025-05-08,2025-06-09,1,0.02682302245494128,0.5676172953081877,1,regime_expanding,2025
2025-05-09,2025-06-10,1,0.052032386749563786,0.5676172953081877,1,regime_expanding,2025
2025-05-10,2025-06-11,1,0.05912896905434217,0.5676172953081877,1,regime_expanding,2025
2025-05-11,2025-06-12,1,0.05694848553360332,0.5676172953081877,1,regime_expanding,2025
2025-05-12,2025-06-13,1,0.015062093842564073,0.5676172953081877,1,regime_expanding,2025
2025-05-13,2025-06-14,1,0.024720448684896645,0.5676172953081877,1,regime_expanding,2025
2025-05-14,2025-06-15,1,0.01591037945732654,0.5676172953081877,1,regime_expanding,2025
2025-05-15,2025-06-16,1,0.02058805051810353,0.5676172953081877,1,regime_expanding,2025
2025-05-16,2025-06-17,1,0.035566752144087,0.5676172953081877,1,regime_expanding,2025
2025-05-17,2025-06-18,0,-0.017877159835862022,0.5676172953081877,1,regime_expanding,2025
2025-05-18,2025-06-19,0,-0.006506732309259133,0.5676172953081877,1,regime_expanding,2025
2025-05-19,2025-06-20,0,-0.020509218530650464,0.5676172953081877,1,regime_expanding,2025
2025-05-20,2025-06-21,0,-0.05787832055363917,0.5676172953081877,1,regime_expanding,2025
2025-05-21,2025-06-22,0,-0.0857343247604977,0.5676172953081877,1,regime_expanding,2025
2025-05-22,2025-06-23,0,-0.05921105720086883,0.5676172953081877,1,regime_expanding,2025
2025-05-23,2025-06-24,0,-0.022530783143207334,0.5676172953081877,1,regime_expanding,2025
2025-05-24,2025-06-25,0,-0.026798967379238592,0.5676172953081877,1,regime_expanding,2025
2025-05-25,2025-06-26,0,-0.01913642079784872,0.5676172953081877,1,regime_expanding,2025
2025-05-26,2025-06-27,0,-0.018277432051594045,0.5676172953081877,1,regime_expanding,2025
2025-05-27,2025-06-28,0,-0.0068119119947731566,0.5676172953081877,1,regime_expanding,2025
2025-05-28,2025-06-29,1,0.01616672072810088,0.5676172953081877,1,regime_expanding,2025
2025-05-29,2025-06-30,1,0.04203914258405517,0.5676172953081877,1,regime_expanding,2025
2025-05-30,2025-07-01,1,0.024424745018446936,0.5676172953081877,1,regime_expanding,2025
2025-05-31,2025-07-02,1,0.0003615954233757712,0.5676172953081877,1,regime_expanding,2025
2025-06-01,2025-07-03,1,0.0282604054488087,0.5676172953081877,1,regime_expanding,2025
2025-06-02,2025-07-04,1,0.03993161689136815,0.5676172953081877,1,regime_expanding,2025
2025-06-03,2025-07-05,1,0.0313991269652214,0.5676172953081877,1,regime_expanding,2025
2025-06-04,2025-07-06,1,0.06590007220071503,0.5676172953081877,1,regime_expanding,2025
2025-06-05,2025-07-07,1,0.04713293699023002,0.5676172953081877,1,regime_expanding,2025
2025-06-06,2025-07-08,1,0.025681997003377033,0.5676172953081877,1,regime_expanding,2025
2025-06-07,2025-07-09,1,0.03016039966705142,0.5676172953081877,1,regime_expanding,2025
2025-06-08,2025-07-10,1,0.008806034879146107,0.5676172953081877,1,regime_expanding,2025
2025-06-09,2025-07-11,1,0.05201225778714336,0.5676172953081877,1,regime_expanding,2025
2025-06-10,2025-07-12,1,0.08175727710942948,0.5676172953081877,1,regime_expanding,2025
2025-06-11,2025-07-13,1,0.11117693339770884,0.5676172953081877,1,regime_expanding,2025
2025-06-12,2025-07-14,1,0.12275363995391952,0.5676172953081877,1,regime_expanding,2025
2025-06-13,2025-07-15,1,0.1368551974237351,0.5676172953081877,1,regime_expanding,2025
2025-06-14,2025-07-16,1,0.11519648555855722,0.5676172953081877,1,regime_expanding,2025
2025-06-15,2025-07-17,1,0.11082880368498271,0.5676172953081877,1,regime_expanding,2025
2025-06-16,2025-07-18,1,0.1398969518944646,0.5676172953081877,1,regime_expanding,2025
2025-06-17,2025-07-19,1,0.12430593023201486,0.5676172953081877,1,regime_expanding,2025
2025-06-18,2025-07-20,1,0.1259468525230465,0.5676172953081877,1,regime_expanding,2025
2025-06-19,2025-07-21,1,0.13521203415594396,0.5676172953081877,1,regime_expanding,2025
2025-06-20,2025-07-22,1,0.14943534088614552,0.5676172953081877,1,regime_expanding,2025
2025-06-21,2025-07-23,1,0.1880926315522573,0.5676172953081877,1,regime_expanding,2025
2025-06-22,2025-07-24,1,0.12742388635609747,0.5676172953081877,1,regime_expanding,2025
2025-06-23,2025-07-25,1,0.11555084226501888,0.5676172953081877,1,regime_expanding,2025
2025-06-24,2025-07-26,1,0.09571141727467691,0.5676172953081877,1,regime_expanding,2025
2025-06-25,2025-07-27,1,0.10260151143939833,0.5676172953081877,1,regime_expanding,2025
2025-06-26,2025-07-28,1,0.11553722185966264,0.5676172953081877,1,regime_expanding,2025
2025-06-27,2025-07-29,1,0.10033412928755858,0.5676172953081877,1,regime_expanding,2025
2025-06-28,2025-07-30,1,0.08853905329359191,0.5676172953081877,1,regime_expanding,2025
2025-06-29,2025-07-31,1,0.09980521064101855,0.5676172953081877,1,regime_expanding,2025
2025-06-30,2025-08-01,1,0.09540908580368135,0.5676172953081877,1,regime_expanding,2025
2025-07-01,2025-08-02,1,0.040866759351137594,0.5676172953081877,1,regime_expanding,2025
2025-07-02,2025-08-03,1,0.027025470783941907,0.5676172953081877,1,regime_expanding,2025
2025-07-03,2025-08-04,1,0.05764322111789455,0.5676172953081877,1,regime_expanding,2025
2025-07-04,2025-08-05,1,0.06337365196363853,0.5676172953081877,1,regime_expanding,2025
2025-07-05,2025-08-06,1,0.04510738403453729,0.5676172953081877,1,regime_expanding,2025
2025-07-06,2025-08-07,1,0.06215728115271957,0.5676172953081877,1,regime_expanding,2025
2025-07-07,2025-08-08,1,0.07848691997896862,0.5676172953081877,1,regime_expanding,2025
2025-07-08,2025-08-09,1,0.0489125627056477,0.5676172953081877,1,regime_expanding,2025
2025-07-09,2025-08-10,1,0.0038982842946053697,0.5676172953081877,1,regime_expanding,2025
2025-07-10,2025-08-11,1,0.01503144025840375,0.5676172953081877,1,regime_expanding,2025
2025-07-11,2025-08-12,1,0.010781808891159983,0.5676172953081877,1,regime_expanding,2025
2025-07-12,2025-08-13,1,0.008795612270561026,0.5676172953081877,1,regime_expanding,2025
2025-07-13,2025-08-14,1,0.02891552210313031,0.5676172953081877,1,regime_expanding,2025
2025-07-14,2025-08-15,1,0.00456028155350352,0.5676172953081877,1,regime_expanding,2025
2025-07-15,2025-08-16,0,-0.010860618910289888,0.5676172953081877,1,regime_expanding,2025
2025-07-16,2025-08-17,0,-0.015077502845334267,0.5676172953081877,1,regime_expanding,2025
2025-07-17,2025-08-18,0,-0.004408146748386521,0.5676172953081877,1,regime_expanding,2025
2025-07-18,2025-08-19,0,-0.013687710990520019,0.5676172953081877,1,regime_expanding,2025
2025-07-19,2025-08-20,0,-0.03745495996208936,0.5676172953081877,1,regime_expanding,2025
2025-07-20,2025-08-21,0,-0.02648765091536609,0.5676172953081877,1,regime_expanding,2025
2025-07-21,2025-08-22,0,-0.062143849126705786,0.5676172953081877,1,regime_expanding,2025
2025-07-22,2025-08-23,0,-0.015325541446326918,0.5676172953081877,1,regime_expanding,2025
2025-07-23,2025-08-24,0,-0.024530133179562985,0.5676172953081877,1,regime_expanding,2025
2025-07-24,2025-08-25,0,-0.035035872760721065,0.5676172953081877,1,regime_expanding,2025
2025-07-25,2025-08-26,0,-0.06621447305075256,0.5676172953081877,1,regime_expanding,2025
2025-07-26,2025-08-27,0,-0.06408159874642794,0.5676172953081877,1,regime_expanding,2025
2025-07-27,2025-08-28,0,-0.05759932550876534,0.5676172953081877,1,regime_expanding,2025
2025-07-28,2025-08-29,0,-0.045644898400391765,0.5676172953081877,1,regime_expanding,2025
2025-07-29,2025-08-30,0,-0.08030267067401142,0.5676172953081877,1,regime_expanding,2025
2025-07-30,2025-08-31,0,-0.06001637641109203,0.5676172953081877,1,regime_expanding,2025
2025-07-31,2025-09-01,0,-0.0445865202114919,0.5676172953081877,1,regime_expanding,2025
2025-08-01,2025-09-02,0,-0.029400509212426762,0.5676172953081877,1,regime_expanding,2025
2025-08-02,2025-09-03,0,-0.025994492018610482,0.5676172953081877,1,regime_expanding,2025
2025-08-03,2025-09-04,0,-0.029110504773237622,0.5676172953081877,1,regime_expanding,2025
2025-08-04,2025-09-05,0,-0.029780841542192182,0.5676172953081877,1,regime_expanding,2025
2025-08-05,2025-09-06,0,-0.0376744454214184,0.5676172953081877,1,regime_expanding,2025
2025-08-06,2025-09-07,0,-0.062006595272644516,0.5676172953081877,1,regime_expanding,2025
2025-08-07,2025-09-08,0,-0.047460058621086265,0.5676172953081877,1,regime_expanding,2025
2025-08-08,2025-09-09,0,-0.03775489482643524,0.5676172953081877,1,regime_expanding,2025
2025-08-09,2025-09-10,0,-0.06494771291194457,0.5676172953081877,1,regime_expanding,2025
2025-08-10,2025-09-11,0,-0.03981935527357905,0.5676172953081877,1,regime_expanding,2025
2025-08-11,2025-09-12,0,-0.038718402078877,0.5676172953081877,1,regime_expanding,2025
2025-08-12,2025-09-13,0,-0.05901581458356919,0.5676172953081877,1,regime_expanding,2025
2025-08-13,2025-09-14,0,-0.020092127238755197,0.5676172953081877,1,regime_expanding,2025
2025-08-14,2025-09-15,0,-0.017675080474142124,0.5676172953081877,1,regime_expanding,2025
2025-08-15,2025-09-16,0,-0.01730225405105068,0.5676172953081877,1,regime_expanding,2025
2025-08-16,2025-09-17,0,-0.005247220710598244,0.5676172953081877,1,regime_expanding,2025
2025-08-17,2025-09-18,1,0.0018975789198814041,0.5676172953081877,1,regime_expanding,2025
2025-08-18,2025-09-19,1,0.037215116642207,0.5676172953081877,1,regime_expanding,2025
2025-08-19,2025-09-20,1,0.011911659653965456,0.5676172953081877,1,regime_expanding,2025
2025-08-20,2025-09-21,1,0.028316711111111115,0.5676172953081877,1,regime_expanding,2025
2025-08-21,2025-09-22,0,-0.014569593623862676,0.5676172953081877,1,regime_expanding,2025
2025-08-22,2025-09-23,0,-0.024143423754695692,0.5676172953081877,1,regime_expanding,2025
2025-08-23,2025-09-24,0,-0.013170699772559802,0.5676172953081877,1,regime_expanding,2025
2025-08-24,2025-09-25,1,0.029016188792536424,0.5676172953081877,1,regime_expanding,2025
2025-08-25,2025-09-26,0,-0.024773176721286316,0.5676172953081877,1,regime_expanding,2025
2025-08-26,2025-09-27,0,-0.014547193601841202,0.5676172953081877,1,regime_expanding,2025
2025-08-27,2025-09-28,0,-0.02603829367247379,0.5676172953081877,1,regime_expanding,2025
2025-08-28,2025-09-29,1,0.03493864957085169,0.5676172953081877,1,regime_expanding,2025
2025-08-29,2025-09-30,1,0.05050381684440186,0.5676172953081877,1,regime_expanding,2025
2025-08-30,2025-10-01,1,0.05360531291768145,0.5676172953081877,1,regime_expanding,2025
2025-08-31,2025-10-02,1,0.08566257920934262,0.48267898383371827,0,regime_expanding,2025
2025-09-01,2025-10-03,1,0.08350718415073866,0.5676172953081877,1,regime_expanding,2025
2025-09-02,2025-10-04,1,0.09423411800219372,0.5676172953081877,1,regime_expanding,2025
2025-09-03,2025-10-05,1,0.1053014394269638,0.5676172953081877,1,regime_expanding,2025
2025-09-04,2025-10-06,1,0.11587131754925006,0.5676172953081877,1,regime_expanding,2025
2025-09-05,2025-10-07,1,0.13132612105240526,0.5676172953081877,1,regime_expanding,2025
2025-09-06,2025-10-08,1,0.09173882587626925,0.5676172953081877,1,regime_expanding,2025
2025-09-07,2025-10-09,1,0.1003056880354416,0.5676172953081877,1,regime_expanding,2025
2025-09-08,2025-10-10,1,0.09068900308553274,0.5676172953081877,1,regime_expanding,2025
2025-09-09,2025-10-11,0,-0.010402860652860557,0.5676172953081877,1,regime_expanding,2025
2025-09-10,2025-10-12,0,-0.041896235704242835,0.5676172953081877,1,regime_expanding,2025
2025-09-11,2025-10-13,0,-0.009226970989510419,0.48267898383371827,0,regime_expanding,2025
2025-09-12,2025-10-14,0,-0.006489830034587252,0.48267898383371827,0,regime_expanding,2025
2025-09-13,2025-10-15,0,-0.019431930854015733,0.48267898383371827,0,regime_expanding,2025
2025-09-14,2025-10-16,0,-0.03976108825934632,0.48267898383371827,0,regime_expanding,2025
2025-09-15,2025-10-17,0,-0.07359163057878071,0.48267898383371827,0,regime_expanding,2025
2025-09-16,2025-10-18,0,-0.08601224928637441,0.48267898383371827,0,regime_expanding,2025
2025-09-17,2025-10-19,0,-0.08446426788361128,0.48267898383371827,0,regime_expanding,2025
2025-09-18,2025-10-20,0,-0.060446904193539486,0.48267898383371827,0,regime_expanding,2025
2025-09-19,2025-10-21,0,-0.04454779733662695,0.48267898383371827,0,regime_expanding,2025
2025-09-20,2025-10-22,0,-0.06017957293046927,0.48267898383371827,0,regime_expanding,2025
2025-09-21,2025-10-23,0,-0.04512645650073743,0.48267898383371827,0,regime_expanding,2025
2025-09-22,2025-10-24,0,-0.017148487305221116,0.48267898383371827,0,regime_expanding,2025
2025-09-23,2025-10-25,0,-0.02031745432166998,0.48267898383371827,0,regime_expanding,2025
2025-09-24,2025-10-26,1,0.02432948674744928,0.48267898383371827,0,regime_expanding,2025
2025-09-25,2025-10-27,1,0.04483577953486684,0.48267898383371827,0,regime_expanding,2025
2025-09-26,2025-10-28,1,0.040787753275958405,0.48267898383371827,0,regime_expanding,2025
2025-09-27,2025-10-29,1,0.0065482709419317775,0.48267898383371827,0,regime_expanding,2025
2025-09-28,2025-10-30,0,-0.037534739362815595,0.48267898383371827,0,regime_expanding,2025
2025-09-29,2025-10-31,0,-0.05020713037753799,0.48267898383371827,0,regime_expanding,2025
2025-09-30,2025-11-01,0,-0.07577874916975846,0.48267898383371827,0,regime_expanding,2025
2025-10-01,2025-11-02,0,-0.08654531033312629,0.5676172953081877,1,regime_expanding,2025
2025-10-02,2025-11-03,0,-0.09565007455890717,0.5676172953081877,1,regime_expanding,2025
2025-10-03,2025-11-04,0,-0.12915934416414154,0.5676172953081877,1,regime_expanding,2025
2025-10-04,2025-11-05,0,-0.17804241125369213,0.5676172953081877,1,regime_expanding,2025
2025-10-05,2025-11-06,0,-0.16664225331052318,0.5676172953081877,1,regime_expanding,2025
2025-10-06,2025-11-07,0,-0.16472786949234575,0.5676172953081877,1,regime_expanding,2025
2025-10-07,2025-11-08,0,-0.1619298199657908,0.5676172953081877,1,regime_expanding,2025
2025-10-08,2025-11-09,0,-0.15904222183335026,0.5676172953081877,1,regime_expanding,2025
2025-10-09,2025-11-10,0,-0.07139504687629272,0.5676172953081877,1,regime_expanding,2025
2025-10-10,2025-11-11,0,-0.04187532310717934,0.48267898383371827,0,regime_expanding,2025
2025-10-11,2025-11-12,0,-0.10351368459711785,0.48267898383371827,0,regime_expanding,2025
2025-10-12,2025-11-13,0,-0.1173230814650158,0.48267898383371827,0,regime_expanding,2025
2025-10-13,2025-11-14,0,-0.11798921206605828,0.48267898383371827,0,regime_expanding,2025
2025-10-14,2025-11-15,0,-0.14598050906401472,0.48267898383371827,0,regime_expanding,2025
2025-10-15,2025-11-16,0,-0.11643906835361995,0.48267898383371827,0,regime_expanding,2025
2025-10-16,2025-11-17,0,-0.11434781448531106,0.48267898383371827,0,regime_expanding,2025
2025-10-17,2025-11-18,0,-0.13966375892149085,0.5732899022801303,1,regime_expanding,2025
2025-10-18,2025-11-19,0,-0.14434407370136093,0.5732899022801303,1,regime_expanding,2025
2025-10-19,2025-11-20,0,-0.17168887333985983,0.48267898383371827,0,regime_expanding,2025
2025-10-20,2025-11-21,0,-0.20000838429934686,0.48267898383371827,0,regime_expanding,2025
2025-10-21,2025-11-22,0,-0.2085949792432562,0.48267898383371827,0,regime_expanding,2025
2025-10-22,2025-11-23,0,-0.23018583426925898,0.5732899022801303,1,regime_expanding,2025
2025-10-23,2025-11-24,0,-0.21778227807961625,0.48267898383371827,0,regime_expanding,2025
2025-10-24,2025-11-25,0,-0.2091091802708681,0.48267898383371827,0,regime_expanding,2025
2025-10-25,2025-11-26,0,-0.23733921115690104,0.48267898383371827,0,regime_expanding,2025
2025-10-26,2025-11-27,0,-0.20702941476754622,0.5676172953081877,1,regime_expanding,2025
2025-10-27,2025-11-28,0,-0.19100795369714585,0.5676172953081877,1,regime_expanding,2025
2025-10-28,2025-11-29,0,-0.17388078490255976,0.5676172953081877,1,regime_expanding,2025
2025-10-29,2025-11-30,0,-0.1617426680072268,0.48267898383371827,0,regime_expanding,2025
2025-10-30,2025-12-01,0,-0.17560760386033836,0.5732899022801303,1,regime_expanding,2025
2025-10-31,2025-12-02,0,-0.21628066242741706,0.5676172953081877,1,regime_expanding,2025
2025-11-01,2025-12-03,0,-0.1742599037512793,0.5676172953081877,1,regime_expanding,2025
2025-11-02,2025-12-04,0,-0.1234070520594035,0.5676172953081877,1,regime_expanding,2025
2025-11-03,2025-12-05,0,-0.09280223706597701,0.5732899022801303,1,regime_expanding,2025
2025-11-04,2025-12-06,0,-0.14010778825387582,0.5732899022801303,1,regime_expanding,2025
2025-11-05,2025-12-07,0,-0.11948409627055967,0.5732899022801303,1,regime_expanding,2025
2025-11-06,2025-12-08,0,-0.12525531238953225,0.5732899022801303,1,regime_expanding,2025
2025-11-07,2025-12-09,0,-0.11414586325582432,0.5732899022801303,1,regime_expanding,2025
2025-11-08,2025-12-10,0,-0.11500955616701014,0.5732899022801303,1,regime_expanding,2025
2025-11-09,2025-12-11,0,-0.13202151509940507,0.5732899022801303,1,regime_expanding,2025
2025-11-10,2025-12-12,0,-0.10232604624535457,0.5732899022801303,1,regime_expanding,2025
2025-11-11,2025-12-13,0,-0.1120063997248717,0.5732899022801303,1,regime_expanding,2025
2025-11-12,2025-12-14,0,-0.09481229342004571,0.5732899022801303,1,regime_expanding,2025
2025-11-13,2025-12-15,0,-0.06788844958454021,0.5732899022801303,1,regime_expanding,2025
2025-11-14,2025-12-16,0,-0.09586308999842352,0.5732899022801303,1,regime_expanding,2025
2025-11-15,2025-12-17,0,-0.0678752554729426,0.5732899022801303,1,regime_expanding,2025
2025-11-16,2025-12-18,0,-0.06476062390622628,0.5732899022801303,1,regime_expanding,2025
2025-11-17,2025-12-19,0,-0.08008125572889135,0.5732899022801303,1,regime_expanding,2025
2025-11-18,2025-12-20,0,-0.03733287634006954,0.5732899022801303,1,regime_expanding,2025
2025-11-19,2025-12-21,1,0.01989549064478302,0.5732899022801303,1,regime_expanding,2025
2025-11-20,2025-12-22,1,0.04145981494999029,0.5732899022801303,1,regime_expanding,2025
2025-11-21,2025-12-23,1,0.04579952147604871,0.5732899022801303,1,regime_expanding,2025
2025-11-22,2025-12-24,1,0.007554992514108072,0.5732899022801303,1,regime_expanding,2025
2025-11-23,2025-12-25,0,-0.007141222294312244,0.5732899022801303,1,regime_expanding,2025
2025-11-24,2025-12-26,0,-0.0016561754570820764,0.5732899022801303,1,regime_expanding,2025
2025-11-25,2025-12-27,0,-0.0344198936364557,0.5732899022801303,1,regime_expanding,2025
2025-11-26,2025-12-28,0,-0.037849456620397626,0.5732899022801303,1,regime_expanding,2025
2025-11-27,2025-12-29,0,-0.03232453569787275,0.5732899022801303,1,regime_expanding,2025
2025-11-28,2025-12-30,0,-0.039264473509742714,0.5732899022801303,1,regime_expanding,2025
2025-11-29,2025-12-31,0,-0.020744906956074893,0.5732899022801303,1,regime_expanding,2025
2025-11-30,2026-01-01,1,0.015787031988152123,0.5732899022801303,1,regime_expanding,2025
2025-12-01,2026-01-02,0,-0.02671874061930446,0.5732899022801303,1,regime_expanding,2025
2025-12-02,2026-01-03,0,-0.03676347894866683,0.5732899022801303,1,regime_expanding,2025
2025-12-03,2026-01-04,0,-0.015748051164414245,0.5732899022801303,1,regime_expanding,2025
2025-12-04,2026-01-05,1,0.024624415258293952,0.5732899022801303,1,regime_expanding,2025
2025-12-05,2026-01-06,1,0.0518049728363188,0.5732899022801303,1,regime_expanding,2025
2025-12-06,2026-01-07,1,0.03708875636482056,0.5732899022801303,1,regime_expanding,2025
2025-12-07,2026-01-08,1,0.008052245092506238,0.5732899022801303,1,regime_expanding,2025
2025-12-08,2026-01-09,0,-0.017035285627858165,0.5732899022801303,1,regime_expanding,2025
2025-12-09,2026-01-10,0,-0.014933481772286372,0.5732899022801303,1,regime_expanding,2025
2025-12-10,2026-01-11,0,-0.021712318801885844,0.5732899022801303,1,regime_expanding,2025
2025-12-11,2026-01-12,1,0.008255710218954881,0.5732899022801303,1,regime_expanding,2025
2025-12-12,2026-01-13,1,0.011704343971631115,0.5732899022801303,1,regime_expanding,2025
2025-12-13,2026-01-14,1,0.08213284102374274,0.5732899022801303,1,regime_expanding,2025
2025-12-14,2026-01-15,1,0.12171059634339465,0.5732899022801303,1,regime_expanding,2025
2025-12-15,2026-01-16,1,0.08810696327243317,0.5732899022801303,1,regime_expanding,2025
2025-12-16,2026-01-17,1,0.10792394950884843,0.5732899022801303,1,regime_expanding,2025
2025-12-17,2026-01-18,1,0.11262586911681627,0.5732899022801303,1,regime_expanding,2025
2025-12-18,2026-01-19,1,0.06281349649607804,0.5732899022801303,1,regime_expanding,2025
2025-12-19,2026-01-20,1,0.04832544164608543,0.5732899022801303,1,regime_expanding,2025
2025-12-20,2026-01-21,0,-0.0026078608942341486,0.5732899022801303,1,regime_expanding,2025
2025-12-21,2026-01-22,1,0.009410207243695234,0.5732899022801303,1,regime_expanding,2025
2025-12-22,2026-01-23,1,0.023702992478796592,0.5732899022801303,1,regime_expanding,2025
2025-12-23,2026-01-24,1,0.022023866013059834,0.5732899022801303,1,regime_expanding,2025
2025-12-24,2026-01-25,1,0.022929937620141505,0.5732899022801303,1,regime_expanding,2025
2025-12-25,2026-01-26,0,-0.008002787240773523,0.5732899022801303,1,regime_expanding,2025
2025-12-26,2026-01-27,1,0.005349295037381907,0.5732899022801303,1,regime_expanding,2025
2025-12-27,2026-01-28,1,0.01474974449337596,0.5732899022801303,1,regime_expanding,2025
2025-12-28,2026-01-29,1,0.02364669722628432,0.5732899022801303,1,regime_expanding,2025
2025-12-29,2026-01-30,0,-0.04334427674590746,0.5732899022801303,1,regime_expanding,2025
2025-12-30,2026-01-31,0,-0.03865121717830866,0.5732899022801303,1,regime_expanding,2025
2025-12-31,2026-02-01,0,-0.11366566841946191,0.5732899022801303,1,regime_expanding,2025
2026-01-01,2026-02-02,0,-0.1447513721296505,0.5704154002026343,1,regime_expanding,2026
2026-01-02,2026-02-03,0,-0.13118913236647245,0.5704154002026343,1,regime_expanding,2026
2026-01-03,2026-02-04,0,-0.17217933755738846,0.5704154002026343,1,regime_expanding,2026
2026-01-04,2026-02-05,0,-0.2204766027936802,0.5704154002026343,1,regime_expanding,2026
2026-01-05,2026-02-06,0,-0.328946856129258,0.5704154002026343,1,regime_expanding,2026
2026-01-06,2026-02-07,0,-0.22748416884695277,0.5704154002026343,1,regime_expanding,2026
2026-01-07,2026-02-08,0,-0.23941416026344686,0.5704154002026343,1,regime_expanding,2026
2026-01-08,2026-02-09,0,-0.22407993621448596,0.5704154002026343,1,regime_expanding,2026
2026-01-09,2026-02-10,0,-0.22503472195366647,0.5704154002026343,1,regime_expanding,2026
2026-01-10,2026-02-11,0,-0.24361595830779692,0.5704154002026343,1,regime_expanding,2026
2026-01-11,2026-02-12,0,-0.26522111544620686,0.5704154002026343,1,regime_expanding,2026
2026-01-12,2026-02-13,0,-0.3054250220538939,0.5704154002026343,1,regime_expanding,2026
2026-01-13,2026-02-14,0,-0.2898122138654906,0.5704154002026343,1,regime_expanding,2026
2026-01-14,2026-02-15,0,-0.269671264447887,0.5704154002026343,1,regime_expanding,2026
2026-01-15,2026-02-16,0,-0.2796241460314258,0.5704154002026343,1,regime_expanding,2026
2026-01-16,2026-02-17,0,-0.2759427782700531,0.4500978473581213,0,regime_expanding,2026
2026-01-17,2026-02-18,0,-0.2793716533896482,0.5704154002026343,1,regime_expanding,2026
2026-01-18,2026-02-19,0,-0.28251873374126746,0.5704154002026343,1,regime_expanding,2026
2026-01-19,2026-02-20,0,-0.2422763420404883,0.4500978473581213,0,regime_expanding,2026
2026-01-20,2026-02-21,0,-0.23961538981784414,0.5704154002026343,1,regime_expanding,2026
2026-01-21,2026-02-22,0,-0.24099851629661917,0.5704154002026343,1,regime_expanding,2026
2026-01-22,2026-02-23,0,-0.24505364158541498,0.4500978473581213,0,regime_expanding,2026
2026-01-23,2026-02-24,0,-0.2753626940508156,0.4500978473581213,0,regime_expanding,2026
2026-01-24,2026-02-25,0,-0.2608989970735093,0.4500978473581213,0,regime_expanding,2026
2026-01-25,2026-02-26,0,-0.23044383583475547,0.5704154002026343,1,regime_expanding,2026
2026-01-26,2026-02-27,0,-0.24386333264575155,0.4500978473581213,0,regime_expanding,2026
2026-01-27,2026-02-28,0,-0.2623506159014558,0.4500978473581213,0,regime_expanding,2026
2026-01-28,2026-03-01,0,-0.20882299572735608,0.5704154002026343,1,regime_expanding,2026
2026-01-29,2026-03-02,0,-0.21936755656565066,0.5704154002026343,1,regime_expanding,2026
2026-01-30,2026-03-03,0,-0.12586870135164496,0.5704154002026343,1,regime_expanding,2026
2026-01-31,2026-03-04,0,-0.11212692719150852,0.5704154002026343,1,regime_expanding,2026
2026-02-01,2026-03-05,0,-0.07711376631029765,0.5704154002026343,1,regime_expanding,2026
2026-02-02,2026-03-06,0,-0.06439456878897398,0.5704154002026343,1,regime_expanding,2026
2026-02-03,2026-03-07,0,-0.06904615596568009,0.5704154002026343,1,regime_expanding,2026
2026-02-04,2026-03-08,1,0.069194865606939,0.5704154002026343,1,regime_expanding,2026
2026-02-05,2026-03-09,0,-0.06530239474889998,0.5704154002026343,1,regime_expanding,2026
2026-02-06,2026-03-10,0,-0.012371450339352053,0.5704154002026343,1,regime_expanding,2026
2026-02-07,2026-03-11,0,-0.005427810854996218,0.5704154002026343,1,regime_expanding,2026
2026-02-08,2026-03-12,1,0.0007679146824830507,0.5704154002026343,1,regime_expanding,2026
2026-02-09,2026-03-13,1,0.024695357204282065,0.5704154002026343,1,regime_expanding,2026
2026-02-10,2026-03-14,1,0.05735458357855361,0.5704154002026343,1,regime_expanding,2026
2026-02-11,2026-03-15,1,0.07453777354808211,0.5704154002026343,1,regime_expanding,2026
2026-02-12,2026-03-16,1,0.05753161364551662,0.5704154002026343,1,regime_expanding,2026
2026-02-13,2026-03-17,1,0.07249379645142406,0.5704154002026343,1,regime_expanding,2026
2026-02-14,2026-03-18,1,0.07375546961112467,0.5704154002026343,1,regime_expanding,2026
2026-02-15,2026-03-19,1,0.03417095318019725,0.5704154002026343,1,regime_expanding,2026
2026-02-16,2026-03-20,1,0.03594612547612308,0.5704154002026343,1,regime_expanding,2026
2026-02-17,2026-03-21,1,0.06093393117768309,0.5704154002026343,1,regime_expanding,2026
2026-02-18,2026-03-22,1,0.028571394458189125,0.5704154002026343,1,regime_expanding,2026
2026-02-19,2026-03-23,0,-0.0023669508967950614,0.5704154002026343,1,regime_expanding,2026
2026-02-20,2026-03-24,1,0.043111142429386407,0.5704154002026343,1,regime_expanding,2026
2026-02-21,2026-03-25,1,0.043069248894829215,0.5704154002026343,1,regime_expanding,2026
2026-02-22,2026-03-26,1,0.10332403747153585,0.5704154002026343,1,regime_expanding,2026
2026-02-23,2026-03-27,1,0.0743412040466358,0.5704154002026343,1,regime_expanding,2026
2026-02-24,2026-03-28,0,-0.023250559951426664,0.5704154002026343,1,regime_expanding,2026
2026-02-25,2026-03-29,0,-0.016420639847053997,0.5704154002026343,1,regime_expanding,2026
2026-02-26,2026-03-30,1,0.0021077211911750826,0.5704154002026343,1,regime_expanding,2026
2026-02-27,2026-03-31,0,-0.0026261227242034835,0.5704154002026343,1,regime_expanding,2026
2026-02-28,2026-04-01,1,0.0381292826858477,0.5704154002026343,1,regime_expanding,2026
2026-03-01,2026-04-02,0,-0.010404465723261036,0.5704154002026343,1,regime_expanding,2026
2026-03-02,2026-04-03,0,-0.021013488686603354,0.5704154002026343,1,regime_expanding,2026
2026-03-03,2026-04-04,0,-0.0784743838208305,0.5704154002026343,1,regime_expanding,2026
2026-03-04,2026-04-05,0,-0.05064957451592611,0.5704154002026343,1,regime_expanding,2026
2026-03-05,2026-04-06,1,0.013509113101825232,0.5704154002026343,1,regime_expanding,2026
2026-03-06,2026-04-07,1,0.023649735047145626,0.5704154002026343,1,regime_expanding,2026
2026-03-07,2026-04-08,1,0.09023664871944126,0.5704154002026343,1,regime_expanding,2026
2026-03-08,2026-04-09,1,0.03854576561663392,0.5704154002026343,1,regime_expanding,2026
2026-03-09,2026-04-10,1,0.026295579156363713,0.5704154002026343,1,regime_expanding,2026
2026-03-10,2026-04-11,1,0.03947537506485799,0.5704154002026343,1,regime_expanding,2026
2026-03-11,2026-04-12,1,0.035466011844969225,0.5704154002026343,1,regime_expanding,2026
2026-03-12,2026-04-13,0,-0.002656844401967451,0.5704154002026343,1,regime_expanding,2026
2026-03-13,2026-04-14,1,0.04502123590212048,0.5704154002026343,1,regime_expanding,2026
2026-03-14,2026-04-15,1,0.018077257167969707,0.5704154002026343,1,regime_expanding,2026
2026-03-15,2026-04-16,0,-0.000997266863831947,0.5704154002026343,1,regime_expanding,2026
2026-03-16,2026-04-17,1,0.016843737133735548,0.5704154002026343,1,regime_expanding,2026
2026-03-17,2026-04-18,1,0.08176480124300745,0.5704154002026343,1,regime_expanding,2026
2026-03-18,2026-04-19,1,0.08239309561088293,0.5704154002026343,1,regime_expanding,2026
2026-03-19,2026-04-20,1,0.04667474014238704,0.5704154002026343,1,regime_expanding,2026
2026-03-20,2026-04-21,1,0.10045036051476752,0.5704154002026343,1,regime_expanding,2026
2026-03-21,2026-04-22,1,0.12492285474292286,0.5704154002026343,1,regime_expanding,2026
2026-03-22,2026-04-23,1,0.10255442205892429,0.5704154002026343,1,regime_expanding,2026
2026-03-23,2026-04-24,1,0.10914251423747734,0.5704154002026343,1,regime_expanding,2026
2026-03-24,2026-04-25,1,0.0855185975544368,0.5704154002026343,1,regime_expanding,2026
2026-03-25,2026-04-26,1,0.1279373777886208,0.5704154002026343,1,regime_expanding,2026
2026-03-26,2026-04-27,1,0.18447179285162707,0.5704154002026343,1,regime_expanding,2026
2026-03-27,2026-04-28,1,0.16563377939118729,0.5704154002026343,1,regime_expanding,2026
2026-03-28,2026-04-29,1,0.1565172616110697,0.5704154002026343,1,regime_expanding,2026
2026-03-29,2026-04-30,1,0.13447563362515114,0.5704154002026343,1,regime_expanding,2026
2026-03-30,2026-05-01,1,0.11806619629142712,0.5704154002026343,1,regime_expanding,2026
2026-03-31,2026-05-02,1,0.14853366242906008,0.5704154002026343,1,regime_expanding,2026
2026-04-01,2026-05-03,1,0.1761509635214138,0.5704154002026343,1,regime_expanding,2026
2026-04-02,2026-05-04,1,0.17329071957606068,0.5704154002026343,1,regime_expanding,2026
2026-04-03,2026-05-05,1,0.18663464507353744,0.5704154002026343,1,regime_expanding,2026
2026-04-04,2026-05-06,1,0.17196336655262656,0.5704154002026343,1,regime_expanding,2026
2026-04-05,2026-05-07,1,0.1829002263641466,0.5704154002026343,1,regime_expanding,2026
2026-04-06,2026-05-08,1,0.11236520882673462,0.5704154002026343,1,regime_expanding,2026
2026-04-07,2026-05-09,1,0.1283700434206141,0.5704154002026343,1,regime_expanding,2026
2026-04-08,2026-05-10,1,0.12384287731734478,0.5704154002026343,1,regime_expanding,2026
2026-04-09,2026-05-11,1,0.12674090641644198,0.4500978473581213,0,regime_expanding,2026
2026-04-10,2026-05-12,1,0.11914188816584614,0.4500978473581213,0,regime_expanding,2026
2026-04-11,2026-05-13,1,0.13800812422004838,0.4500978473581213,0,regime_expanding,2026
2026-04-12,2026-05-14,1,0.0657852938805128,0.4500978473581213,0,regime_expanding,2026
2026-04-13,2026-05-15,1,0.09386624183630321,0.4500978473581213,0,regime_expanding,2026
2026-04-14,2026-05-16,1,0.05752186305599016,0.4500978473581213,0,regime_expanding,2026
2026-04-15,2026-05-17,1,0.03983499010302549,0.4500978473581213,0,regime_expanding,2026
2026-04-16,2026-05-18,1,0.005003891814940431,0.4500978473581213,0,regime_expanding,2026
2026-04-17,2026-05-19,1,0.017308621176202132,0.4500978473581213,0,regime_expanding,2026
2026-04-18,2026-05-20,1,0.04109059670631332,0.4500978473581213,0,regime_expanding,2026
2026-04-19,2026-05-21,1,0.022563925540509455,0.4500978473581213,0,regime_expanding,2026
2026-04-20,2026-05-22,1,0.016759820446776708,0.4500978473581213,0,regime_expanding,2026
2026-04-21,2026-05-23,0,-0.03375262317305261,0.4500978473581213,0,regime_expanding,2026
2026-04-22,2026-05-24,0,-0.019237522087345416,0.4500978473581213,0,regime_expanding,2026
2026-04-23,2026-05-25,0,-0.004806092374549542,0.4500978473581213,0,regime_expanding,2026
2026-04-24,2026-05-26,0,-0.0039032528180354964,0.4500978473581213,0,regime_expanding,2026
2026-04-25,2026-05-27,0,-0.03467613725573715,0.4500978473581213,0,regime_expanding,2026
2026-04-26,2026-05-28,0,-0.03776606111928826,0.4500978473581213,0,regime_expanding,2026
2026-04-27,2026-05-29,0,-0.03569767828732451,0.4500978473581213,0,regime_expanding,2026
2026-04-28,2026-05-30,0,-0.03060464502507254,0.4500978473581213,0,regime_expanding,2026
2026-04-29,2026-05-31,0,-0.03225029857264072,0.4500978473581213,0,regime_expanding,2026
2026-04-30,2026-06-01,0,-0.058247145349939355,0.4500978473581213,0,regime_expanding,2026
2026-05-01,2026-06-02,0,-0.09249246760957741,0.4500978473581213,0,regime_expanding,2026
2026-05-02,2026-06-03,0,-0.15028577581521785,0.4500978473581213,0,regime_expanding,2026
2026-05-03,2026-06-04,0,-0.19682020049583637,0.4500978473581213,0,regime_expanding,2026
2026-05-04,2026-06-05,0,-0.2103631235096044,0.4500978473581213,0,regime_expanding,2026
2026-05-05,2026-06-06,0,-0.2503534506668814,0.4500978473581213,0,regime_expanding,2026
2026-05-06,2026-06-07,0,-0.23899932505062116,0.4500978473581213,0,regime_expanding,2026
2026-05-07,2026-06-08,0,-0.21025690713349932,0.4500978473581213,0,regime_expanding,2026
2026-05-08,2026-06-09,0,-0.21805598300710194,0.4500978473581213,0,regime_expanding,2026
2026-05-09,2026-06-10,0,-0.2491187515106118,0.4500978473581213,0,regime_expanding,2026
2026-05-10,2026-06-11,0,-0.24753204023308395,0.4500978473581213,0,regime_expanding,2026
2026-05-11,2026-06-12,0,-0.20965879285957667,0.4500978473581213,0,regime_expanding,2026
2026-05-12,2026-06-13,0,-0.19837213310552881,0.4500978473581213,0,regime_expanding,2026
2026-05-13,2026-06-14,0,-0.20510531508200758,0.4500978473581213,0,regime_expanding,2026
2026-05-14,2026-06-15,0,-0.1689572662969011,0.4500978473581213,0,regime_expanding,2026
2026-05-15,2026-06-16,0,-0.1512425453994053,0.4500978473581213,0,regime_expanding,2026
2026-05-16,2026-06-17,0,-0.15211727902478855,0.4500978473581213,0,regime_expanding,2026
2026-05-17,2026-06-18,0,-0.16223603891229676,0.4500978473581213,0,regime_expanding,2026
2026-05-18,2026-06-19,0,-0.18060084056143633,0.4500978473581213,0,regime_expanding,2026
2026-05-19,2026-06-20,0,-0.1806310172343185,0.4500978473581213,0,regime_expanding,2026
2026-05-20,2026-06-21,0,-0.17158308029115832,0.4500978473581213,0,regime_expanding,2026
2026-05-21,2026-06-22,0,-0.1618689559766745,0.4500978473581213,0,regime_expanding,2026
2026-05-22,2026-06-23,0,-0.16588479779028553,0.4500978473581213,0,regime_expanding,2026
2026-05-23,2026-06-24,0,-0.18595208509807837,0.4500978473581213,0,regime_expanding,2026
2026-05-24,2026-06-25,0,-0.21008261425175057,0.4500978473581213,0,regime_expanding,2026
2026-05-25,2026-06-26,0,-0.21250319866940615,0.4500978473581213,0,regime_expanding,2026
2026-05-26,2026-06-27,0,-0.19277599752099783,0.4500978473581213,0,regime_expanding,2026
2026-05-27,2026-06-28,0,-0.18458255589158667,0.4500978473581213,0,regime_expanding,2026
2026-05-28,2026-06-29,0,-0.18899567905486436,0.4500978473581213,0,regime_expanding,2026
2026-05-29,2026-06-30,0,-0.1843986509733181,0.4500978473581213,0,regime_expanding,2026
2026-05-30,2026-07-01,0,-0.2042728823407971,0.4500978473581213,0,regime_expanding,2026
2026-05-31,2026-07-02,0,-0.15943250771262396,0.4500978473581213,0,regime_expanding,2026
2026-06-01,2026-07-03,0,-0.07790255485101738,0.4500978473581213,0,regime_expanding,2026
2026-06-02,2026-07-04,0,-0.024312802304235492,0.5704154002026343,1,regime_expanding,2026
2026-06-03,2026-07-05,0,-0.011614126978387485,0.5704154002026343,1,regime_expanding,2026
2026-06-04,2026-07-06,1,0.04247772594779886,0.5704154002026343,1,regime_expanding,2026
2026-06-05,2026-07-07,1,0.05187369158253752,0.5704154002026343,1,regime_expanding,2026
2026-06-06,2026-07-08,1,0.0005051158174198545,0.5704154002026343,1,regime_expanding,2026
2026-06-07,2026-07-09,0,-0.012617537964049075,0.5704154002026343,1,regime_expanding,2026
2026-06-08,2026-07-10,1,0.024299530212214426,0.5704154002026343,1,regime_expanding,2026
2026-06-09,2026-07-11,1,0.04309360002171969,0.5704154002026343,1,regime_expanding,2026
2026-06-10,2026-07-12,1,0.0030335083142112307,0.5704154002026343,1,regime_expanding,2026
2026-06-11,2026-07-13,1,0.003145643284051536,0.5704154002026343,1,regime_expanding,2026
2026-06-12,2026-07-14,0,-0.03294377223249689,0.5704154002026343,1,regime_expanding,2026
2026-06-13,2026-07-15,0,-0.01068437915659326,0.5704154002026343,1,regime_expanding,2026
2026-06-14,2026-07-16,0,-0.023707068760841943,0.5704154002026343,1,regime_expanding,2026
2026-06-15,2026-07-17,0,-0.02809013229078583,0.5704154002026343,1,regime_expanding,2026
2026-06-16,2026-07-18,0,-0.008955749084629594,0.5704154002026343,1,regime_expanding,2026
2026-06-17,2026-07-19,1,0.02980081486057129,0.5704154002026343,1,regime_expanding,2026
2026-06-18,2026-07-20,1,0.018548593964172744,0.5704154002026343,1,regime_expanding,2026
2026-06-19,2026-07-21,1,0.014891596178482125,0.5704154002026343,1,regime_expanding,2026
2026-06-20,2026-07-22,1,0.05124068107151869,0.5704154002026343,1,regime_expanding,2026
2026-06-21,2026-07-23,1,0.03271617733268073,0.5704154002026343,1,regime_expanding,2026
2026-06-22,2026-07-24,1,0.0376891082540296,0.5704154002026343,1,regime_expanding,2026
2026-06-23,2026-07-25,1,0.05013261730901464,0.5704154002026343,1,regime_expanding,2026
2026-06-24,2026-07-26,1,0.07660168202367301,0.5704154002026343,1,regime_expanding,2026
2026-06-25,2026-07-27,1,0.08823578841434898,0.5704154002026343,1,regime_expanding,2026
2026-06-26,2026-07-28,1,0.062084148980634524,0.5704154002026343,1,regime_expanding,2026
2026-06-27,2026-07-29,1,0.07281315393303545,0.5704154002026343,1,regime_expanding,2026
2026-06-28,2026-07-30,1,0.061800159972917434,0.5704154002026343,1,regime_expanding,2026
2026-06-29,2026-07-31,1,0.10499531682118346,0.5704154002026343,1,regime_expanding,2026
2026-06-30,2026-08-01,1,0.0477122484339596,0.5704154002026343,1,regime_expanding,2026
2026-07-01,2026-08-02,1,0.02052712800519818,0.5704154002026343,1,regime_expanding,2026
2026-07-02,2026-08-03,1,0.01576699583882335,0.5704154002026343,1,regime_expanding,2026
2026-07-03,2026-08-04,1,0.005954484043696251,0.5704154002026343,1,regime_expanding,2026
2026-07-04,2026-08-05,1,0.007172661873894537,0.5704154002026343,1,regime_expanding,2026
2026-07-05,2026-08-06,1,0.009717075717803558,0.5704154002026343,1,regime_expanding,2026
2026-07-06,2026-08-07,1,0.01514440376238868,0.5704154002026343,1,regime_expanding,2026
2026-07-07,2026-08-08,1,0.042273070754042186,0.5704154002026343,1,regime_expanding,2026
2026-07-08,2026-08-09,1,0.027401387410819655,0.5704154002026343,1,regime_expanding,2026
2026-07-09,2026-08-10,1,0.011531330519194194,0.5704154002026343,1,regime_expanding,2026
2026-07-10,2026-08-11,1,0.002366066161164193,0.5704154002026343,1,regime_expanding,2026
2026-07-11,2026-08-12,0,-0.002822044528065226,0.5704154002026343,1,regime_expanding,2026
2026-07-12,2026-08-13,1,0.018376174228982523,0.5704154002026343,1,regime_expanding,2026
2026-07-13,2026-08-14,0,-0.023878147696658747,0.5704154002026343,1,regime_expanding,2026
2026-07-14,2026-08-15,0,-0.026448708912865326,0.5704154002026343,1,regime_expanding,2026
2026-07-15,2026-08-16,0,-0.011658901272438404,0.5704154002026343,1,regime_expanding,2026
2026-07-16,2026-08-17,0,-0.01613707259641428,0.5704154002026343,1,regime_expanding,2026
2026-07-17,2026-08-18,0,-0.004659577096720935,0.5704154002026343,1,regime_expanding,2026
2026-07-18,2026-08-19,1,4.434312306900168e-05,0.5704154002026343,1,regime_expanding,2026
2026-07-19,2026-08-20,1,0.06251226907888685,0.5704154002026343,1,regime_expanding,2026
2026-07-20,2026-08-21,1,0.09722422345643511,0.5704154002026343,1,regime_expanding,2026
2026-07-21,2026-08-22,1,0.1848842538323665,0.5704154002026343,1,regime_expanding,2026
2026-07-22,2026-08-23,1,0.1839654016084431,0.5704154002026343,1,regime_expanding,2026
2026-07-23,2026-08-24,1,0.21194262550670406,0.5704154002026343,1,regime_expanding,2026
2026-07-24,2026-08-25,1,0.2270718093869033,0.5704154002026343,1,regime_expanding,2026
2026-07-25,2026-08-26,1,0.20090412844036698,0.5704154002026343,1,regime_expanding,2026
2026-07-26,2026-08-27,1,0.23947430087210808,0.5704154002026343,1,regime_expanding,2026
2026-07-27,2026-08-28,1,0.25556739419541574,0.5704154002026343,1,regime_expanding,2026
2026-07-28,2026-08-29,1,0.21664052222819086,0.5704154002026343,1,regime_expanding,2026
2026-07-29,2026-08-30,1,0.20762525117694453,0.5704154002026343,1,regime_expanding,2026
2026-07-30,2026-08-31,1,0.23524596472325032,0.5704154002026343,1,regime_expanding,2026
2026-07-31,2026-09-01,1,0.2508235354042625,0.5704154002026343,1,regime_expanding,2026
2026-08-01,2026-09-02,1,0.21816891329732346,0.5704154002026343,1,regime_expanding,2026
2026-08-02,2026-09-03,1,0.21756942695214088,0.5704154002026343,1,regime_expanding,2026
2026-08-03,2026-09-04,1,0.26773894399246245,0.5704154002026343,1,regime_expanding,2026
2026-08-04,2026-09-05,1,0.2318947552038777,0.5704154002026343,1,regime_expanding,2026
2026-08-05,2026-09-06,1,0.24109561014998993,0.4500978473581213,0,regime_expanding,2026
2026-08-06,2026-09-07,1,0.23749029622692674,0.4500978473581213,0,regime_expanding,2026
2026-08-07,2026-09-08,1,0.21780840052584094,0.4500978473581213,0,regime_expanding,2026
2026-08-08,2026-09-09,1,0.20884249523008624,0.4500978473581213,0,regime_expanding,2026
2026-08-09,2026-09-10,1,0.22411157978558993,0.4500978473581213,0,regime_expanding,2026
2026-08-10,2026-09-11,1,0.2039106597624747,0.4500978473581213,0,regime_expanding,2026
2026-08-11,2026-09-12,1,0.21653626599500098,0.4500978473581213,0,regime_expanding,2026
2026-08-12,2026-09-13,1,0.21716306882596959,0.4500978473581213,0,regime_expanding,2026
2026-08-13,2026-09-14,1,0.21887168173878502,0.5704154002026343,1,regime_expanding,2026
2026-08-14,2026-09-15,1,0.23940632796399708,0.5704154002026343,1,regime_expanding,2026
2026-08-15,2026-09-16,1,0.2026149443561207,0.5704154002026343,1,regime_expanding,2026
2024-01-01,2024-02-02,0,-0.041470259023367984,0.5495915985997666,1,V1_frozen_probability,2024
2024-01-02,2024-02-03,1,0.008280034907036216,0.5495915985997666,1,V1_frozen_probability,2024
2024-01-03,2024-02-04,0,-0.025820421235257962,0.5495915985997666,1,V1_frozen_probability,2024
2024-01-04,2024-02-05,0,-0.035388736059614456,0.5495915985997666,1,V1_frozen_probability,2024
2024-01-05,2024-02-06,0,-0.028648354087670413,0.5495915985997666,1,V1_frozen_probability,2024
2024-01-06,2024-02-07,0,-0.018895258509126545,0.5495915985997666,1,V1_frozen_probability,2024
2024-01-07,2024-02-08,0,-0.055407505350254294,0.5495915985997666,1,V1_frozen_probability,2024
2024-01-08,2024-02-09,0,-0.017812621990891286,0.5495915985997666,1,V1_frozen_probability,2024
2024-01-09,2024-02-10,1,0.010262356925451188,0.5495915985997666,1,V1_frozen_probability,2024
2024-01-10,2024-02-11,1,0.03046926185109955,0.5495915985997666,1,V1_frozen_probability,2024
2024-01-11,2024-02-12,1,0.12895994973673974,0.5495915985997666,1,V1_frozen_probability,2024
2024-01-12,2024-02-13,1,0.16498533536812343,0.5495915985997666,1,V1_frozen_probability,2024
2024-01-13,2024-02-14,1,0.19091304467637227,0.5495915985997666,1,V1_frozen_probability,2024
2024-01-14,2024-02-15,1,0.21839166711752922,0.5495915985997666,1,V1_frozen_probability,2024
2024-01-15,2024-02-16,1,0.20265385876098851,0.5495915985997666,1,V1_frozen_probability,2024
2024-01-16,2024-02-17,1,0.21853353123205044,0.5495915985997666,1,V1_frozen_probability,2024
2024-01-17,2024-02-18,1,0.24959476145550497,0.5495915985997666,1,V1_frozen_probability,2024
2024-01-18,2024-02-19,1,0.2515337010967371,0.5495915985997666,1,V1_frozen_probability,2024
2024-01-19,2024-02-20,1,0.24171810039560082,0.5495915985997666,1,V1_frozen_probability,2024
2024-01-20,2024-02-21,1,0.2568162053586889,0.5495915985997666,1,V1_frozen_probability,2024
2024-01-21,2024-02-22,1,0.3103860137555532,0.5495915985997666,1,V1_frozen_probability,2024
2024-01-22,2024-02-23,1,0.2855017057421263,0.5495915985997666,1,V1_frozen_probability,2024
2024-01-23,2024-02-24,1,0.26591715731289267,0.5495915985997666,1,V1_frozen_probability,2024
2024-01-24,2024-02-25,1,0.29046054549563105,0.5495915985997666,1,V1_frozen_probability,2024
2024-01-25,2024-02-26,1,0.23683665000857168,0.5495915985997666,1,V1_frozen_probability,2024
2024-01-26,2024-02-27,1,0.29334437780251643,0.5495915985997666,1,V1_frozen_probability,2024
2024-01-27,2024-02-28,1,0.35702891076953813,0.5495915985997666,1,V1_frozen_probability,2024
2024-01-28,2024-02-29,1,0.44175988061717164,0.5495915985997666,1,V1_frozen_probability,2024
2024-01-29,2024-03-01,1,0.42360093244001673,0.5495915985997666,1,V1_frozen_probability,2024
2024-01-30,2024-03-02,1,0.4651925786754345,0.5495915985997666,1,V1_frozen_probability,2024
2024-01-31,2024-03-03,1,0.4387891265570256,0.5495915985997666,1,V1_frozen_probability,2024
2024-02-01,2024-03-04,1,0.4609718659657098,0.5495915985997666,1,V1_frozen_probability,2024
2024-02-02,2024-03-05,1,0.5866999448979451,0.5495915985997666,1,V1_frozen_probability,2024
2024-02-03,2024-03-06,1,0.496470177686432,0.5495915985997666,1,V1_frozen_probability,2024
2024-02-04,2024-03-07,1,0.547086190869776,0.5495915985997666,1,V1_frozen_probability,2024
2024-02-05,2024-03-08,1,0.550459222217891,0.5495915985997666,1,V1_frozen_probability,2024
2024-02-06,2024-03-09,1,0.5360724786694806,0.4691011235955056,0,V1_frozen_probability,2024
2024-02-07,2024-03-10,1,0.508397024773972,0.5495915985997666,1,V1_frozen_probability,2024
2024-02-08,2024-03-11,1,0.4630132150066262,0.5495915985997666,1,V1_frozen_probability,2024
2024-02-09,2024-03-12,1,0.509454864685783,0.5495915985997666,1,V1_frozen_probability,2024
2024-02-10,2024-03-13,1,0.4793374741200829,0.5495915985997666,1,V1_frozen_probability,2024
2024-02-11,2024-03-14,1,0.4638698262405323,0.5495915985997666,1,V1_frozen_probability,2024
2024-02-12,2024-03-15,1,0.43640874373234406,0.5495915985997666,1,V1_frozen_probability,2024
2024-02-13,2024-03-16,1,0.34182086862539496,0.5495915985997666,1,V1_frozen_probability,2024
2024-02-14,2024-03-17,1,0.2586859563057138,0.5495915985997666,1,V1_frozen_probability,2024
2024-02-15,2024-03-18,1,0.31212759548845925,0.5495915985997666,1,V1_frozen_probability,2024
2024-02-16,2024-03-19,1,0.3091894604923373,0.5495915985997666,1,V1_frozen_probability,2024
2024-02-17,2024-03-20,1,0.18795868937781668,0.5495915985997666,1,V1_frozen_probability,2024
2024-02-18,2024-03-21,1,0.3103013168197464,0.5495915985997666,1,V1_frozen_probability,2024
2024-02-19,2024-03-22,1,0.2534014353940637,0.5495915985997666,1,V1_frozen_probability,2024
2024-02-20,2024-03-23,1,0.230422427423433,0.5495915985997666,1,V1_frozen_probability,2024
2024-02-21,2024-03-24,1,0.24765044429132343,0.5495915985997666,1,V1_frozen_probability,2024
2024-02-22,2024-03-25,1,0.32448765030057647,0.5495915985997666,1,V1_frozen_probability,2024
2024-02-23,2024-03-26,1,0.35509842207049647,0.5495915985997666,1,V1_frozen_probability,2024
2024-02-24,2024-03-27,1,0.35297788371479366,0.5495915985997666,1,V1_frozen_probability,2024
2024-02-25,2024-03-28,1,0.2752290529784598,0.5495915985997666,1,V1_frozen_probability,2024
2024-02-26,2024-03-29,1,0.2409517623101356,0.5495915985997666,1,V1_frozen_probability,2024
2024-02-27,2024-03-30,1,0.11882379115490416,0.5495915985997666,1,V1_frozen_probability,2024
2024-02-28,2024-03-31,1,0.13824706584990687,0.5495915985997666,1,V1_frozen_probability,2024
2024-02-29,2024-04-01,1,0.14252924044566329,0.5495915985997666,1,V1_frozen_probability,2024
2024-03-01,2024-04-02,1,0.12361455446988479,0.5495915985997666,1,V1_frozen_probability,2024
2024-03-02,2024-04-03,1,0.03723454569566775,0.5495915985997666,1,V1_frozen_probability,2024
2024-03-03,2024-04-04,0,-0.03344444654469858,0.5495915985997666,1,V1_frozen_probability,2024
2024-03-04,2024-04-05,1,0.07475659488472242,0.5495915985997666,1,V1_frozen_probability,2024
2024-03-05,2024-04-06,1,0.026433830896370303,0.5495915985997666,1,V1_frozen_probability,2024
2024-03-06,2024-04-07,1,0.03101947557718754,0.5495915985997666,1,V1_frozen_probability,2024
2024-03-07,2024-04-08,1,0.018145974558233524,0.5495915985997666,1,V1_frozen_probability,2024
2024-03-08,2024-04-09,1,0.04840522955419502,0.5495915985997666,1,V1_frozen_probability,2024
2024-03-09,2024-04-10,1,0.002757125280686612,0.5495915985997666,1,V1_frozen_probability,2024
2024-03-10,2024-04-11,0,-0.020075723416682845,0.5495915985997666,1,V1_frozen_probability,2024
2024-03-11,2024-04-12,0,-0.0202342831551251,0.5495915985997666,1,V1_frozen_probability,2024
2024-03-12,2024-04-13,0,-0.08150656061659378,0.5495915985997666,1,V1_frozen_probability,2024
2024-03-13,2024-04-14,0,-0.10455989401159349,0.5495915985997666,1,V1_frozen_probability,2024
2024-03-14,2024-04-15,0,-0.055223004829939026,0.5495915985997666,1,V1_frozen_probability,2024
2024-03-15,2024-04-16,0,-0.028799870874159916,0.5495915985997666,1,V1_frozen_probability,2024
2024-03-16,2024-04-17,0,-0.06725890644238408,0.5495915985997666,1,V1_frozen_probability,2024
2024-03-17,2024-04-18,0,-0.09366395503623726,0.5495915985997666,1,V1_frozen_probability,2024
2024-03-18,2024-04-19,1,0.02474562627013288,0.5495915985997666,1,V1_frozen_probability,2024
2024-03-19,2024-04-20,0,-0.059293481136860504,0.5495915985997666,1,V1_frozen_probability,2024
2024-03-20,2024-04-21,0,-0.008560138061424083,0.5495915985997666,1,V1_frozen_probability,2024
2024-03-21,2024-04-22,1,0.017939973014252875,0.5495915985997666,1,V1_frozen_probability,2024
2024-03-22,2024-04-23,1,0.04421470723090892,0.5495915985997666,1,V1_frozen_probability,2024
2024-03-23,2024-04-24,0,-0.011843475673262938,0.5495915985997666,1,V1_frozen_probability,2024
2024-03-24,2024-04-25,0,-0.08000028620492272,0.5495915985997666,1,V1_frozen_probability,2024
2024-03-25,2024-04-26,0,-0.07843717186334398,0.5495915985997666,1,V1_frozen_probability,2024
2024-03-26,2024-04-27,0,-0.08204967353529202,0.5495915985997666,1,V1_frozen_probability,2024
2024-03-27,2024-04-28,0,-0.10339867138735759,0.5495915985997666,1,V1_frozen_probability,2024
2024-03-28,2024-04-29,0,-0.09637593301010028,0.5495915985997666,1,V1_frozen_probability,2024
2024-03-29,2024-04-30,0,-0.08214992432687851,0.5495915985997666,1,V1_frozen_probability,2024
2024-03-30,2024-05-01,0,-0.1488214085297418,0.5495915985997666,1,V1_frozen_probability,2024
2024-03-31,2024-05-02,0,-0.16202255253819065,0.5495915985997666,1,V1_frozen_probability,2024
2024-04-01,2024-05-03,0,-0.09781545548934611,0.5495915985997666,1,V1_frozen_probability,2024
2024-04-02,2024-05-04,0,-0.04671175337426425,0.5495915985997666,1,V1_frozen_probability,2024
2024-04-03,2024-05-05,0,-0.06710348412417988,0.5495915985997666,1,V1_frozen_probability,2024
2024-04-04,2024-05-06,0,-0.056157396355651756,0.5495915985997666,1,V1_frozen_probability,2024
2024-04-05,2024-05-07,0,-0.08318073618207156,0.5495915985997666,1,V1_frozen_probability,2024
2024-04-06,2024-05-08,0,-0.1016186762529272,0.5495915985997666,1,V1_frozen_probability,2024
2024-04-07,2024-05-09,0,-0.1455874057525831,0.5495915985997666,1,V1_frozen_probability,2024
2024-04-08,2024-05-10,0,-0.08781419026407888,0.5495915985997666,1,V1_frozen_probability,2024
2024-04-09,2024-05-11,0,-0.13918929173955719,0.5495915985997666,1,V1_frozen_probability,2024
2024-04-10,2024-05-12,0,-0.13113449062097626,0.5495915985997666,1,V1_frozen_probability,2024
2024-04-11,2024-05-13,0,-0.08392151440509732,0.5495915985997666,1,V1_frozen_probability,2024
2024-04-12,2024-05-14,0,-0.015399880984636294,0.5495915985997666,1,V1_frozen_probability,2024
2024-04-13,2024-05-15,0,-0.06220293823582501,0.5495915985997666,1,V1_frozen_probability,2024
2024-04-14,2024-05-16,1,0.043937566057641986,0.5495915985997666,1,V1_frozen_probability,2024
2024-04-15,2024-05-17,1,0.022601240880718132,0.5495915985997666,1,V1_frozen_probability,2024
2024-04-16,2024-05-18,1,0.09378044557388066,0.5495915985997666,1,V1_frozen_probability,2024
2024-04-17,2024-05-19,1,0.054279267604630865,0.5495915985997666,1,V1_frozen_probability,2024
2024-04-18,2024-05-20,1,0.03848427740068994,0.5495915985997666,1,V1_frozen_probability,2024
2024-04-19,2024-05-21,1,0.10018450712944049,0.5495915985997666,1,V1_frozen_probability,2024
2024-04-20,2024-05-22,1,0.08018321203120049,0.5495915985997666,1,V1_frozen_probability,2024
2024-04-21,2024-05-23,1,0.03512906147503436,0.5495915985997666,1,V1_frozen_probability,2024
2024-04-22,2024-05-24,1,0.023423675731020666,0.5495915985997666,1,V1_frozen_probability,2024
2024-04-23,2024-05-25,1,0.06626905946500194,0.5495915985997666,1,V1_frozen_probability,2024
2024-04-24,2024-05-26,1,0.07430006327295602,0.5495915985997666,1,V1_frozen_probability,2024
2024-04-25,2024-05-27,1,0.07429308452250272,0.5495915985997666,1,V1_frozen_probability,2024
2024-04-26,2024-05-28,1,0.09414219348340525,0.5495915985997666,1,V1_frozen_probability,2024
2024-04-27,2024-05-29,1,0.0836485335072279,0.5495915985997666,1,V1_frozen_probability,2024
2024-04-28,2024-05-30,1,0.05928678796229603,0.5495915985997666,1,V1_frozen_probability,2024
2024-04-29,2024-05-31,1,0.12658489474800638,0.5495915985997666,1,V1_frozen_probability,2024
2024-04-30,2024-06-01,1,0.1572011430829141,0.5495915985997666,1,V1_frozen_probability,2024
2024-05-01,2024-06-02,1,0.14741198023724777,0.4691011235955056,0,V1_frozen_probability,2024
2024-05-02,2024-06-03,1,0.07766307088466151,0.4691011235955056,0,V1_frozen_probability,2024
2024-05-03,2024-06-04,1,0.07697141568361499,0.5495915985997666,1,V1_frozen_probability,2024
2024-05-04,2024-06-05,1,0.10194697869149527,0.5495915985997666,1,V1_frozen_probability,2024
2024-05-05,2024-06-06,1,0.1257468117719287,0.5495915985997666,1,V1_frozen_probability,2024
2024-05-06,2024-06-07,1,0.13620138120913006,0.4691011235955056,0,V1_frozen_probability,2024
2024-05-07,2024-06-08,1,0.13339051849532546,0.4691011235955056,0,V1_frozen_probability,2024
2024-05-08,2024-06-09,1,0.09887528934267698,0.4691011235955056,0,V1_frozen_probability,2024
2024-05-09,2024-06-10,1,0.14552897130410702,0.4691011235955056,0,V1_frozen_probability,2024
2024-05-10,2024-06-11,1,0.14326129340434912,0.4691011235955056,0,V1_frozen_probability,2024
2024-05-11,2024-06-12,1,0.09482515776462153,0.4691011235955056,0,V1_frozen_probability,2024
2024-05-12,2024-06-13,1,0.08458662833179931,0.4691011235955056,0,V1_frozen_probability,2024
2024-05-13,2024-06-14,1,0.08437368915166887,0.4691011235955056,0,V1_frozen_probability,2024
2024-05-14,2024-06-15,0,-0.002454743498788714,0.4691011235955056,0,V1_frozen_probability,2024
2024-05-15,2024-06-16,1,0.015222454254381956,0.4691011235955056,0,V1_frozen_probability,2024
2024-05-16,2024-06-17,0,-0.005179338744330408,0.4691011235955056,0,V1_frozen_probability,2024
2024-05-17,2024-06-18,0,-0.0061401594854382235,0.4691011235955056,0,V1_frozen_probability,2024
2024-05-18,2024-06-19,0,-0.01657784349820446,0.5495915985997666,1,V1_frozen_probability,2024
2024-05-19,2024-06-20,0,-0.0905886100700074,0.4691011235955056,0,V1_frozen_probability,2024
2024-05-20,2024-06-21,0,-0.0752455439430213,0.5495915985997666,1,V1_frozen_probability,2024
2024-05-21,2024-06-22,0,-0.07262260321525038,0.5495915985997666,1,V1_frozen_probability,2024
2024-05-22,2024-06-23,0,-0.05454860300904851,0.5495915985997666,1,V1_frozen_probability,2024
2024-05-23,2024-06-24,0,-0.07789906315084805,0.5495915985997666,1,V1_frozen_probability,2024
2024-05-24,2024-06-25,0,-0.12984827947703115,0.5495915985997666,1,V1_frozen_probability,2024
2024-05-25,2024-06-26,0,-0.09782349917899702,0.5495915985997666,1,V1_frozen_probability,2024
2024-05-26,2024-06-27,0,-0.12344312632432275,0.5495915985997666,1,V1_frozen_probability,2024
2024-05-27,2024-06-28,0,-0.09783766871739685,0.4691011235955056,0,V1_frozen_probability,2024
2024-05-28,2024-06-29,0,-0.10678954378713201,0.4691011235955056,0,V1_frozen_probability,2024
2024-05-29,2024-06-30,0,-0.10775795413664258,0.4691011235955056,0,V1_frozen_probability,2024
2024-05-30,2024-07-01,0,-0.07059519239040668,0.4691011235955056,0,V1_frozen_probability,2024
2024-05-31,2024-07-02,0,-0.07181742574982097,0.4691011235955056,0,V1_frozen_probability,2024
2024-06-01,2024-07-03,0,-0.08308283758047219,0.4691011235955056,0,V1_frozen_probability,2024
2024-06-02,2024-07-04,0,-0.12500121712155043,0.4691011235955056,0,V1_frozen_probability,2024
2024-06-03,2024-07-05,0,-0.19121384936281716,0.4691011235955056,0,V1_frozen_probability,2024
2024-06-04,2024-07-06,0,-0.20362279912246162,0.5495915985997666,1,V1_frozen_probability,2024
2024-06-05,2024-07-07,0,-0.17752961691864266,0.5495915985997666,1,V1_frozen_probability,2024
2024-06-06,2024-07-08,0,-0.19461716141162366,0.5495915985997666,1,V1_frozen_probability,2024
2024-06-07,2024-07-09,0,-0.181730867173584,0.5495915985997666,1,V1_frozen_probability,2024
2024-06-08,2024-07-10,0,-0.16652488257046305,0.5495915985997666,1,V1_frozen_probability,2024
2024-06-09,2024-07-11,0,-0.16988999137187233,0.5495915985997666,1,V1_frozen_probability,2024
2024-06-10,2024-07-12,0,-0.14817580175840972,0.4691011235955056,0,V1_frozen_probability,2024
2024-06-11,2024-07-13,0,-0.15198190905364728,0.4691011235955056,0,V1_frozen_probability,2024
2024-06-12,2024-07-14,0,-0.113354183074868,0.4691011235955056,0,V1_frozen_probability,2024
2024-06-13,2024-07-15,0,-0.07943311722989477,0.4691011235955056,0,V1_frozen_probability,2024
2024-06-14,2024-07-16,0,-0.02271221117876443,0.4691011235955056,0,V1_frozen_probability,2024
2024-06-15,2024-07-17,0,-0.024489155608107493,0.5495915985997666,1,V1_frozen_probability,2024
2024-06-16,2024-07-18,0,-0.03633357406953808,0.5495915985997666,1,V1_frozen_probability,2024
2024-06-17,2024-07-19,0,-0.01821855266686845,0.5495915985997666,1,V1_frozen_probability,2024
2024-06-18,2024-07-20,1,0.025943152661580093,0.5495915985997666,1,V1_frozen_probability,2024
2024-06-19,2024-07-21,1,0.03499276013453989,0.5495915985997666,1,V1_frozen_probability,2024
2024-06-20,2024-07-22,1,0.06269982520458806,0.5495915985997666,1,V1_frozen_probability,2024
2024-06-21,2024-07-23,1,0.050885274207887354,0.5495915985997666,1,V1_frozen_probability,2024
2024-06-22,2024-07-24,1,0.04312592261890158,0.4691011235955056,0,V1_frozen_probability,2024
2024-06-23,2024-07-25,1,0.08429974806487617,0.4691011235955056,0,V1_frozen_probability,2024
2024-06-24,2024-07-26,1,0.06462057654263709,0.4691011235955056,0,V1_frozen_probability,2024
2024-06-25,2024-07-27,1,0.11571547382419234,0.4691011235955056,0,V1_frozen_probability,2024
2024-06-26,2024-07-28,1,0.10031413242632947,0.4691011235955056,0,V1_frozen_probability,2024
2024-06-27,2024-07-29,1,0.12944430911315075,0.4691011235955056,0,V1_frozen_probability,2024
2024-06-28,2024-07-30,1,0.09506993986227807,0.4691011235955056,0,V1_frozen_probability,2024
2024-06-29,2024-07-31,1,0.05441899980580511,0.4691011235955056,0,V1_frozen_probability,2024
2024-06-30,2024-08-01,1,0.027472337042925288,0.4691011235955056,0,V1_frozen_probability,2024
2024-07-01,2024-08-02,1,0.051799085417569835,0.4691011235955056,0,V1_frozen_probability,2024
2024-07-02,2024-08-03,1,0.021421701262793524,0.5495915985997666,1,V1_frozen_probability,2024
2024-07-03,2024-08-04,1,0.06394336058076755,0.5495915985997666,1,V1_frozen_probability,2024
2024-07-04,2024-08-05,1,0.027057085274115877,0.5580046403712297,1,V1_frozen_probability,2024
2024-07-05,2024-08-06,0,-0.07232183750920695,0.5580046403712297,1,V1_frozen_probability,2024
2024-07-06,2024-08-07,1,0.0029394278078571645,0.5580046403712297,1,V1_frozen_probability,2024
2024-07-07,2024-08-08,0,-0.027873770092045058,0.5580046403712297,1,V1_frozen_probability,2024
2024-07-08,2024-08-09,1,0.06263565891472878,0.5580046403712297,1,V1_frozen_probability,2024
2024-07-09,2024-08-10,1,0.053912415321731855,0.5580046403712297,1,V1_frozen_probability,2024
2024-07-10,2024-08-11,1,0.06249785271649455,0.5580046403712297,1,V1_frozen_probability,2024
2024-07-11,2024-08-12,1,0.014225478410526016,0.5580046403712297,1,V1_frozen_probability,2024
2024-07-12,2024-08-13,1,0.002409127354717988,0.5580046403712297,1,V1_frozen_probability,2024
2024-07-13,2024-08-14,0,-0.0034664020523074157,0.4691011235955056,0,V1_frozen_probability,2024
2024-07-14,2024-08-15,0,-0.09332959026365151,0.4691011235955056,0,V1_frozen_probability,2024
2024-07-15,2024-08-16,0,-0.11535191562634517,0.5495915985997666,1,V1_frozen_probability,2024
2024-07-16,2024-08-17,0,-0.08134753485013346,0.5495915985997666,1,V1_frozen_probability,2024
2024-07-17,2024-08-18,0,-0.07026216823425424,0.4691011235955056,0,V1_frozen_probability,2024
2024-07-18,2024-08-19,0,-0.12350223169783503,0.4691011235955056,0,V1_frozen_probability,2024
2024-07-19,2024-08-20,0,-0.11470767711096685,0.4691011235955056,0,V1_frozen_probability,2024
2024-07-20,2024-08-21,0,-0.13425516042974917,0.5495915985997666,1,V1_frozen_probability,2024
2024-07-21,2024-08-22,0,-0.09441405555884619,0.5495915985997666,1,V1_frozen_probability,2024
2024-07-22,2024-08-23,0,-0.08432677141470513,0.4691011235955056,0,V1_frozen_probability,2024
2024-07-23,2024-08-24,0,-0.02047800102820596,0.4691011235955056,0,V1_frozen_probability,2024
2024-07-24,2024-08-25,0,-0.024968560006504603,0.4691011235955056,0,V1_frozen_probability,2024
2024-07-25,2024-08-26,0,-0.054308917947811786,0.4691011235955056,0,V1_frozen_probability,2024
2024-07-26,2024-08-27,0,-0.07456188088662619,0.4691011235955056,0,V1_frozen_probability,2024
2024-07-27,2024-08-28,0,-0.12944901881146176,0.4691011235955056,0,V1_frozen_probability,2024
2024-07-28,2024-08-29,0,-0.11604128371955957,0.4691011235955056,0,V1_frozen_probability,2024
2024-07-29,2024-08-30,0,-0.10317580226022849,0.4691011235955056,0,V1_frozen_probability,2024
2024-07-30,2024-08-31,0,-0.08516462134606961,0.4691011235955056,0,V1_frozen_probability,2024
2024-07-31,2024-09-01,0,-0.09762245688941551,0.4691011235955056,0,V1_frozen_probability,2024
2024-08-01,2024-09-02,0,-0.06823875246063549,0.4691011235955056,0,V1_frozen_probability,2024
2024-08-02,2024-09-03,0,-0.02579772410915082,0.4691011235955056,0,V1_frozen_probability,2024
2024-08-03,2024-09-04,0,-0.011575798215298971,0.5580046403712297,1,V1_frozen_probability,2024
2024-08-04,2024-09-05,1,0.07316116864455768,0.5580046403712297,1,V1_frozen_probability,2024
2024-08-05,2024-09-06,1,0.0028203205883403637,0.5580046403712297,1,V1_frozen_probability,2024
2024-08-06,2024-09-07,0,-0.02123544630368035,0.5580046403712297,1,V1_frozen_probability,2024
2024-08-07,2024-09-08,0,-0.12199105145413869,0.5580046403712297,1,V1_frozen_probability,2024
2024-08-08,2024-09-09,0,-0.0980972579797591,0.5580046403712297,1,V1_frozen_probability,2024
2024-08-09,2024-09-10,0,-0.06371103700361325,0.5580046403712297,1,V1_frozen_probability,2024
2024-08-10,2024-09-11,0,-0.0183367826219214,0.5580046403712297,1,V1_frozen_probability,2024
2024-08-11,2024-09-12,0,-0.033845892539156375,0.5580046403712297,1,V1_frozen_probability,2024
2024-08-12,2024-09-13,0,-0.04051766083770891,0.5580046403712297,1,V1_frozen_probability,2024
2024-08-13,2024-09-14,1,0.030921867329068764,0.5580046403712297,1,V1_frozen_probability,2024
2024-08-14,2024-09-15,1,0.042612534877274566,0.5580046403712297,1,V1_frozen_probability,2024
2024-08-15,2024-09-16,1,0.004372174821090091,0.5580046403712297,1,V1_frozen_probability,2024
2024-08-16,2024-09-17,0,-0.021481883527513568,0.5580046403712297,1,V1_frozen_probability,2024
2024-08-17,2024-09-18,1,0.032290357170058126,0.5580046403712297,1,V1_frozen_probability,2024
2024-08-18,2024-09-19,1,0.039056840263465675,0.5580046403712297,1,V1_frozen_probability,2024
2024-08-19,2024-09-20,1,0.06666576292324833,0.5580046403712297,1,V1_frozen_probability,2024
2024-08-20,2024-09-21,1,0.033439384472798483,0.5580046403712297,1,V1_frozen_probability,2024
2024-08-21,2024-09-22,1,0.049243877889546095,0.5580046403712297,1,V1_frozen_probability,2024
2024-08-22,2024-09-23,0,-0.007159584017049969,0.5580046403712297,1,V1_frozen_probability,2024
2024-08-23,2024-09-24,0,-0.012734849592452968,0.4691011235955056,0,V1_frozen_probability,2024
2024-08-24,2024-09-25,1,0.0006650577180096207,0.4691011235955056,0,V1_frozen_probability,2024
2024-08-25,2024-09-26,1,0.005061113409937423,0.5495915985997666,1,V1_frozen_probability,2024
2024-08-26,2024-09-27,1,0.0969282167802743,0.4691011235955056,0,V1_frozen_probability,2024
2024-08-27,2024-09-28,1,0.11408590511714256,0.5580046403712297,1,V1_frozen_probability,2024
2024-08-28,2024-09-29,1,0.109486345794235,0.5580046403712297,1,V1_frozen_probability,2024
2024-08-29,2024-09-30,1,0.10956669196378654,0.5580046403712297,1,V1_frozen_probability,2024
2024-08-30,2024-10-01,1,0.07382236239698847,0.5580046403712297,1,V1_frozen_probability,2024
2024-08-31,2024-10-02,1,0.06113510978805725,0.5580046403712297,1,V1_frozen_probability,2024
2024-09-01,2024-10-03,1,0.025656952600380256,0.5580046403712297,1,V1_frozen_probability,2024
2024-09-02,2024-10-04,1,0.056794370417066364,0.5580046403712297,1,V1_frozen_probability,2024
2024-09-03,2024-10-05,1,0.07098561519658997,0.5580046403712297,1,V1_frozen_probability,2024
2024-09-04,2024-10-06,1,0.10462815948736215,0.5580046403712297,1,V1_frozen_probability,2024
2024-09-05,2024-10-07,1,0.1641299580063884,0.5580046403712297,1,V1_frozen_probability,2024
2024-09-06,2024-10-08,1,0.14887411315108356,0.5580046403712297,1,V1_frozen_probability,2024
2024-09-07,2024-10-09,1,0.13286963082707381,0.5580046403712297,1,V1_frozen_probability,2024
2024-09-08,2024-10-10,1,0.06300619490792836,0.5580046403712297,1,V1_frozen_probability,2024
2024-09-09,2024-10-11,1,0.04667934046070865,0.4691011235955056,0,V1_frozen_probability,2024
2024-09-10,2024-10-12,1,0.09072499912797793,0.5580046403712297,1,V1_frozen_probability,2024
2024-09-11,2024-10-13,1,0.08728227039317726,0.5580046403712297,1,V1_frozen_probability,2024
2024-09-12,2024-10-14,1,0.039208410064532684,0.4691011235955056,0,V1_frozen_probability,2024
2024-09-13,2024-10-15,1,0.10152814444080338,0.4691011235955056,0,V1_frozen_probability,2024
2024-09-14,2024-10-16,1,0.13431204762226878,0.4691011235955056,0,V1_frozen_probability,2024
2024-09-15,2024-10-17,1,0.16157645267056941,0.5580046403712297,1,V1_frozen_probability,2024
2024-09-16,2024-10-18,1,0.11784645651862857,0.5580046403712297,1,V1_frozen_probability,2024
2024-09-17,2024-10-19,1,0.10796651812387248,0.5580046403712297,1,V1_frozen_probability,2024
2024-09-18,2024-10-20,1,0.08626151744296884,0.5580046403712297,1,V1_frozen_probability,2024
2024-09-19,2024-10-21,1,0.09226033428242086,0.5580046403712297,1,V1_frozen_probability,2024
2024-09-20,2024-10-22,1,0.0635926677260894,0.5580046403712297,1,V1_frozen_probability,2024
2024-09-21,2024-10-23,1,0.06051156077910291,0.5580046403712297,1,V1_frozen_probability,2024
2024-09-22,2024-10-24,1,0.05255226595394147,0.5580046403712297,1,V1_frozen_probability,2024
2024-09-23,2024-10-25,1,0.06124190237882954,0.5580046403712297,1,V1_frozen_probability,2024
2024-09-24,2024-10-26,1,0.05615514058855764,0.4691011235955056,0,V1_frozen_probability,2024
2024-09-25,2024-10-27,1,0.02944073241487888,0.5580046403712297,1,V1_frozen_probability,2024
2024-09-26,2024-10-28,1,0.03423660805580675,0.4691011235955056,0,V1_frozen_probability,2024
2024-09-27,2024-10-29,1,0.062319080445807806,0.4691011235955056,0,V1_frozen_probability,2024
2024-09-28,2024-10-30,1,0.10875276534972045,0.4691011235955056,0,V1_frozen_probability,2024
2024-09-29,2024-10-31,1,0.14238894257795964,0.4691011235955056,0,V1_frozen_probability,2024
2024-09-30,2024-11-01,1,0.15602503876331064,0.5580046403712297,1,V1_frozen_probability,2024
2024-10-01,2024-11-02,1,0.1458670483585376,0.5580046403712297,1,V1_frozen_probability,2024
2024-10-02,2024-11-03,1,0.14191990087028206,0.5580046403712297,1,V1_frozen_probability,2024
2024-10-03,2024-11-04,1,0.1077535998453758,0.5580046403712297,1,V1_frozen_probability,2024
2024-10-04,2024-11-05,1,0.09333202917721639,0.4691011235955056,0,V1_frozen_probability,2024
2024-10-05,2024-11-06,1,0.10429973554562544,0.4691011235955056,0,V1_frozen_probability,2024
2024-10-06,2024-11-07,1,0.2145149436688507,0.4691011235955056,0,V1_frozen_probability,2024
2024-10-07,2024-11-08,1,0.22035520949799303,0.4691011235955056,0,V1_frozen_probability,2024
2024-10-08,2024-11-09,1,0.2617878386127319,0.4691011235955056,0,V1_frozen_probability,2024
2024-10-09,2024-11-10,1,0.2710431917037981,0.4691011235955056,0,V1_frozen_probability,2024
2024-10-10,2024-11-11,1,0.2850979029577714,0.5580046403712297,1,V1_frozen_probability,2024
2024-10-11,2024-11-12,1,0.40251997311024557,0.4691011235955056,0,V1_frozen_probability,2024
2024-10-12,2024-11-13,1,0.39894976969945306,0.4691011235955056,0,V1_frozen_probability,2024
2024-10-13,2024-11-14,1,0.3675808062465953,0.4691011235955056,0,V1_frozen_probability,2024
2024-10-14,2024-11-15,1,0.3019263459807311,0.5495915985997666,1,V1_frozen_probability,2024
2024-10-15,2024-11-16,1,0.34623010943507837,0.5495915985997666,1,V1_frozen_probability,2024
2024-10-16,2024-11-17,1,0.3436011330463242,0.5495915985997666,1,V1_frozen_probability,2024
2024-10-17,2024-11-18,1,0.31314656473177105,0.5495915985997666,1,V1_frozen_probability,2024
2024-10-18,2024-11-19,1,0.3229998424931766,0.5495915985997666,1,V1_frozen_probability,2024
2024-10-19,2024-11-20,1,0.33721752230849456,0.5495915985997666,1,V1_frozen_probability,2024
2024-10-20,2024-11-21,1,0.3993775370116137,0.5495915985997666,1,V1_frozen_probability,2024
2024-10-21,2024-11-22,1,0.4581482724545023,0.5495915985997666,1,V1_frozen_probability,2024
2024-10-22,2024-11-23,1,0.483335870757845,0.5495915985997666,1,V1_frozen_probability,2024
2024-10-23,2024-11-24,1,0.4321829571336633,0.5495915985997666,1,V1_frozen_probability,2024
2024-10-24,2024-11-25,1,0.4678038367383166,0.5495915985997666,1,V1_frozen_probability,2024
2024-10-25,2024-11-26,1,0.386289817261952,0.5495915985997666,1,V1_frozen_probability,2024
2024-10-26,2024-11-27,1,0.3519975760672809,0.5495915985997666,1,V1_frozen_probability,2024
2024-10-27,2024-11-28,1,0.3702127191236524,0.5495915985997666,1,V1_frozen_probability,2024
2024-10-28,2024-11-29,1,0.3149396567688727,0.5495915985997666,1,V1_frozen_probability,2024
2024-10-29,2024-11-30,1,0.34716064399973745,0.5495915985997666,1,V1_frozen_probability,2024
2024-10-30,2024-12-01,1,0.37153554152171786,0.5495915985997666,1,V1_frozen_probability,2024
2024-10-31,2024-12-02,1,0.39842825486358935,0.5495915985997666,1,V1_frozen_probability,2024
2024-11-01,2024-12-03,1,0.38149144775173194,0.5495915985997666,1,V1_frozen_probability,2024
2024-11-02,2024-12-04,1,0.39365045853938274,0.5495915985997666,1,V1_frozen_probability,2024
2024-11-03,2024-12-05,1,0.4530185036081795,0.5495915985997666,1,V1_frozen_probability,2024
2024-11-04,2024-12-06,1,0.39747471638777676,0.5495915985997666,1,V1_frozen_probability,2024
2024-11-05,2024-12-07,1,0.3198122743624985,0.5495915985997666,1,V1_frozen_probability,2024
2024-11-06,2024-12-08,1,0.3160396367470808,0.5495915985997666,1,V1_frozen_probability,2024
2024-11-07,2024-12-09,1,0.32152516972340006,0.5495915985997666,1,V1_frozen_probability,2024
2024-11-08,2024-12-10,1,0.2686450490144039,0.5495915985997666,1,V1_frozen_probability,2024
2024-11-09,2024-12-11,1,0.2018537760540282,0.5495915985997666,1,V1_frozen_probability,2024
2024-11-10,2024-12-12,1,0.14074767620250883,0.5495915985997666,1,V1_frozen_probability,2024
2024-11-11,2024-12-13,1,0.137032585955976,0.5495915985997666,1,V1_frozen_probability,2024
2024-11-12,2024-12-14,1,0.12225730927762157,0.5495915985997666,1,V1_frozen_probability,2024
2024-11-13,2024-12-15,1,0.1614006844958047,0.5495915985997666,1,V1_frozen_probability,2024
2024-11-14,2024-12-16,1,0.14755139067458423,0.5495915985997666,1,V1_frozen_probability,2024
2024-11-15,2024-12-17,1,0.1707806046674183,0.5495915985997666,1,V1_frozen_probability,2024
2024-11-16,2024-12-18,1,0.18115388647477904,0.5495915985997666,1,V1_frozen_probability,2024
2024-11-17,2024-12-19,1,0.10766639175089066,0.5495915985997666,1,V1_frozen_probability,2024
2024-11-18,2024-12-20,1,0.05580127135719759,0.5495915985997666,1,V1_frozen_probability,2024
2024-11-19,2024-12-21,1,0.03732111978631947,0.5495915985997666,1,V1_frozen_probability,2024
2024-11-20,2024-12-22,0,-0.010426668315752119,0.5495915985997666,1,V1_frozen_probability,2024
2024-11-21,2024-12-23,0,-0.03747239412692638,0.5495915985997666,1,V1_frozen_probability,2024
2024-11-22,2024-12-24,0,-0.028574397680409147,0.5495915985997666,1,V1_frozen_probability,2024
2024-11-23,2024-12-25,1,0.007799076711401121,0.5495915985997666,1,V1_frozen_probability,2024
2024-11-24,2024-12-26,1,0.06902052800553404,0.5495915985997666,1,V1_frozen_probability,2024
2024-11-25,2024-12-27,1,0.04160749570815736,0.5495915985997666,1,V1_frozen_probability,2024
2024-11-26,2024-12-28,0,-0.01631576526152767,0.5495915985997666,1,V1_frozen_probability,2024
2024-11-27,2024-12-29,0,-0.0035965668098958403,0.5495915985997666,1,V1_frozen_probability,2024
2024-11-28,2024-12-30,0,-0.03818807715986039,0.5495915985997666,1,V1_frozen_probability,2024
2024-11-29,2024-12-31,0,-0.03750664234364809,0.5495915985997666,1,V1_frozen_probability,2024
2024-11-30,2025-01-01,0,-0.03713704467461443,0.5495915985997666,1,V1_frozen_probability,2024
2024-12-01,2025-01-02,0,-0.013030280170378772,0.5495915985997666,1,V1_frozen_probability,2024
2024-12-02,2025-01-03,1,0.011842500481743734,0.5495915985997666,1,V1_frozen_probability,2024
2024-12-03,2025-01-04,0,-0.004190701197679503,0.5495915985997666,1,V1_frozen_probability,2024
2024-12-04,2025-01-05,1,0.013150463821834935,0.5495915985997666,1,V1_frozen_probability,2024
2024-12-05,2025-01-06,0,-0.01380808503317188,0.5495915985997666,1,V1_frozen_probability,2024
2024-12-06,2025-01-07,1,0.024076551013357594,0.5495915985997666,1,V1_frozen_probability,2024
2024-12-07,2025-01-08,0,-0.041094020745804594,0.5495915985997666,1,V1_frozen_probability,2024
2024-12-08,2025-01-09,0,-0.022779093157976105,0.5495915985997666,1,V1_frozen_probability,2024
2024-12-09,2025-01-10,0,-0.04183025685091046,0.5495915985997666,1,V1_frozen_probability,2024
2024-12-10,2025-01-11,0,-0.0632771322620519,0.5495915985997666,1,V1_frozen_probability,2024
2024-12-11,2025-01-12,0,-0.05404068165475695,0.5495915985997666,1,V1_frozen_probability,2024
2024-12-12,2025-01-13,0,-0.06782569926084725,0.5495915985997666,1,V1_frozen_probability,2024
2024-12-13,2025-01-14,0,-0.06787507394991121,0.5495915985997666,1,V1_frozen_probability,2024
2024-12-14,2025-01-15,0,-0.07565420390318234,0.5495915985997666,1,V1_frozen_probability,2024
2024-12-15,2025-01-16,0,-0.05243608135687172,0.5495915985997666,1,V1_frozen_probability,2024
2024-12-16,2025-01-17,0,-0.05791221528610979,0.5495915985997666,1,V1_frozen_probability,2024
2024-12-17,2025-01-18,1,0.03865573842803305,0.5495915985997666,1,V1_frozen_probability,2024
2024-12-18,2025-01-19,1,0.07279124367214007,0.5495915985997666,1,V1_frozen_probability,2024
2024-12-19,2025-01-20,1,0.03605249360362772,0.5495915985997666,1,V1_frozen_probability,2024
2024-12-20,2025-01-21,1,0.05106278008469345,0.5495915985997666,1,V1_frozen_probability,2024
2024-12-21,2025-01-22,1,0.1151168004464509,0.5495915985997666,1,V1_frozen_probability,2024
2024-12-22,2025-01-23,1,0.09301278742835661,0.5495915985997666,1,V1_frozen_probability,2024
2024-12-23,2025-01-24,1,0.05317838659412111,0.5495915985997666,1,V1_frozen_probability,2024
2024-12-24,2025-01-25,1,0.0547211238181462,0.5495915985997666,1,V1_frozen_probability,2024
2024-12-25,2025-01-26,1,0.09348690281820105,0.5495915985997666,1,V1_frozen_probability,2024
2024-12-26,2025-01-27,1,0.08824035623696225,0.5495915985997666,1,V1_frozen_probability,2024
2024-12-27,2025-01-28,1,0.07117345225603366,0.5495915985997666,1,V1_frozen_probability,2024
2024-12-28,2025-01-29,1,0.08104839660334817,0.5495915985997666,1,V1_frozen_probability,2024
2024-12-29,2025-01-30,1,0.11791096327756523,0.5495915985997666,1,V1_frozen_probability,2024
2024-12-30,2025-01-31,1,0.11912178336325563,0.5495915985997666,1,V1_frozen_probability,2024
2024-12-31,2025-02-01,1,0.08285899683883735,0.5495915985997666,1,V1_frozen_probability,2024
2025-01-01,2025-02-02,1,0.03764373774485685,0.5495915985997666,1,V1_frozen_probability,2025
2025-01-02,2025-02-03,0,-0.0048238757709895275,0.5495915985997666,1,V1_frozen_probability,2025
2025-01-03,2025-02-04,1,0.03164308554292794,0.5495915985997666,1,V1_frozen_probability,2025
2025-01-04,2025-02-05,0,-0.0061045949818230305,0.5495915985997666,1,V1_frozen_probability,2025
2025-01-05,2025-02-06,0,-0.055001975828380734,0.5495915985997666,1,V1_frozen_probability,2025
2025-01-06,2025-02-07,0,-0.004128220837381624,0.5495915985997666,1,V1_frozen_probability,2025
2025-01-07,2025-02-08,1,0.015213346516501414,0.5495915985997666,1,V1_frozen_probability,2025
2025-01-08,2025-02-09,1,0.04205462219330891,0.5495915985997666,1,V1_frozen_probability,2025
2025-01-09,2025-02-10,1,0.018333384357637428,0.5495915985997666,1,V1_frozen_probability,2025
2025-01-10,2025-02-11,1,0.029924210351396363,0.5495915985997666,1,V1_frozen_probability,2025
2025-01-11,2025-02-12,1,0.01304287997248288,0.5495915985997666,1,V1_frozen_probability,2025
2025-01-12,2025-02-13,1,0.035265783624902625,0.5495915985997666,1,V1_frozen_probability,2025
2025-01-13,2025-02-14,1,0.000489639434615663,0.5495915985997666,1,V1_frozen_probability,2025
2025-01-14,2025-02-15,0,-0.029820487803907336,0.5495915985997666,1,V1_frozen_probability,2025
2025-01-15,2025-02-16,0,-0.024179370780089138,0.5495915985997666,1,V1_frozen_probability,2025
2025-01-16,2025-02-17,0,-0.0764752448344489,0.5495915985997666,1,V1_frozen_probability,2025
2025-01-17,2025-02-18,0,-0.08393780074128532,0.5495915985997666,1,V1_frozen_probability,2025
2025-01-18,2025-02-19,0,-0.05585455746910861,0.5495915985997666,1,V1_frozen_probability,2025
2025-01-19,2025-02-20,0,-0.054915216115783316,0.5495915985997666,1,V1_frozen_probability,2025
2025-01-20,2025-02-21,0,-0.07385083747692534,0.5495915985997666,1,V1_frozen_probability,2025
2025-01-21,2025-02-22,0,-0.07255724945726727,0.5495915985997666,1,V1_frozen_probability,2025
2025-01-22,2025-02-23,0,-0.07082393621039684,0.5495915985997666,1,V1_frozen_probability,2025
2025-01-23,2025-02-24,0,-0.08212518466821606,0.5495915985997666,1,V1_frozen_probability,2025
2025-01-24,2025-02-25,0,-0.12596062545454823,0.5495915985997666,1,V1_frozen_probability,2025
2025-01-25,2025-02-26,0,-0.13583725045437045,0.5495915985997666,1,V1_frozen_probability,2025
2025-01-26,2025-02-27,0,-0.1746889266294832,0.5495915985997666,1,V1_frozen_probability,2025
2025-01-27,2025-02-28,0,-0.16407820278615037,0.5495915985997666,1,V1_frozen_probability,2025
2025-01-28,2025-03-01,0,-0.18685715525157076,0.5495915985997666,1,V1_frozen_probability,2025
2025-01-29,2025-03-02,0,-0.17816917668659804,0.5495915985997666,1,V1_frozen_probability,2025
2025-01-30,2025-03-03,0,-0.07966030509161603,0.5495915985997666,1,V1_frozen_probability,2025
2025-01-31,2025-03-04,0,-0.14323451547890675,0.5495915985997666,1,V1_frozen_probability,2025
2025-02-01,2025-03-05,0,-0.10663814824454998,0.5495915985997666,1,V1_frozen_probability,2025
2025-02-02,2025-03-06,0,-0.105819280279558,0.5495915985997666,1,V1_frozen_probability,2025
2025-02-03,2025-03-07,0,-0.08010442381453786,0.5495915985997666,1,V1_frozen_probability,2025
2025-02-04,2025-03-08,0,-0.10154696434537824,0.5495915985997666,1,V1_frozen_probability,2025
2025-02-05,2025-03-09,0,-0.10700595053459527,0.4691011235955056,0,V1_frozen_probability,2025
2025-02-06,2025-03-10,0,-0.16343221410304776,0.4691011235955056,0,V1_frozen_probability,2025
2025-02-07,2025-03-11,0,-0.18506854961000985,0.4691011235955056,0,V1_frozen_probability,2025
2025-02-08,2025-03-12,0,-0.14025890823141574,0.4691011235955056,0,V1_frozen_probability,2025
2025-02-09,2025-03-13,0,-0.1411329597759724,0.4691011235955056,0,V1_frozen_probability,2025
2025-02-10,2025-03-14,0,-0.15308732539478453,0.5495915985997666,1,V1_frozen_probability,2025
2025-02-11,2025-03-15,0,-0.14189036476959227,0.4691011235955056,0,V1_frozen_probability,2025
2025-02-12,2025-03-16,0,-0.12700473552277647,0.4691011235955056,0,V1_frozen_probability,2025
2025-02-13,2025-03-17,0,-0.15308592871398463,0.4691011235955056,0,V1_frozen_probability,2025
2025-02-14,2025-03-18,0,-0.13897402748210586,0.4691011235955056,0,V1_frozen_probability,2025
2025-02-15,2025-03-19,0,-0.13944394667727578,0.4691011235955056,0,V1_frozen_probability,2025
2025-02-16,2025-03-20,0,-0.09327708360022102,0.4691011235955056,0,V1_frozen_probability,2025
2025-02-17,2025-03-21,0,-0.11966292240529963,0.4691011235955056,0,V1_frozen_probability,2025
2025-02-18,2025-03-22,0,-0.1299152759752069,0.4691011235955056,0,V1_frozen_probability,2025
2025-02-19,2025-03-23,0,-0.1471381773929935,0.4691011235955056,0,V1_frozen_probability,2025
2025-02-20,2025-03-24,0,-0.1050039617604086,0.5495915985997666,1,V1_frozen_probability,2025
2025-02-21,2025-03-25,0,-0.09376235422084134,0.4691011235955056,0,V1_frozen_probability,2025
2025-02-22,2025-03-26,0,-0.09209748800099726,0.4691011235955056,0,V1_frozen_probability,2025
2025-02-23,2025-03-27,0,-0.05072161574818845,0.5495915985997666,1,V1_frozen_probability,2025
2025-02-24,2025-03-28,0,-0.016332584915334736,0.4691011235955056,0,V1_frozen_probability,2025
2025-02-25,2025-03-29,1,0.002068721825697839,0.4691011235955056,0,V1_frozen_probability,2025
2025-02-26,2025-03-30,0,-0.02431914504046062,0.4691011235955056,0,V1_frozen_probability,2025
2025-02-27,2025-03-31,0,-0.0232359355281182,0.4691011235955056,0,V1_frozen_probability,2025
2025-02-28,2025-04-01,0,-0.04083609811892319,0.4691011235955056,0,V1_frozen_probability,2025
2025-03-01,2025-04-02,0,-0.09665472543277032,0.4691011235955056,0,V1_frozen_probability,2025
2025-03-02,2025-04-03,0,-0.042969498438666376,0.5495915985997666,1,V1_frozen_probability,2025
2025-03-03,2025-04-04,0,-0.046617755463384314,0.4691011235955056,0,V1_frozen_probability,2025
2025-03-04,2025-04-05,0,-0.07412456128733202,0.4691011235955056,0,V1_frozen_probability,2025
2025-03-05,2025-04-06,0,-0.07109703477787854,0.4691011235955056,0,V1_frozen_probability,2025
2025-03-06,2025-04-07,0,-0.0964466841332905,0.4691011235955056,0,V1_frozen_probability,2025
2025-03-07,2025-04-08,0,-0.08187217112571366,0.4691011235955056,0,V1_frozen_probability,2025
2025-03-08,2025-04-09,0,-0.054649017371512176,0.4691011235955056,0,V1_frozen_probability,2025
2025-03-09,2025-04-10,1,0.05113958928625495,0.5580046403712297,1,V1_frozen_probability,2025
2025-03-10,2025-04-11,0,-0.040100929678286046,0.5580046403712297,1,V1_frozen_probability,2025
2025-03-11,2025-04-12,0,-0.003062734613669238,0.5580046403712297,1,V1_frozen_probability,2025
2025-03-12,2025-04-13,1,0.051298649905110905,0.4691011235955056,0,V1_frozen_probability,2025
2025-03-13,2025-04-14,0,-0.002657555637026965,0.5580046403712297,1,V1_frozen_probability,2025
2025-03-14,2025-04-15,1,0.003001478329454521,0.4691011235955056,0,V1_frozen_probability,2025
2025-03-15,2025-04-16,1,0.01295157392377222,0.4691011235955056,0,V1_frozen_probability,2025
2025-03-16,2025-04-17,1,0.0002423520432444093,0.5580046403712297,1,V1_frozen_probability,2025
2025-03-17,2025-04-18,1,0.026994972981331244,0.5580046403712297,1,V1_frozen_probability,2025
2025-03-18,2025-04-19,0,-0.027303870198637892,0.5580046403712297,1,V1_frozen_probability,2025
2025-03-19,2025-04-20,1,0.010135190489861445,0.4691011235955056,0,V1_frozen_probability,2025
2025-03-20,2025-04-21,1,0.012967840303089284,0.5580046403712297,1,V1_frozen_probability,2025
2025-03-21,2025-04-22,1,0.04384069816302594,0.5580046403712297,1,V1_frozen_probability,2025
2025-03-22,2025-04-23,1,0.08550506781285394,0.5580046403712297,1,V1_frozen_probability,2025
2025-03-23,2025-04-24,1,0.07077760263758703,0.4691011235955056,0,V1_frozen_probability,2025
2025-03-24,2025-04-25,1,0.07537902401202468,0.4691011235955056,0,V1_frozen_probability,2025
2025-03-25,2025-04-26,1,0.08893779563192239,0.4691011235955056,0,V1_frozen_probability,2025
2025-03-26,2025-04-27,1,0.08478527549691917,0.4691011235955056,0,V1_frozen_probability,2025
2025-03-27,2025-04-28,1,0.1104528099584503,0.4691011235955056,0,V1_frozen_probability,2025
2025-03-28,2025-04-29,1,0.14958100283211317,0.5580046403712297,1,V1_frozen_probability,2025
2025-03-29,2025-04-30,1,0.1440322854715379,0.5580046403712297,1,V1_frozen_probability,2025
2025-03-30,2025-05-01,1,0.14078740157480318,0.5580046403712297,1,V1_frozen_probability,2025
2025-03-31,2025-05-02,1,0.13306446167639452,0.5580046403712297,1,V1_frozen_probability,2025
2025-04-01,2025-05-03,1,0.17415775408198253,0.5580046403712297,1,V1_frozen_probability,2025
2025-04-02,2025-05-04,1,0.15193919610484352,0.5580046403712297,1,V1_frozen_probability,2025
2025-04-03,2025-05-05,1,0.12382591604922033,0.5580046403712297,1,V1_frozen_probability,2025
2025-04-04,2025-05-06,1,0.13401914506202495,0.5580046403712297,1,V1_frozen_probability,2025
2025-04-05,2025-05-07,1,0.23465536146882582,0.5580046403712297,1,V1_frozen_probability,2025
2025-04-06,2025-05-08,1,0.22570147457329925,0.5580046403712297,1,V1_frozen_probability,2025
2025-04-07,2025-05-09,1,0.352965616132193,0.5580046403712297,1,V1_frozen_probability,2025
2025-04-08,2025-05-10,1,0.24640459711902962,0.5580046403712297,1,V1_frozen_probability,2025
2025-04-09,2025-05-11,1,0.31658189638387424,0.5580046403712297,1,V1_frozen_probability,2025
2025-04-10,2025-05-12,1,0.24806065604995586,0.5580046403712297,1,V1_frozen_probability,2025
2025-04-11,2025-05-13,1,0.20538279353696098,0.5580046403712297,1,V1_frozen_probability,2025
2025-04-12,2025-05-14,1,0.24288108882521486,0.5580046403712297,1,V1_frozen_probability,2025
2025-04-13,2025-05-15,1,0.22361859182675148,0.5580046403712297,1,V1_frozen_probability,2025
2025-04-14,2025-05-16,1,0.24053993598344614,0.5580046403712297,1,V1_frozen_probability,2025
2025-04-15,2025-05-17,1,0.2312677867218973,0.5580046403712297,1,V1_frozen_probability,2025
2025-04-16,2025-05-18,1,0.21399852992280444,0.5580046403712297,1,V1_frozen_probability,2025
2025-04-17,2025-05-19,1,0.2601911578259528,0.5580046403712297,1,V1_frozen_probability,2025
2025-04-18,2025-05-20,1,0.2409197550454294,0.5580046403712297,1,V1_frozen_probability,2025
2025-04-19,2025-05-21,1,0.25441363412023854,0.5580046403712297,1,V1_frozen_probability,2025
2025-04-20,2025-05-22,1,0.2528419303301719,0.5580046403712297,1,V1_frozen_probability,2025
2025-04-21,2025-05-23,1,0.19534081689808946,0.5580046403712297,1,V1_frozen_probability,2025
2025-04-22,2025-05-24,1,0.145448547017341,0.4691011235955056,0,V1_frozen_probability,2025
2025-04-23,2025-05-25,1,0.14664142454277984,0.4691011235955056,0,V1_frozen_probability,2025
2025-04-24,2025-05-26,1,0.151793325942416,0.4691011235955056,0,V1_frozen_probability,2025
2025-04-25,2025-05-27,1,0.1564735596229445,0.4691011235955056,0,V1_frozen_probability,2025
2025-04-26,2025-05-28,1,0.16201594700077204,0.4691011235955056,0,V1_frozen_probability,2025
2025-04-27,2025-05-29,1,0.13441155030386964,0.4691011235955056,0,V1_frozen_probability,2025
2025-04-28,2025-05-30,1,0.12023458886051941,0.5495915985997666,1,V1_frozen_probability,2025
2025-04-29,2025-05-31,1,0.10420793866542066,0.5495915985997666,1,V1_frozen_probability,2025
2025-04-30,2025-06-01,1,0.08396713023850166,0.5495915985997666,1,V1_frozen_probability,2025
2025-05-01,2025-06-02,1,0.0903711359805992,0.5495915985997666,1,V1_frozen_probability,2025
2025-05-02,2025-06-03,1,0.10433917728202236,0.5495915985997666,1,V1_frozen_probability,2025
2025-05-03,2025-06-04,1,0.11772986184100342,0.5495915985997666,1,V1_frozen_probability,2025
2025-05-04,2025-06-05,1,0.10517041035458563,0.5495915985997666,1,V1_frozen_probability,2025
2025-05-05,2025-06-06,1,0.04827507935744069,0.5495915985997666,1,V1_frozen_probability,2025
2025-05-06,2025-06-07,1,0.0748005008734367,0.5495915985997666,1,V1_frozen_probability,2025
2025-05-07,2025-06-08,1,0.022181912522959868,0.5495915985997666,1,V1_frozen_probability,2025
2025-05-08,2025-06-09,1,0.02682302245494128,0.5495915985997666,1,V1_frozen_probability,2025
2025-05-09,2025-06-10,1,0.052032386749563786,0.5495915985997666,1,V1_frozen_probability,2025
2025-05-10,2025-06-11,1,0.05912896905434217,0.5495915985997666,1,V1_frozen_probability,2025
2025-05-11,2025-06-12,1,0.05694848553360332,0.5495915985997666,1,V1_frozen_probability,2025
2025-05-12,2025-06-13,1,0.015062093842564073,0.5495915985997666,1,V1_frozen_probability,2025
2025-05-13,2025-06-14,1,0.024720448684896645,0.5495915985997666,1,V1_frozen_probability,2025
2025-05-14,2025-06-15,1,0.01591037945732654,0.5495915985997666,1,V1_frozen_probability,2025
2025-05-15,2025-06-16,1,0.02058805051810353,0.5495915985997666,1,V1_frozen_probability,2025
2025-05-16,2025-06-17,1,0.035566752144087,0.5495915985997666,1,V1_frozen_probability,2025
2025-05-17,2025-06-18,0,-0.017877159835862022,0.5495915985997666,1,V1_frozen_probability,2025
2025-05-18,2025-06-19,0,-0.006506732309259133,0.5495915985997666,1,V1_frozen_probability,2025
2025-05-19,2025-06-20,0,-0.020509218530650464,0.5495915985997666,1,V1_frozen_probability,2025
2025-05-20,2025-06-21,0,-0.05787832055363917,0.5495915985997666,1,V1_frozen_probability,2025
2025-05-21,2025-06-22,0,-0.0857343247604977,0.5495915985997666,1,V1_frozen_probability,2025
2025-05-22,2025-06-23,0,-0.05921105720086883,0.5495915985997666,1,V1_frozen_probability,2025
2025-05-23,2025-06-24,0,-0.022530783143207334,0.5495915985997666,1,V1_frozen_probability,2025
2025-05-24,2025-06-25,0,-0.026798967379238592,0.5495915985997666,1,V1_frozen_probability,2025
2025-05-25,2025-06-26,0,-0.01913642079784872,0.5495915985997666,1,V1_frozen_probability,2025
2025-05-26,2025-06-27,0,-0.018277432051594045,0.5495915985997666,1,V1_frozen_probability,2025
2025-05-27,2025-06-28,0,-0.0068119119947731566,0.5495915985997666,1,V1_frozen_probability,2025
2025-05-28,2025-06-29,1,0.01616672072810088,0.5495915985997666,1,V1_frozen_probability,2025
2025-05-29,2025-06-30,1,0.04203914258405517,0.5495915985997666,1,V1_frozen_probability,2025
2025-05-30,2025-07-01,1,0.024424745018446936,0.5495915985997666,1,V1_frozen_probability,2025
2025-05-31,2025-07-02,1,0.0003615954233757712,0.5495915985997666,1,V1_frozen_probability,2025
2025-06-01,2025-07-03,1,0.0282604054488087,0.5495915985997666,1,V1_frozen_probability,2025
2025-06-02,2025-07-04,1,0.03993161689136815,0.5495915985997666,1,V1_frozen_probability,2025
2025-06-03,2025-07-05,1,0.0313991269652214,0.5495915985997666,1,V1_frozen_probability,2025
2025-06-04,2025-07-06,1,0.06590007220071503,0.5495915985997666,1,V1_frozen_probability,2025
2025-06-05,2025-07-07,1,0.04713293699023002,0.5495915985997666,1,V1_frozen_probability,2025
2025-06-06,2025-07-08,1,0.025681997003377033,0.5495915985997666,1,V1_frozen_probability,2025
2025-06-07,2025-07-09,1,0.03016039966705142,0.5495915985997666,1,V1_frozen_probability,2025
2025-06-08,2025-07-10,1,0.008806034879146107,0.5495915985997666,1,V1_frozen_probability,2025
2025-06-09,2025-07-11,1,0.05201225778714336,0.5495915985997666,1,V1_frozen_probability,2025
2025-06-10,2025-07-12,1,0.08175727710942948,0.5495915985997666,1,V1_frozen_probability,2025
2025-06-11,2025-07-13,1,0.11117693339770884,0.5495915985997666,1,V1_frozen_probability,2025
2025-06-12,2025-07-14,1,0.12275363995391952,0.5495915985997666,1,V1_frozen_probability,2025
2025-06-13,2025-07-15,1,0.1368551974237351,0.5495915985997666,1,V1_frozen_probability,2025
2025-06-14,2025-07-16,1,0.11519648555855722,0.5495915985997666,1,V1_frozen_probability,2025
2025-06-15,2025-07-17,1,0.11082880368498271,0.5495915985997666,1,V1_frozen_probability,2025
2025-06-16,2025-07-18,1,0.1398969518944646,0.5495915985997666,1,V1_frozen_probability,2025
2025-06-17,2025-07-19,1,0.12430593023201486,0.5495915985997666,1,V1_frozen_probability,2025
2025-06-18,2025-07-20,1,0.1259468525230465,0.5495915985997666,1,V1_frozen_probability,2025
2025-06-19,2025-07-21,1,0.13521203415594396,0.5495915985997666,1,V1_frozen_probability,2025
2025-06-20,2025-07-22,1,0.14943534088614552,0.5495915985997666,1,V1_frozen_probability,2025
2025-06-21,2025-07-23,1,0.1880926315522573,0.5495915985997666,1,V1_frozen_probability,2025
2025-06-22,2025-07-24,1,0.12742388635609747,0.5495915985997666,1,V1_frozen_probability,2025
2025-06-23,2025-07-25,1,0.11555084226501888,0.5495915985997666,1,V1_frozen_probability,2025
2025-06-24,2025-07-26,1,0.09571141727467691,0.5495915985997666,1,V1_frozen_probability,2025
2025-06-25,2025-07-27,1,0.10260151143939833,0.5495915985997666,1,V1_frozen_probability,2025
2025-06-26,2025-07-28,1,0.11553722185966264,0.5495915985997666,1,V1_frozen_probability,2025
2025-06-27,2025-07-29,1,0.10033412928755858,0.5495915985997666,1,V1_frozen_probability,2025
2025-06-28,2025-07-30,1,0.08853905329359191,0.5495915985997666,1,V1_frozen_probability,2025
2025-06-29,2025-07-31,1,0.09980521064101855,0.5495915985997666,1,V1_frozen_probability,2025
2025-06-30,2025-08-01,1,0.09540908580368135,0.5495915985997666,1,V1_frozen_probability,2025
2025-07-01,2025-08-02,1,0.040866759351137594,0.5495915985997666,1,V1_frozen_probability,2025
2025-07-02,2025-08-03,1,0.027025470783941907,0.5495915985997666,1,V1_frozen_probability,2025
2025-07-03,2025-08-04,1,0.05764322111789455,0.5495915985997666,1,V1_frozen_probability,2025
2025-07-04,2025-08-05,1,0.06337365196363853,0.5495915985997666,1,V1_frozen_probability,2025
2025-07-05,2025-08-06,1,0.04510738403453729,0.5495915985997666,1,V1_frozen_probability,2025
2025-07-06,2025-08-07,1,0.06215728115271957,0.5495915985997666,1,V1_frozen_probability,2025
2025-07-07,2025-08-08,1,0.07848691997896862,0.5495915985997666,1,V1_frozen_probability,2025
2025-07-08,2025-08-09,1,0.0489125627056477,0.5495915985997666,1,V1_frozen_probability,2025
2025-07-09,2025-08-10,1,0.0038982842946053697,0.5495915985997666,1,V1_frozen_probability,2025
2025-07-10,2025-08-11,1,0.01503144025840375,0.5495915985997666,1,V1_frozen_probability,2025
2025-07-11,2025-08-12,1,0.010781808891159983,0.5495915985997666,1,V1_frozen_probability,2025
2025-07-12,2025-08-13,1,0.008795612270561026,0.5495915985997666,1,V1_frozen_probability,2025
2025-07-13,2025-08-14,1,0.02891552210313031,0.5495915985997666,1,V1_frozen_probability,2025
2025-07-14,2025-08-15,1,0.00456028155350352,0.5495915985997666,1,V1_frozen_probability,2025
2025-07-15,2025-08-16,0,-0.010860618910289888,0.5495915985997666,1,V1_frozen_probability,2025
2025-07-16,2025-08-17,0,-0.015077502845334267,0.5495915985997666,1,V1_frozen_probability,2025
2025-07-17,2025-08-18,0,-0.004408146748386521,0.5495915985997666,1,V1_frozen_probability,2025
2025-07-18,2025-08-19,0,-0.013687710990520019,0.5495915985997666,1,V1_frozen_probability,2025
2025-07-19,2025-08-20,0,-0.03745495996208936,0.5495915985997666,1,V1_frozen_probability,2025
2025-07-20,2025-08-21,0,-0.02648765091536609,0.5495915985997666,1,V1_frozen_probability,2025
2025-07-21,2025-08-22,0,-0.062143849126705786,0.5495915985997666,1,V1_frozen_probability,2025
2025-07-22,2025-08-23,0,-0.015325541446326918,0.5495915985997666,1,V1_frozen_probability,2025
2025-07-23,2025-08-24,0,-0.024530133179562985,0.5495915985997666,1,V1_frozen_probability,2025
2025-07-24,2025-08-25,0,-0.035035872760721065,0.5495915985997666,1,V1_frozen_probability,2025
2025-07-25,2025-08-26,0,-0.06621447305075256,0.5495915985997666,1,V1_frozen_probability,2025
2025-07-26,2025-08-27,0,-0.06408159874642794,0.5495915985997666,1,V1_frozen_probability,2025
2025-07-27,2025-08-28,0,-0.05759932550876534,0.5495915985997666,1,V1_frozen_probability,2025
2025-07-28,2025-08-29,0,-0.045644898400391765,0.5495915985997666,1,V1_frozen_probability,2025
2025-07-29,2025-08-30,0,-0.08030267067401142,0.5495915985997666,1,V1_frozen_probability,2025
2025-07-30,2025-08-31,0,-0.06001637641109203,0.5495915985997666,1,V1_frozen_probability,2025
2025-07-31,2025-09-01,0,-0.0445865202114919,0.5495915985997666,1,V1_frozen_probability,2025
2025-08-01,2025-09-02,0,-0.029400509212426762,0.5495915985997666,1,V1_frozen_probability,2025
2025-08-02,2025-09-03,0,-0.025994492018610482,0.5495915985997666,1,V1_frozen_probability,2025
2025-08-03,2025-09-04,0,-0.029110504773237622,0.5495915985997666,1,V1_frozen_probability,2025
2025-08-04,2025-09-05,0,-0.029780841542192182,0.5495915985997666,1,V1_frozen_probability,2025
2025-08-05,2025-09-06,0,-0.0376744454214184,0.5495915985997666,1,V1_frozen_probability,2025
2025-08-06,2025-09-07,0,-0.062006595272644516,0.5495915985997666,1,V1_frozen_probability,2025
2025-08-07,2025-09-08,0,-0.047460058621086265,0.5495915985997666,1,V1_frozen_probability,2025
2025-08-08,2025-09-09,0,-0.03775489482643524,0.5495915985997666,1,V1_frozen_probability,2025
2025-08-09,2025-09-10,0,-0.06494771291194457,0.5495915985997666,1,V1_frozen_probability,2025
2025-08-10,2025-09-11,0,-0.03981935527357905,0.5495915985997666,1,V1_frozen_probability,2025
2025-08-11,2025-09-12,0,-0.038718402078877,0.5495915985997666,1,V1_frozen_probability,2025
2025-08-12,2025-09-13,0,-0.05901581458356919,0.5495915985997666,1,V1_frozen_probability,2025
2025-08-13,2025-09-14,0,-0.020092127238755197,0.5495915985997666,1,V1_frozen_probability,2025
2025-08-14,2025-09-15,0,-0.017675080474142124,0.5495915985997666,1,V1_frozen_probability,2025
2025-08-15,2025-09-16,0,-0.01730225405105068,0.5495915985997666,1,V1_frozen_probability,2025
2025-08-16,2025-09-17,0,-0.005247220710598244,0.5495915985997666,1,V1_frozen_probability,2025
2025-08-17,2025-09-18,1,0.0018975789198814041,0.5495915985997666,1,V1_frozen_probability,2025
2025-08-18,2025-09-19,1,0.037215116642207,0.5495915985997666,1,V1_frozen_probability,2025
2025-08-19,2025-09-20,1,0.011911659653965456,0.5495915985997666,1,V1_frozen_probability,2025
2025-08-20,2025-09-21,1,0.028316711111111115,0.5495915985997666,1,V1_frozen_probability,2025
2025-08-21,2025-09-22,0,-0.014569593623862676,0.5495915985997666,1,V1_frozen_probability,2025
2025-08-22,2025-09-23,0,-0.024143423754695692,0.5495915985997666,1,V1_frozen_probability,2025
2025-08-23,2025-09-24,0,-0.013170699772559802,0.5495915985997666,1,V1_frozen_probability,2025
2025-08-24,2025-09-25,1,0.029016188792536424,0.5495915985997666,1,V1_frozen_probability,2025
2025-08-25,2025-09-26,0,-0.024773176721286316,0.5495915985997666,1,V1_frozen_probability,2025
2025-08-26,2025-09-27,0,-0.014547193601841202,0.5495915985997666,1,V1_frozen_probability,2025
2025-08-27,2025-09-28,0,-0.02603829367247379,0.5495915985997666,1,V1_frozen_probability,2025
2025-08-28,2025-09-29,1,0.03493864957085169,0.5495915985997666,1,V1_frozen_probability,2025
2025-08-29,2025-09-30,1,0.05050381684440186,0.5495915985997666,1,V1_frozen_probability,2025
2025-08-30,2025-10-01,1,0.05360531291768145,0.5495915985997666,1,V1_frozen_probability,2025
2025-08-31,2025-10-02,1,0.08566257920934262,0.4691011235955056,0,V1_frozen_probability,2025
2025-09-01,2025-10-03,1,0.08350718415073866,0.5495915985997666,1,V1_frozen_probability,2025
2025-09-02,2025-10-04,1,0.09423411800219372,0.5495915985997666,1,V1_frozen_probability,2025
2025-09-03,2025-10-05,1,0.1053014394269638,0.5495915985997666,1,V1_frozen_probability,2025
2025-09-04,2025-10-06,1,0.11587131754925006,0.5495915985997666,1,V1_frozen_probability,2025
2025-09-05,2025-10-07,1,0.13132612105240526,0.5495915985997666,1,V1_frozen_probability,2025
2025-09-06,2025-10-08,1,0.09173882587626925,0.5495915985997666,1,V1_frozen_probability,2025
2025-09-07,2025-10-09,1,0.1003056880354416,0.5495915985997666,1,V1_frozen_probability,2025
2025-09-08,2025-10-10,1,0.09068900308553274,0.5495915985997666,1,V1_frozen_probability,2025
2025-09-09,2025-10-11,0,-0.010402860652860557,0.5495915985997666,1,V1_frozen_probability,2025
2025-09-10,2025-10-12,0,-0.041896235704242835,0.5495915985997666,1,V1_frozen_probability,2025
2025-09-11,2025-10-13,0,-0.009226970989510419,0.4691011235955056,0,V1_frozen_probability,2025
2025-09-12,2025-10-14,0,-0.006489830034587252,0.4691011235955056,0,V1_frozen_probability,2025
2025-09-13,2025-10-15,0,-0.019431930854015733,0.4691011235955056,0,V1_frozen_probability,2025
2025-09-14,2025-10-16,0,-0.03976108825934632,0.4691011235955056,0,V1_frozen_probability,2025
2025-09-15,2025-10-17,0,-0.07359163057878071,0.4691011235955056,0,V1_frozen_probability,2025
2025-09-16,2025-10-18,0,-0.08601224928637441,0.4691011235955056,0,V1_frozen_probability,2025
2025-09-17,2025-10-19,0,-0.08446426788361128,0.4691011235955056,0,V1_frozen_probability,2025
2025-09-18,2025-10-20,0,-0.060446904193539486,0.4691011235955056,0,V1_frozen_probability,2025
2025-09-19,2025-10-21,0,-0.04454779733662695,0.4691011235955056,0,V1_frozen_probability,2025
2025-09-20,2025-10-22,0,-0.06017957293046927,0.4691011235955056,0,V1_frozen_probability,2025
2025-09-21,2025-10-23,0,-0.04512645650073743,0.4691011235955056,0,V1_frozen_probability,2025
2025-09-22,2025-10-24,0,-0.017148487305221116,0.4691011235955056,0,V1_frozen_probability,2025
2025-09-23,2025-10-25,0,-0.02031745432166998,0.4691011235955056,0,V1_frozen_probability,2025
2025-09-24,2025-10-26,1,0.02432948674744928,0.4691011235955056,0,V1_frozen_probability,2025
2025-09-25,2025-10-27,1,0.04483577953486684,0.4691011235955056,0,V1_frozen_probability,2025
2025-09-26,2025-10-28,1,0.040787753275958405,0.4691011235955056,0,V1_frozen_probability,2025
2025-09-27,2025-10-29,1,0.0065482709419317775,0.4691011235955056,0,V1_frozen_probability,2025
2025-09-28,2025-10-30,0,-0.037534739362815595,0.4691011235955056,0,V1_frozen_probability,2025
2025-09-29,2025-10-31,0,-0.05020713037753799,0.4691011235955056,0,V1_frozen_probability,2025
2025-09-30,2025-11-01,0,-0.07577874916975846,0.4691011235955056,0,V1_frozen_probability,2025
2025-10-01,2025-11-02,0,-0.08654531033312629,0.5495915985997666,1,V1_frozen_probability,2025
2025-10-02,2025-11-03,0,-0.09565007455890717,0.5495915985997666,1,V1_frozen_probability,2025
2025-10-03,2025-11-04,0,-0.12915934416414154,0.5495915985997666,1,V1_frozen_probability,2025
2025-10-04,2025-11-05,0,-0.17804241125369213,0.5495915985997666,1,V1_frozen_probability,2025
2025-10-05,2025-11-06,0,-0.16664225331052318,0.5495915985997666,1,V1_frozen_probability,2025
2025-10-06,2025-11-07,0,-0.16472786949234575,0.5495915985997666,1,V1_frozen_probability,2025
2025-10-07,2025-11-08,0,-0.1619298199657908,0.5495915985997666,1,V1_frozen_probability,2025
2025-10-08,2025-11-09,0,-0.15904222183335026,0.5495915985997666,1,V1_frozen_probability,2025
2025-10-09,2025-11-10,0,-0.07139504687629272,0.5495915985997666,1,V1_frozen_probability,2025
2025-10-10,2025-11-11,0,-0.04187532310717934,0.4691011235955056,0,V1_frozen_probability,2025
2025-10-11,2025-11-12,0,-0.10351368459711785,0.4691011235955056,0,V1_frozen_probability,2025
2025-10-12,2025-11-13,0,-0.1173230814650158,0.4691011235955056,0,V1_frozen_probability,2025
2025-10-13,2025-11-14,0,-0.11798921206605828,0.4691011235955056,0,V1_frozen_probability,2025
2025-10-14,2025-11-15,0,-0.14598050906401472,0.4691011235955056,0,V1_frozen_probability,2025
2025-10-15,2025-11-16,0,-0.11643906835361995,0.4691011235955056,0,V1_frozen_probability,2025
2025-10-16,2025-11-17,0,-0.11434781448531106,0.4691011235955056,0,V1_frozen_probability,2025
2025-10-17,2025-11-18,0,-0.13966375892149085,0.5580046403712297,1,V1_frozen_probability,2025
2025-10-18,2025-11-19,0,-0.14434407370136093,0.5580046403712297,1,V1_frozen_probability,2025
2025-10-19,2025-11-20,0,-0.17168887333985983,0.4691011235955056,0,V1_frozen_probability,2025
2025-10-20,2025-11-21,0,-0.20000838429934686,0.4691011235955056,0,V1_frozen_probability,2025
2025-10-21,2025-11-22,0,-0.2085949792432562,0.4691011235955056,0,V1_frozen_probability,2025
2025-10-22,2025-11-23,0,-0.23018583426925898,0.5580046403712297,1,V1_frozen_probability,2025
2025-10-23,2025-11-24,0,-0.21778227807961625,0.4691011235955056,0,V1_frozen_probability,2025
2025-10-24,2025-11-25,0,-0.2091091802708681,0.4691011235955056,0,V1_frozen_probability,2025
2025-10-25,2025-11-26,0,-0.23733921115690104,0.4691011235955056,0,V1_frozen_probability,2025
2025-10-26,2025-11-27,0,-0.20702941476754622,0.5495915985997666,1,V1_frozen_probability,2025
2025-10-27,2025-11-28,0,-0.19100795369714585,0.5495915985997666,1,V1_frozen_probability,2025
2025-10-28,2025-11-29,0,-0.17388078490255976,0.5495915985997666,1,V1_frozen_probability,2025
2025-10-29,2025-11-30,0,-0.1617426680072268,0.4691011235955056,0,V1_frozen_probability,2025
2025-10-30,2025-12-01,0,-0.17560760386033836,0.5580046403712297,1,V1_frozen_probability,2025
2025-10-31,2025-12-02,0,-0.21628066242741706,0.5495915985997666,1,V1_frozen_probability,2025
2025-11-01,2025-12-03,0,-0.1742599037512793,0.5495915985997666,1,V1_frozen_probability,2025
2025-11-02,2025-12-04,0,-0.1234070520594035,0.5495915985997666,1,V1_frozen_probability,2025
2025-11-03,2025-12-05,0,-0.09280223706597701,0.5580046403712297,1,V1_frozen_probability,2025
2025-11-04,2025-12-06,0,-0.14010778825387582,0.5580046403712297,1,V1_frozen_probability,2025
2025-11-05,2025-12-07,0,-0.11948409627055967,0.5580046403712297,1,V1_frozen_probability,2025
2025-11-06,2025-12-08,0,-0.12525531238953225,0.5580046403712297,1,V1_frozen_probability,2025
2025-11-07,2025-12-09,0,-0.11414586325582432,0.5580046403712297,1,V1_frozen_probability,2025
2025-11-08,2025-12-10,0,-0.11500955616701014,0.5580046403712297,1,V1_frozen_probability,2025
2025-11-09,2025-12-11,0,-0.13202151509940507,0.5580046403712297,1,V1_frozen_probability,2025
2025-11-10,2025-12-12,0,-0.10232604624535457,0.5580046403712297,1,V1_frozen_probability,2025
2025-11-11,2025-12-13,0,-0.1120063997248717,0.5580046403712297,1,V1_frozen_probability,2025
2025-11-12,2025-12-14,0,-0.09481229342004571,0.5580046403712297,1,V1_frozen_probability,2025
2025-11-13,2025-12-15,0,-0.06788844958454021,0.5580046403712297,1,V1_frozen_probability,2025
2025-11-14,2025-12-16,0,-0.09586308999842352,0.5580046403712297,1,V1_frozen_probability,2025
2025-11-15,2025-12-17,0,-0.0678752554729426,0.5580046403712297,1,V1_frozen_probability,2025
2025-11-16,2025-12-18,0,-0.06476062390622628,0.5580046403712297,1,V1_frozen_probability,2025
2025-11-17,2025-12-19,0,-0.08008125572889135,0.5580046403712297,1,V1_frozen_probability,2025
2025-11-18,2025-12-20,0,-0.03733287634006954,0.5580046403712297,1,V1_frozen_probability,2025
2025-11-19,2025-12-21,1,0.01989549064478302,0.5580046403712297,1,V1_frozen_probability,2025
2025-11-20,2025-12-22,1,0.04145981494999029,0.5580046403712297,1,V1_frozen_probability,2025
2025-11-21,2025-12-23,1,0.04579952147604871,0.5580046403712297,1,V1_frozen_probability,2025
2025-11-22,2025-12-24,1,0.007554992514108072,0.5580046403712297,1,V1_frozen_probability,2025
2025-11-23,2025-12-25,0,-0.007141222294312244,0.5580046403712297,1,V1_frozen_probability,2025
2025-11-24,2025-12-26,0,-0.0016561754570820764,0.5580046403712297,1,V1_frozen_probability,2025
2025-11-25,2025-12-27,0,-0.0344198936364557,0.5580046403712297,1,V1_frozen_probability,2025
2025-11-26,2025-12-28,0,-0.037849456620397626,0.5580046403712297,1,V1_frozen_probability,2025
2025-11-27,2025-12-29,0,-0.03232453569787275,0.5580046403712297,1,V1_frozen_probability,2025
2025-11-28,2025-12-30,0,-0.039264473509742714,0.5580046403712297,1,V1_frozen_probability,2025
2025-11-29,2025-12-31,0,-0.020744906956074893,0.5580046403712297,1,V1_frozen_probability,2025
2025-11-30,2026-01-01,1,0.015787031988152123,0.5580046403712297,1,V1_frozen_probability,2025
2025-12-01,2026-01-02,0,-0.02671874061930446,0.5580046403712297,1,V1_frozen_probability,2025
2025-12-02,2026-01-03,0,-0.03676347894866683,0.5580046403712297,1,V1_frozen_probability,2025
2025-12-03,2026-01-04,0,-0.015748051164414245,0.5580046403712297,1,V1_frozen_probability,2025
2025-12-04,2026-01-05,1,0.024624415258293952,0.5580046403712297,1,V1_frozen_probability,2025
2025-12-05,2026-01-06,1,0.0518049728363188,0.5580046403712297,1,V1_frozen_probability,2025
2025-12-06,2026-01-07,1,0.03708875636482056,0.5580046403712297,1,V1_frozen_probability,2025
2025-12-07,2026-01-08,1,0.008052245092506238,0.5580046403712297,1,V1_frozen_probability,2025
2025-12-08,2026-01-09,0,-0.017035285627858165,0.5580046403712297,1,V1_frozen_probability,2025
2025-12-09,2026-01-10,0,-0.014933481772286372,0.5580046403712297,1,V1_frozen_probability,2025
2025-12-10,2026-01-11,0,-0.021712318801885844,0.5580046403712297,1,V1_frozen_probability,2025
2025-12-11,2026-01-12,1,0.008255710218954881,0.5580046403712297,1,V1_frozen_probability,2025
2025-12-12,2026-01-13,1,0.011704343971631115,0.5580046403712297,1,V1_frozen_probability,2025
2025-12-13,2026-01-14,1,0.08213284102374274,0.5580046403712297,1,V1_frozen_probability,2025
2025-12-14,2026-01-15,1,0.12171059634339465,0.5580046403712297,1,V1_frozen_probability,2025
2025-12-15,2026-01-16,1,0.08810696327243317,0.5580046403712297,1,V1_frozen_probability,2025
2025-12-16,2026-01-17,1,0.10792394950884843,0.5580046403712297,1,V1_frozen_probability,2025
2025-12-17,2026-01-18,1,0.11262586911681627,0.5580046403712297,1,V1_frozen_probability,2025
2025-12-18,2026-01-19,1,0.06281349649607804,0.5580046403712297,1,V1_frozen_probability,2025
2025-12-19,2026-01-20,1,0.04832544164608543,0.5580046403712297,1,V1_frozen_probability,2025
2025-12-20,2026-01-21,0,-0.0026078608942341486,0.5580046403712297,1,V1_frozen_probability,2025
2025-12-21,2026-01-22,1,0.009410207243695234,0.5580046403712297,1,V1_frozen_probability,2025
2025-12-22,2026-01-23,1,0.023702992478796592,0.5580046403712297,1,V1_frozen_probability,2025
2025-12-23,2026-01-24,1,0.022023866013059834,0.5580046403712297,1,V1_frozen_probability,2025
2025-12-24,2026-01-25,1,0.022929937620141505,0.5580046403712297,1,V1_frozen_probability,2025
2025-12-25,2026-01-26,0,-0.008002787240773523,0.5580046403712297,1,V1_frozen_probability,2025
2025-12-26,2026-01-27,1,0.005349295037381907,0.5580046403712297,1,V1_frozen_probability,2025
2025-12-27,2026-01-28,1,0.01474974449337596,0.5580046403712297,1,V1_frozen_probability,2025
2025-12-28,2026-01-29,1,0.02364669722628432,0.5580046403712297,1,V1_frozen_probability,2025
2025-12-29,2026-01-30,0,-0.04334427674590746,0.5580046403712297,1,V1_frozen_probability,2025
2025-12-30,2026-01-31,0,-0.03865121717830866,0.5580046403712297,1,V1_frozen_probability,2025
2025-12-31,2026-02-01,0,-0.11366566841946191,0.5580046403712297,1,V1_frozen_probability,2025
2026-01-01,2026-02-02,0,-0.1447513721296505,0.5580046403712297,1,V1_frozen_probability,2026
2026-01-02,2026-02-03,0,-0.13118913236647245,0.5580046403712297,1,V1_frozen_probability,2026
2026-01-03,2026-02-04,0,-0.17217933755738846,0.5580046403712297,1,V1_frozen_probability,2026
2026-01-04,2026-02-05,0,-0.2204766027936802,0.5580046403712297,1,V1_frozen_probability,2026
2026-01-05,2026-02-06,0,-0.328946856129258,0.5580046403712297,1,V1_frozen_probability,2026
2026-01-06,2026-02-07,0,-0.22748416884695277,0.5580046403712297,1,V1_frozen_probability,2026
2026-01-07,2026-02-08,0,-0.23941416026344686,0.5580046403712297,1,V1_frozen_probability,2026
2026-01-08,2026-02-09,0,-0.22407993621448596,0.5580046403712297,1,V1_frozen_probability,2026
2026-01-09,2026-02-10,0,-0.22503472195366647,0.5580046403712297,1,V1_frozen_probability,2026
2026-01-10,2026-02-11,0,-0.24361595830779692,0.5580046403712297,1,V1_frozen_probability,2026
2026-01-11,2026-02-12,0,-0.26522111544620686,0.5580046403712297,1,V1_frozen_probability,2026
2026-01-12,2026-02-13,0,-0.3054250220538939,0.5580046403712297,1,V1_frozen_probability,2026
2026-01-13,2026-02-14,0,-0.2898122138654906,0.5580046403712297,1,V1_frozen_probability,2026
2026-01-14,2026-02-15,0,-0.269671264447887,0.5580046403712297,1,V1_frozen_probability,2026
2026-01-15,2026-02-16,0,-0.2796241460314258,0.5580046403712297,1,V1_frozen_probability,2026
2026-01-16,2026-02-17,0,-0.2759427782700531,0.4691011235955056,0,V1_frozen_probability,2026
2026-01-17,2026-02-18,0,-0.2793716533896482,0.5580046403712297,1,V1_frozen_probability,2026
2026-01-18,2026-02-19,0,-0.28251873374126746,0.5580046403712297,1,V1_frozen_probability,2026
2026-01-19,2026-02-20,0,-0.2422763420404883,0.4691011235955056,0,V1_frozen_probability,2026
2026-01-20,2026-02-21,0,-0.23961538981784414,0.5580046403712297,1,V1_frozen_probability,2026
2026-01-21,2026-02-22,0,-0.24099851629661917,0.5580046403712297,1,V1_frozen_probability,2026
2026-01-22,2026-02-23,0,-0.24505364158541498,0.4691011235955056,0,V1_frozen_probability,2026
2026-01-23,2026-02-24,0,-0.2753626940508156,0.4691011235955056,0,V1_frozen_probability,2026
2026-01-24,2026-02-25,0,-0.2608989970735093,0.4691011235955056,0,V1_frozen_probability,2026
2026-01-25,2026-02-26,0,-0.23044383583475547,0.5580046403712297,1,V1_frozen_probability,2026
2026-01-26,2026-02-27,0,-0.24386333264575155,0.4691011235955056,0,V1_frozen_probability,2026
2026-01-27,2026-02-28,0,-0.2623506159014558,0.4691011235955056,0,V1_frozen_probability,2026
2026-01-28,2026-03-01,0,-0.20882299572735608,0.5580046403712297,1,V1_frozen_probability,2026
2026-01-29,2026-03-02,0,-0.21936755656565066,0.5580046403712297,1,V1_frozen_probability,2026
2026-01-30,2026-03-03,0,-0.12586870135164496,0.5580046403712297,1,V1_frozen_probability,2026
2026-01-31,2026-03-04,0,-0.11212692719150852,0.5580046403712297,1,V1_frozen_probability,2026
2026-02-01,2026-03-05,0,-0.07711376631029765,0.5580046403712297,1,V1_frozen_probability,2026
2026-02-02,2026-03-06,0,-0.06439456878897398,0.5580046403712297,1,V1_frozen_probability,2026
2026-02-03,2026-03-07,0,-0.06904615596568009,0.5580046403712297,1,V1_frozen_probability,2026
2026-02-04,2026-03-08,1,0.069194865606939,0.5580046403712297,1,V1_frozen_probability,2026
2026-02-05,2026-03-09,0,-0.06530239474889998,0.5580046403712297,1,V1_frozen_probability,2026
2026-02-06,2026-03-10,0,-0.012371450339352053,0.5580046403712297,1,V1_frozen_probability,2026
2026-02-07,2026-03-11,0,-0.005427810854996218,0.5580046403712297,1,V1_frozen_probability,2026
2026-02-08,2026-03-12,1,0.0007679146824830507,0.5580046403712297,1,V1_frozen_probability,2026
2026-02-09,2026-03-13,1,0.024695357204282065,0.5580046403712297,1,V1_frozen_probability,2026
2026-02-10,2026-03-14,1,0.05735458357855361,0.5580046403712297,1,V1_frozen_probability,2026
2026-02-11,2026-03-15,1,0.07453777354808211,0.5580046403712297,1,V1_frozen_probability,2026
2026-02-12,2026-03-16,1,0.05753161364551662,0.5580046403712297,1,V1_frozen_probability,2026
2026-02-13,2026-03-17,1,0.07249379645142406,0.5580046403712297,1,V1_frozen_probability,2026
2026-02-14,2026-03-18,1,0.07375546961112467,0.5580046403712297,1,V1_frozen_probability,2026
2026-02-15,2026-03-19,1,0.03417095318019725,0.5580046403712297,1,V1_frozen_probability,2026
2026-02-16,2026-03-20,1,0.03594612547612308,0.5580046403712297,1,V1_frozen_probability,2026
2026-02-17,2026-03-21,1,0.06093393117768309,0.5580046403712297,1,V1_frozen_probability,2026
2026-02-18,2026-03-22,1,0.028571394458189125,0.5580046403712297,1,V1_frozen_probability,2026
2026-02-19,2026-03-23,0,-0.0023669508967950614,0.5580046403712297,1,V1_frozen_probability,2026
2026-02-20,2026-03-24,1,0.043111142429386407,0.5580046403712297,1,V1_frozen_probability,2026
2026-02-21,2026-03-25,1,0.043069248894829215,0.5580046403712297,1,V1_frozen_probability,2026
2026-02-22,2026-03-26,1,0.10332403747153585,0.5580046403712297,1,V1_frozen_probability,2026
2026-02-23,2026-03-27,1,0.0743412040466358,0.5580046403712297,1,V1_frozen_probability,2026
2026-02-24,2026-03-28,0,-0.023250559951426664,0.5580046403712297,1,V1_frozen_probability,2026
2026-02-25,2026-03-29,0,-0.016420639847053997,0.5580046403712297,1,V1_frozen_probability,2026
2026-02-26,2026-03-30,1,0.0021077211911750826,0.5580046403712297,1,V1_frozen_probability,2026
2026-02-27,2026-03-31,0,-0.0026261227242034835,0.5580046403712297,1,V1_frozen_probability,2026
2026-02-28,2026-04-01,1,0.0381292826858477,0.5580046403712297,1,V1_frozen_probability,2026
2026-03-01,2026-04-02,0,-0.010404465723261036,0.5580046403712297,1,V1_frozen_probability,2026
2026-03-02,2026-04-03,0,-0.021013488686603354,0.5580046403712297,1,V1_frozen_probability,2026
2026-03-03,2026-04-04,0,-0.0784743838208305,0.5580046403712297,1,V1_frozen_probability,2026
2026-03-04,2026-04-05,0,-0.05064957451592611,0.5580046403712297,1,V1_frozen_probability,2026
2026-03-05,2026-04-06,1,0.013509113101825232,0.5580046403712297,1,V1_frozen_probability,2026
2026-03-06,2026-04-07,1,0.023649735047145626,0.5580046403712297,1,V1_frozen_probability,2026
2026-03-07,2026-04-08,1,0.09023664871944126,0.5580046403712297,1,V1_frozen_probability,2026
2026-03-08,2026-04-09,1,0.03854576561663392,0.5580046403712297,1,V1_frozen_probability,2026
2026-03-09,2026-04-10,1,0.026295579156363713,0.5580046403712297,1,V1_frozen_probability,2026
2026-03-10,2026-04-11,1,0.03947537506485799,0.5580046403712297,1,V1_frozen_probability,2026
2026-03-11,2026-04-12,1,0.035466011844969225,0.5580046403712297,1,V1_frozen_probability,2026
2026-03-12,2026-04-13,0,-0.002656844401967451,0.5580046403712297,1,V1_frozen_probability,2026
2026-03-13,2026-04-14,1,0.04502123590212048,0.5580046403712297,1,V1_frozen_probability,2026
2026-03-14,2026-04-15,1,0.018077257167969707,0.5580046403712297,1,V1_frozen_probability,2026
2026-03-15,2026-04-16,0,-0.000997266863831947,0.5580046403712297,1,V1_frozen_probability,2026
2026-03-16,2026-04-17,1,0.016843737133735548,0.5580046403712297,1,V1_frozen_probability,2026
2026-03-17,2026-04-18,1,0.08176480124300745,0.5580046403712297,1,V1_frozen_probability,2026
2026-03-18,2026-04-19,1,0.08239309561088293,0.5580046403712297,1,V1_frozen_probability,2026
2026-03-19,2026-04-20,1,0.04667474014238704,0.5580046403712297,1,V1_frozen_probability,2026
2026-03-20,2026-04-21,1,0.10045036051476752,0.5580046403712297,1,V1_frozen_probability,2026
2026-03-21,2026-04-22,1,0.12492285474292286,0.5580046403712297,1,V1_frozen_probability,2026
2026-03-22,2026-04-23,1,0.10255442205892429,0.5580046403712297,1,V1_frozen_probability,2026
2026-03-23,2026-04-24,1,0.10914251423747734,0.5580046403712297,1,V1_frozen_probability,2026
2026-03-24,2026-04-25,1,0.0855185975544368,0.5580046403712297,1,V1_frozen_probability,2026
2026-03-25,2026-04-26,1,0.1279373777886208,0.5580046403712297,1,V1_frozen_probability,2026
2026-03-26,2026-04-27,1,0.18447179285162707,0.5580046403712297,1,V1_frozen_probability,2026
2026-03-27,2026-04-28,1,0.16563377939118729,0.5580046403712297,1,V1_frozen_probability,2026
2026-03-28,2026-04-29,1,0.1565172616110697,0.5580046403712297,1,V1_frozen_probability,2026
2026-03-29,2026-04-30,1,0.13447563362515114,0.5580046403712297,1,V1_frozen_probability,2026
2026-03-30,2026-05-01,1,0.11806619629142712,0.5580046403712297,1,V1_frozen_probability,2026
2026-03-31,2026-05-02,1,0.14853366242906008,0.5580046403712297,1,V1_frozen_probability,2026
2026-04-01,2026-05-03,1,0.1761509635214138,0.5580046403712297,1,V1_frozen_probability,2026
2026-04-02,2026-05-04,1,0.17329071957606068,0.5580046403712297,1,V1_frozen_probability,2026
2026-04-03,2026-05-05,1,0.18663464507353744,0.5580046403712297,1,V1_frozen_probability,2026
2026-04-04,2026-05-06,1,0.17196336655262656,0.5580046403712297,1,V1_frozen_probability,2026
2026-04-05,2026-05-07,1,0.1829002263641466,0.5580046403712297,1,V1_frozen_probability,2026
2026-04-06,2026-05-08,1,0.11236520882673462,0.5580046403712297,1,V1_frozen_probability,2026
2026-04-07,2026-05-09,1,0.1283700434206141,0.5580046403712297,1,V1_frozen_probability,2026
2026-04-08,2026-05-10,1,0.12384287731734478,0.5580046403712297,1,V1_frozen_probability,2026
2026-04-09,2026-05-11,1,0.12674090641644198,0.4691011235955056,0,V1_frozen_probability,2026
2026-04-10,2026-05-12,1,0.11914188816584614,0.4691011235955056,0,V1_frozen_probability,2026
2026-04-11,2026-05-13,1,0.13800812422004838,0.4691011235955056,0,V1_frozen_probability,2026
2026-04-12,2026-05-14,1,0.0657852938805128,0.4691011235955056,0,V1_frozen_probability,2026
2026-04-13,2026-05-15,1,0.09386624183630321,0.4691011235955056,0,V1_frozen_probability,2026
2026-04-14,2026-05-16,1,0.05752186305599016,0.4691011235955056,0,V1_frozen_probability,2026
2026-04-15,2026-05-17,1,0.03983499010302549,0.4691011235955056,0,V1_frozen_probability,2026
2026-04-16,2026-05-18,1,0.005003891814940431,0.4691011235955056,0,V1_frozen_probability,2026
2026-04-17,2026-05-19,1,0.017308621176202132,0.4691011235955056,0,V1_frozen_probability,2026
2026-04-18,2026-05-20,1,0.04109059670631332,0.4691011235955056,0,V1_frozen_probability,2026
2026-04-19,2026-05-21,1,0.022563925540509455,0.4691011235955056,0,V1_frozen_probability,2026
2026-04-20,2026-05-22,1,0.016759820446776708,0.4691011235955056,0,V1_frozen_probability,2026
2026-04-21,2026-05-23,0,-0.03375262317305261,0.4691011235955056,0,V1_frozen_probability,2026
2026-04-22,2026-05-24,0,-0.019237522087345416,0.4691011235955056,0,V1_frozen_probability,2026
2026-04-23,2026-05-25,0,-0.004806092374549542,0.4691011235955056,0,V1_frozen_probability,2026
2026-04-24,2026-05-26,0,-0.0039032528180354964,0.4691011235955056,0,V1_frozen_probability,2026
2026-04-25,2026-05-27,0,-0.03467613725573715,0.4691011235955056,0,V1_frozen_probability,2026
2026-04-26,2026-05-28,0,-0.03776606111928826,0.4691011235955056,0,V1_frozen_probability,2026
2026-04-27,2026-05-29,0,-0.03569767828732451,0.4691011235955056,0,V1_frozen_probability,2026
2026-04-28,2026-05-30,0,-0.03060464502507254,0.4691011235955056,0,V1_frozen_probability,2026
2026-04-29,2026-05-31,0,-0.03225029857264072,0.4691011235955056,0,V1_frozen_probability,2026
2026-04-30,2026-06-01,0,-0.058247145349939355,0.4691011235955056,0,V1_frozen_probability,2026
2026-05-01,2026-06-02,0,-0.09249246760957741,0.4691011235955056,0,V1_frozen_probability,2026
2026-05-02,2026-06-03,0,-0.15028577581521785,0.4691011235955056,0,V1_frozen_probability,2026
2026-05-03,2026-06-04,0,-0.19682020049583637,0.4691011235955056,0,V1_frozen_probability,2026
2026-05-04,2026-06-05,0,-0.2103631235096044,0.4691011235955056,0,V1_frozen_probability,2026
2026-05-05,2026-06-06,0,-0.2503534506668814,0.4691011235955056,0,V1_frozen_probability,2026
2026-05-06,2026-06-07,0,-0.23899932505062116,0.4691011235955056,0,V1_frozen_probability,2026
2026-05-07,2026-06-08,0,-0.21025690713349932,0.4691011235955056,0,V1_frozen_probability,2026
2026-05-08,2026-06-09,0,-0.21805598300710194,0.4691011235955056,0,V1_frozen_probability,2026
2026-05-09,2026-06-10,0,-0.2491187515106118,0.4691011235955056,0,V1_frozen_probability,2026
2026-05-10,2026-06-11,0,-0.24753204023308395,0.4691011235955056,0,V1_frozen_probability,2026
2026-05-11,2026-06-12,0,-0.20965879285957667,0.4691011235955056,0,V1_frozen_probability,2026
2026-05-12,2026-06-13,0,-0.19837213310552881,0.4691011235955056,0,V1_frozen_probability,2026
2026-05-13,2026-06-14,0,-0.20510531508200758,0.4691011235955056,0,V1_frozen_probability,2026
2026-05-14,2026-06-15,0,-0.1689572662969011,0.4691011235955056,0,V1_frozen_probability,2026
2026-05-15,2026-06-16,0,-0.1512425453994053,0.4691011235955056,0,V1_frozen_probability,2026
2026-05-16,2026-06-17,0,-0.15211727902478855,0.4691011235955056,0,V1_frozen_probability,2026
2026-05-17,2026-06-18,0,-0.16223603891229676,0.4691011235955056,0,V1_frozen_probability,2026
2026-05-18,2026-06-19,0,-0.18060084056143633,0.4691011235955056,0,V1_frozen_probability,2026
2026-05-19,2026-06-20,0,-0.1806310172343185,0.4691011235955056,0,V1_frozen_probability,2026
2026-05-20,2026-06-21,0,-0.17158308029115832,0.4691011235955056,0,V1_frozen_probability,2026
2026-05-21,2026-06-22,0,-0.1618689559766745,0.4691011235955056,0,V1_frozen_probability,2026
2026-05-22,2026-06-23,0,-0.16588479779028553,0.4691011235955056,0,V1_frozen_probability,2026
2026-05-23,2026-06-24,0,-0.18595208509807837,0.4691011235955056,0,V1_frozen_probability,2026
2026-05-24,2026-06-25,0,-0.21008261425175057,0.4691011235955056,0,V1_frozen_probability,2026
2026-05-25,2026-06-26,0,-0.21250319866940615,0.4691011235955056,0,V1_frozen_probability,2026
2026-05-26,2026-06-27,0,-0.19277599752099783,0.4691011235955056,0,V1_frozen_probability,2026
2026-05-27,2026-06-28,0,-0.18458255589158667,0.4691011235955056,0,V1_frozen_probability,2026
2026-05-28,2026-06-29,0,-0.18899567905486436,0.4691011235955056,0,V1_frozen_probability,2026
2026-05-29,2026-06-30,0,-0.1843986509733181,0.4691011235955056,0,V1_frozen_probability,2026
2026-05-30,2026-07-01,0,-0.2042728823407971,0.4691011235955056,0,V1_frozen_probability,2026
2026-05-31,2026-07-02,0,-0.15943250771262396,0.4691011235955056,0,V1_frozen_probability,2026
2026-06-01,2026-07-03,0,-0.07790255485101738,0.4691011235955056,0,V1_frozen_probability,2026
2026-06-02,2026-07-04,0,-0.024312802304235492,0.5580046403712297,1,V1_frozen_probability,2026
2026-06-03,2026-07-05,0,-0.011614126978387485,0.5580046403712297,1,V1_frozen_probability,2026
2026-06-04,2026-07-06,1,0.04247772594779886,0.5580046403712297,1,V1_frozen_probability,2026
2026-06-05,2026-07-07,1,0.05187369158253752,0.5580046403712297,1,V1_frozen_probability,2026
2026-06-06,2026-07-08,1,0.0005051158174198545,0.5580046403712297,1,V1_frozen_probability,2026
2026-06-07,2026-07-09,0,-0.012617537964049075,0.5580046403712297,1,V1_frozen_probability,2026
2026-06-08,2026-07-10,1,0.024299530212214426,0.5580046403712297,1,V1_frozen_probability,2026
2026-06-09,2026-07-11,1,0.04309360002171969,0.5580046403712297,1,V1_frozen_probability,2026
2026-06-10,2026-07-12,1,0.0030335083142112307,0.5580046403712297,1,V1_frozen_probability,2026
2026-06-11,2026-07-13,1,0.003145643284051536,0.5580046403712297,1,V1_frozen_probability,2026
2026-06-12,2026-07-14,0,-0.03294377223249689,0.5580046403712297,1,V1_frozen_probability,2026
2026-06-13,2026-07-15,0,-0.01068437915659326,0.5580046403712297,1,V1_frozen_probability,2026
2026-06-14,2026-07-16,0,-0.023707068760841943,0.5580046403712297,1,V1_frozen_probability,2026
2026-06-15,2026-07-17,0,-0.02809013229078583,0.5580046403712297,1,V1_frozen_probability,2026
2026-06-16,2026-07-18,0,-0.008955749084629594,0.5580046403712297,1,V1_frozen_probability,2026
2026-06-17,2026-07-19,1,0.02980081486057129,0.5580046403712297,1,V1_frozen_probability,2026
2026-06-18,2026-07-20,1,0.018548593964172744,0.5580046403712297,1,V1_frozen_probability,2026
2026-06-19,2026-07-21,1,0.014891596178482125,0.5580046403712297,1,V1_frozen_probability,2026
2026-06-20,2026-07-22,1,0.05124068107151869,0.5580046403712297,1,V1_frozen_probability,2026
2026-06-21,2026-07-23,1,0.03271617733268073,0.5580046403712297,1,V1_frozen_probability,2026
2026-06-22,2026-07-24,1,0.0376891082540296,0.5580046403712297,1,V1_frozen_probability,2026
2026-06-23,2026-07-25,1,0.05013261730901464,0.5580046403712297,1,V1_frozen_probability,2026
2026-06-24,2026-07-26,1,0.07660168202367301,0.5580046403712297,1,V1_frozen_probability,2026
2026-06-25,2026-07-27,1,0.08823578841434898,0.5580046403712297,1,V1_frozen_probability,2026
2026-06-26,2026-07-28,1,0.062084148980634524,0.5580046403712297,1,V1_frozen_probability,2026
2026-06-27,2026-07-29,1,0.07281315393303545,0.5580046403712297,1,V1_frozen_probability,2026
2026-06-28,2026-07-30,1,0.061800159972917434,0.5580046403712297,1,V1_frozen_probability,2026
2026-06-29,2026-07-31,1,0.10499531682118346,0.5580046403712297,1,V1_frozen_probability,2026
2026-06-30,2026-08-01,1,0.0477122484339596,0.5580046403712297,1,V1_frozen_probability,2026
2026-07-01,2026-08-02,1,0.02052712800519818,0.5580046403712297,1,V1_frozen_probability,2026
2026-07-02,2026-08-03,1,0.01576699583882335,0.5580046403712297,1,V1_frozen_probability,2026
2026-07-03,2026-08-04,1,0.005954484043696251,0.5580046403712297,1,V1_frozen_probability,2026
2026-07-04,2026-08-05,1,0.007172661873894537,0.5580046403712297,1,V1_frozen_probability,2026
2026-07-05,2026-08-06,1,0.009717075717803558,0.5580046403712297,1,V1_frozen_probability,2026
2026-07-06,2026-08-07,1,0.01514440376238868,0.5580046403712297,1,V1_frozen_probability,2026
2026-07-07,2026-08-08,1,0.042273070754042186,0.5580046403712297,1,V1_frozen_probability,2026
2026-07-08,2026-08-09,1,0.027401387410819655,0.5580046403712297,1,V1_frozen_probability,2026
2026-07-09,2026-08-10,1,0.011531330519194194,0.5580046403712297,1,V1_frozen_probability,2026
2026-07-10,2026-08-11,1,0.002366066161164193,0.5580046403712297,1,V1_frozen_probability,2026
2026-07-11,2026-08-12,0,-0.002822044528065226,0.5580046403712297,1,V1_frozen_probability,2026
2026-07-12,2026-08-13,1,0.018376174228982523,0.5580046403712297,1,V1_frozen_probability,2026
2026-07-13,2026-08-14,0,-0.023878147696658747,0.5580046403712297,1,V1_frozen_probability,2026
2026-07-14,2026-08-15,0,-0.026448708912865326,0.5580046403712297,1,V1_frozen_probability,2026
2026-07-15,2026-08-16,0,-0.011658901272438404,0.5580046403712297,1,V1_frozen_probability,2026
2026-07-16,2026-08-17,0,-0.01613707259641428,0.5580046403712297,1,V1_frozen_probability,2026
2026-07-17,2026-08-18,0,-0.004659577096720935,0.5580046403712297,1,V1_frozen_probability,2026
2026-07-18,2026-08-19,1,4.434312306900168e-05,0.5580046403712297,1,V1_frozen_probability,2026
2026-07-19,2026-08-20,1,0.06251226907888685,0.5580046403712297,1,V1_frozen_probability,2026
2026-07-20,2026-08-21,1,0.09722422345643511,0.5580046403712297,1,V1_frozen_probability,2026
2026-07-21,2026-08-22,1,0.1848842538323665,0.5580046403712297,1,V1_frozen_probability,2026
2026-07-22,2026-08-23,1,0.1839654016084431,0.5580046403712297,1,V1_frozen_probability,2026
2026-07-23,2026-08-24,1,0.21194262550670406,0.5580046403712297,1,V1_frozen_probability,2026
2026-07-24,2026-08-25,1,0.2270718093869033,0.5580046403712297,1,V1_frozen_probability,2026
2026-07-25,2026-08-26,1,0.20090412844036698,0.5580046403712297,1,V1_frozen_probability,2026
2026-07-26,2026-08-27,1,0.23947430087210808,0.5580046403712297,1,V1_frozen_probability,2026
2026-07-27,2026-08-28,1,0.25556739419541574,0.5580046403712297,1,V1_frozen_probability,2026
2026-07-28,2026-08-29,1,0.21664052222819086,0.5580046403712297,1,V1_frozen_probability,2026
2026-07-29,2026-08-30,1,0.20762525117694453,0.5580046403712297,1,V1_frozen_probability,2026
2026-07-30,2026-08-31,1,0.23524596472325032,0.5580046403712297,1,V1_frozen_probability,2026
2026-07-31,2026-09-01,1,0.2508235354042625,0.5580046403712297,1,V1_frozen_probability,2026
2026-08-01,2026-09-02,1,0.21816891329732346,0.5580046403712297,1,V1_frozen_probability,2026
2026-08-02,2026-09-03,1,0.21756942695214088,0.5580046403712297,1,V1_frozen_probability,2026
2026-08-03,2026-09-04,1,0.26773894399246245,0.5580046403712297,1,V1_frozen_probability,2026
2026-08-04,2026-09-05,1,0.2318947552038777,0.5580046403712297,1,V1_frozen_probability,2026
2026-08-05,2026-09-06,1,0.24109561014998993,0.4691011235955056,0,V1_frozen_probability,2026
2026-08-06,2026-09-07,1,0.23749029622692674,0.4691011235955056,0,V1_frozen_probability,2026
2026-08-07,2026-09-08,1,0.21780840052584094,0.4691011235955056,0,V1_frozen_probability,2026
2026-08-08,2026-09-09,1,0.20884249523008624,0.4691011235955056,0,V1_frozen_probability,2026
2026-08-09,2026-09-10,1,0.22411157978558993,0.4691011235955056,0,V1_frozen_probability,2026
2026-08-10,2026-09-11,1,0.2039106597624747,0.4691011235955056,0,V1_frozen_probability,2026
2026-08-11,2026-09-12,1,0.21653626599500098,0.4691011235955056,0,V1_frozen_probability,2026
2026-08-12,2026-09-13,1,0.21716306882596959,0.4691011235955056,0,V1_frozen_probability,2026
2026-08-13,2026-09-14,1,0.21887168173878502,0.5580046403712297,1,V1_frozen_probability,2026
2026-08-14,2026-09-15,1,0.23940632796399708,0.5580046403712297,1,V1_frozen_probability,2026
2026-08-15,2026-09-16,1,0.2026149443561207,0.5580046403712297,1,V1_frozen_probability,2026
