signal_date,label_end,target,forward_return,historical_prior,regime_shrunk,logistic_shrunk,equal_blend,always_up,coin_flip,refit_date,nested_primary,selected_candidate,horizon
2020-01-01,2020-01-08,1,0.118754035982,0.514960629921,0.51778640346,0.515744744276,0.516765573868,1,0.5,2020-01-01,,,7
2020-01-02,2020-01-09,1,0.12232062489,0.514960629921,0.51778640346,0.516523589363,0.517154996411,1,0.5,2020-01-01,,,7
2020-01-03,2020-01-10,1,0.116006077637,0.514960629921,0.51778640346,0.516302785571,0.517044594515,1,0.5,2020-01-01,,,7
2020-01-04,2020-01-11,1,0.0905480064889,0.514960629921,0.51778640346,0.516168992034,0.516977697747,1,0.5,2020-01-01,,,7
2020-01-05,2020-01-12,1,0.112278579922,0.514960629921,0.51778640346,0.516091971844,0.516939187652,1,0.5,2020-01-01,,,7
2020-01-06,2020-01-13,1,0.0454163444187,0.514960629921,0.51778640346,0.515933669634,0.516860036547,1,0.5,2020-01-01,,,7
2020-01-07,2020-01-14,1,0.0816092264477,0.514960629921,0.51778640346,0.515626118206,0.516706260833,1,0.5,2020-01-01,,,7
2020-01-08,2020-01-15,1,0.0950138903026,0.514960629921,0.51778640346,0.515590762523,0.516688582991,1,0.5,2020-01-01,,,7
2020-01-09,2020-01-16,1,0.115410296556,0.514960629921,0.51778640346,0.516297792582,0.517042098021,1,0.5,2020-01-01,,,7
2020-01-10,2020-01-17,1,0.0873805358533,0.514960629921,0.51778640346,0.51570047705,0.516743440255,1,0.5,2020-01-01,,,7
2020-01-11,2020-01-18,1,0.111714324546,0.514960629921,0.51778640346,0.516182914225,0.516984658842,1,0.5,2020-01-01,,,7
2020-01-12,2020-01-19,1,0.0631302703244,0.514960629921,0.51778640346,0.515862053934,0.516824228697,1,0.5,2020-01-01,,,7
2020-01-13,2020-01-20,1,0.065596510134,0.514960629921,0.51778640346,0.515543858113,0.516665130786,1,0.5,2020-01-01,,,7
2020-01-14,2020-01-21,0,-0.00839726629141,0.514960629921,0.51778640346,0.515105709783,0.516446056621,1,0.5,2020-01-01,,,7
2020-01-15,2020-01-22,0,-0.0157627862213,0.514960629921,0.438232215193,0.514635622093,0.476433918643,1,0.5,2020-01-01,,,7
2020-01-16,2020-01-23,0,-0.0361800043807,0.514960629921,0.438232215193,0.514369789823,0.476301002508,1,0.5,2020-01-01,,,7
2020-01-17,2020-01-24,0,-0.0532104904143,0.514960629921,0.438232215193,0.512487853182,0.475360034187,1,0.5,2020-01-01,,,7
2020-01-18,2020-01-25,0,-0.0645337125783,0.514960629921,0.438232215193,0.512322031475,0.475277123334,1,0.5,2020-01-01,,,7
2020-01-19,2020-01-26,0,-0.00996357033683,0.514960629921,0.438232215193,0.512956467864,0.475594341528,1,0.5,2020-01-01,,,7
2020-01-20,2020-01-27,1,0.0306884122953,0.514960629921,0.438232215193,0.513055562126,0.475643888659,1,0.5,2020-01-01,,,7
2020-01-21,2020-01-28,1,0.0730514890631,0.514960629921,0.438232215193,0.512271217595,0.475251716394,1,0.5,2020-01-01,,,7
2020-01-22,2020-01-29,1,0.0713135599077,0.514960629921,0.438232215193,0.512062005347,0.47514711027,1,0.5,2020-01-01,,,7
2020-01-23,2020-01-30,1,0.131915921433,0.514960629921,0.438232215193,0.512969961709,0.475601088451,1,0.5,2020-01-01,,,7
2020-01-24,2020-01-31,1,0.108293636687,0.514960629921,0.438232215193,0.512721131293,0.475476673243,1,0.5,2020-01-01,,,7
2020-01-25,2020-02-01,1,0.125174748039,0.514960629921,0.438232215193,0.512960087687,0.47559615144,1,0.5,2020-01-01,,,7
2020-01-26,2020-02-02,1,0.0831700522345,0.514960629921,0.438232215193,0.512596455705,0.475414335449,1,0.5,2020-01-01,,,7
2020-01-27,2020-02-03,1,0.043184617129,0.514960629921,0.438232215193,0.512150478303,0.475191346748,1,0.5,2020-01-01,,,7
2020-01-28,2020-02-04,0,-0.0189018594634,0.514960629921,0.58817960255,0.511539399098,0.549859500824,1,0.5,2020-01-01,,,7
2020-01-29,2020-02-05,1,0.0333826800537,0.514960629921,0.58817960255,0.51150334349,0.54984147302,1,0.5,2020-01-01,,,7
2020-01-30,2020-02-06,1,0.0272032258302,0.514960629921,0.58817960255,0.511081437424,0.549630519987,1,0.5,2020-01-01,,,7
2020-01-31,2020-02-07,1,0.0492724708619,0.514960629921,0.58817960255,0.511557156808,0.549868379679,1,0.5,2020-01-01,,,7
2020-02-01,2020-02-08,1,0.054391178749,0.524024024024,0.589312526813,0.522099265108,0.55570589596,1,0.5,2020-02-01,,,7
2020-02-02,2020-02-09,1,0.0879000290414,0.524024024024,0.589312526813,0.521759574698,0.555536050755,1,0.5,2020-02-01,,,7
2020-02-03,2020-02-10,1,0.0602212168433,0.524024024024,0.589312526813,0.521566688872,0.555439607843,1,0.5,2020-02-01,,,7
2020-02-04,2020-02-11,1,0.111564398033,0.524024024024,0.589312526813,0.521361670627,0.55533709872,1,0.5,2020-02-01,,,7
2020-02-05,2020-02-12,1,0.0743255333935,0.524024024024,0.589312526813,0.520596122677,0.554954324745,1,0.5,2020-02-01,,,7
2020-02-06,2020-02-13,1,0.0468307408923,0.524024024024,0.589312526813,0.519917121172,0.554614823992,1,0.5,2020-02-01,,,7
2020-02-07,2020-02-14,1,0.0540701649628,0.524024024024,0.589312526813,0.519905833772,0.554609180292,1,0.5,2020-02-01,,,7
2020-02-08,2020-02-15,1,0.00097725630492,0.524024024024,0.589312526813,0.519471650923,0.554392088868,1,0.5,2020-02-01,,,7
2020-02-09,2020-02-16,0,-0.0230974955057,0.524024024024,0.589312526813,0.518887812015,0.554100169414,1,0.5,2020-02-01,,,7
2020-02-10,2020-02-17,0,-0.0148023260653,0.524024024024,0.589312526813,0.519554008314,0.554433267563,1,0.5,2020-02-01,,,7
2020-02-11,2020-02-18,0,-0.00570962958326,0.524024024024,0.589312526813,0.51907059161,0.554191559211,1,0.5,2020-02-01,,,7
2020-02-12,2020-02-19,0,-0.0709507420742,0.524024024024,0.589312526813,0.518478426418,0.553895476615,1,0.5,2020-02-01,,,7
2020-02-13,2020-02-20,0,-0.0618995994968,0.524024024024,0.589312526813,0.51768616252,0.553499344666,1,0.5,2020-02-01,,,7
2020-02-14,2020-02-21,0,-0.064509549165,0.524024024024,0.589312526813,0.517449340169,0.553380933491,1,0.5,2020-02-01,,,7
2020-02-15,2020-02-22,0,-0.0256302045893,0.524024024024,0.589312526813,0.518593618271,0.553953072542,1,0.5,2020-02-01,,,7
2020-02-16,2020-02-23,1,0.00192895827178,0.524024024024,0.589312526813,0.518335989047,0.55382425793,1,0.5,2020-02-01,,,7
2020-02-17,2020-02-24,0,-0.00513805893262,0.524024024024,0.589312526813,0.519071451627,0.55419198922,1,0.5,2020-02-01,,,7
2020-02-18,2020-02-25,0,-0.0835114823738,0.524024024024,0.589312526813,0.518036710656,0.553674618734,1,0.5,2020-02-01,,,7
2020-02-19,2020-02-26,0,-0.0842774336315,0.524024024024,0.589312526813,0.51961869462,0.554465610716,1,0.5,2020-02-01,,,7
2020-02-20,2020-02-27,0,-0.0805727552566,0.524024024024,0.589312526813,0.519676180768,0.55449435379,1,0.5,2020-02-01,,,7
2020-02-21,2020-02-28,0,-0.101698348154,0.524024024024,0.589312526813,0.519387354531,0.554349940672,1,0.5,2020-02-01,,,7
2020-02-22,2020-02-29,0,-0.116803062111,0.524024024024,0.589312526813,0.519511365152,0.554411945982,1,0.5,2020-02-01,,,7
2020-02-23,2020-03-01,0,-0.141350992311,0.524024024024,0.589312526813,0.519024397173,0.554168461993,1,0.5,2020-02-01,,,7
2020-02-24,2020-03-02,0,-0.0767274259978,0.524024024024,0.589312526813,0.519813970393,0.554563248603,1,0.5,2020-02-01,,,7
2020-02-25,2020-03-03,0,-0.0596586029816,0.524024024024,0.589312526813,0.520211110607,0.55476181871,1,0.5,2020-02-01,,,7
2020-02-26,2020-03-04,0,-0.00391337753621,0.524024024024,0.589312526813,0.522032136124,0.555672331468,1,0.5,2020-02-01,,,7
2020-02-27,2020-03-05,1,0.0262342163453,0.524024024024,0.589312526813,0.521593575496,0.555453051154,1,0.5,2020-02-01,,,7
2020-02-28,2020-03-06,1,0.0504974743785,0.524024024024,0.442647565598,0.521742319032,0.482194942315,1,0.5,2020-02-01,,,7
2020-02-29,2020-03-07,1,0.0425934551205,0.524024024024,0.442647565598,0.522016684253,0.482332124926,1,0.5,2020-02-01,,,7
2020-03-01,2020-03-08,0,-0.0584361242774,0.523741007194,0.451605167479,0.518536987083,0.485071077281,1,0.5,2020-03-01,,,7
2020-03-02,2020-03-09,0,-0.110526469282,0.523741007194,0.572157531707,0.51929485585,0.545726193779,1,0.5,2020-03-01,,,7
2020-03-03,2020-03-10,0,-0.098801721904,0.523741007194,0.572157531707,0.520059744648,0.546108638177,1,0.5,2020-03-01,,,7
2020-03-04,2020-03-11,0,-0.0932878673778,0.523741007194,0.572157531707,0.521071533446,0.546614532577,1,0.5,2020-03-01,,,7
2020-03-05,2020-03-12,0,-0.469887395248,0.523741007194,0.572157531707,0.52112824106,0.546642886384,1,0.5,2020-03-01,,,7
2020-03-06,2020-03-13,0,-0.389107171798,0.523741007194,0.572157531707,0.520596705572,0.546377118639,1,0.5,2020-03-01,,,7
2020-03-07,2020-03-14,0,-0.417997312826,0.523741007194,0.572157531707,0.521022641381,0.546590086544,1,0.5,2020-03-01,,,7
2020-03-08,2020-03-15,0,-0.332616318803,0.523741007194,0.451605167479,0.523316207883,0.487460687681,1,0.5,2020-03-01,,,7
2020-03-09,2020-03-16,0,-0.365819364,0.523741007194,0.451605167479,0.522475295404,0.487040231442,1,0.5,2020-03-01,,,7
2020-03-10,2020-03-17,0,-0.327050525932,0.523741007194,0.534570641359,0.522380363867,0.528475502613,1,0.5,2020-03-01,,,7
2020-03-11,2020-03-18,0,-0.320306710425,0.523741007194,0.534570641359,0.522459662779,0.528515152069,1,0.5,2020-03-01,,,7
2020-03-12,2020-03-19,1,0.283827083333,0.523741007194,0.534570641359,0.543962294939,0.539266468149,1,0.5,2020-03-01,,,7
2020-03-13,2020-03-20,1,0.112888538343,0.523741007194,0.534570641359,0.546553201862,0.540561921611,1,0.5,2020-03-01,,,7
2020-03-14,2020-03-21,1,0.196231288887,0.523741007194,0.534570641359,0.546771434168,0.540671037763,1,0.5,2020-03-01,,,7
2020-03-15,2020-03-22,1,0.08484695876,0.523741007194,0.534570641359,0.548720449239,0.541645545299,1,0.5,2020-03-01,,,7
2020-03-16,2020-03-23,1,0.286010853117,0.523741007194,0.534570641359,0.548834970659,0.541702806009,1,0.5,2020-03-01,,,7
2020-03-17,2020-03-24,1,0.269560896278,0.523741007194,0.534570641359,0.549529348964,0.542049995162,1,0.5,2020-03-01,,,7
2020-03-18,2020-03-25,1,0.238156957857,0.523741007194,0.534570641359,0.54968211437,0.542126377864,1,0.5,2020-03-01,,,7
2020-03-19,2020-03-26,1,0.0933066336491,0.523741007194,0.534570641359,0.55946016077,0.547015401065,1,0.5,2020-03-01,,,7
2020-03-20,2020-03-27,1,0.0242817748971,0.523741007194,0.534570641359,0.55718266377,0.545876652565,1,0.5,2020-03-01,,,7
2020-03-21,2020-03-28,1,0.0080281494364,0.523741007194,0.534570641359,0.558371836349,0.546471238854,1,0.5,2020-03-01,,,7
2020-03-22,2020-03-29,1,0.0112152457193,0.523741007194,0.534570641359,0.557571911604,0.546071276482,1,0.5,2020-03-01,,,7
2020-03-23,2020-03-30,0,-0.011276713193,0.523741007194,0.534570641359,0.559744402368,0.547157521864,1,0.5,2020-03-01,,,7
2020-03-24,2020-03-31,0,-0.0495617312505,0.523741007194,0.534570641359,0.558750307273,0.546660474316,1,0.5,2020-03-01,,,7
2020-03-25,2020-04-01,0,-0.00516815601212,0.523741007194,0.534570641359,0.55858888487,0.546579763115,1,0.5,2020-03-01,,,7
2020-03-26,2020-04-02,1,0.0084202120712,0.523741007194,0.534570641359,0.556521455511,0.545546048435,1,0.5,2020-03-01,,,7
2020-03-27,2020-04-03,1,0.0589689437673,0.523741007194,0.534570641359,0.556599672891,0.545585157125,1,0.5,2020-03-01,,,7
2020-03-28,2020-04-04,1,0.0994668612156,0.523741007194,0.534570641359,0.556538325833,0.545554483596,1,0.5,2020-03-01,,,7
2020-03-29,2020-04-05,1,0.151555236661,0.523741007194,0.534570641359,0.557567082569,0.546068861964,1,0.5,2020-03-01,,,7
2020-03-30,2020-04-06,1,0.146303472737,0.523741007194,0.534570641359,0.556579629425,0.545575135392,1,0.5,2020-03-01,,,7
2020-03-31,2020-04-07,1,0.122749764447,0.523741007194,0.534570641359,0.555831155849,0.545200898604,1,0.5,2020-03-01,,,7
2020-04-01,2020-04-08,1,0.108139191801,0.520661157025,0.542030394623,0.596497899364,0.569264146993,1,0.5,2020-04-01,,,7
2020-04-02,2020-04-09,1,0.0720405528923,0.520661157025,0.542030394623,0.595842166348,0.568936280485,1,0.5,2020-04-01,,,7
2020-04-03,2020-04-10,1,0.0185355132831,0.520661157025,0.542030394623,0.594949158463,0.568489776543,1,0.5,2020-04-01,,,7
2020-04-04,2020-04-11,1,0.00289339783199,0.520661157025,0.542030394623,0.593504417179,0.567767405901,1,0.5,2020-04-01,,,7
2020-04-05,2020-04-12,1,0.0193436077947,0.520661157025,0.542030394623,0.592688417693,0.567359406158,1,0.5,2020-04-01,,,7
2020-04-06,2020-04-13,0,-0.0671209702724,0.520661157025,0.542030394623,0.591979219826,0.567004807224,1,0.5,2020-04-01,,,7
2020-04-07,2020-04-14,0,-0.0456586618352,0.520661157025,0.542030394623,0.591729237101,0.566879815862,1,0.5,2020-04-01,,,7
2020-04-08,2020-04-15,0,-0.100531429317,0.520661157025,0.542030394623,0.591529687395,0.566780041009,1,0.5,2020-04-01,,,7
2020-04-09,2020-04-16,0,-0.0249329309649,0.520661157025,0.542030394623,0.592459781442,0.567245088032,1,0.5,2020-04-01,,,7
2020-04-10,2020-04-17,1,0.0245855032571,0.520661157025,0.542030394623,0.595295852552,0.568663123587,1,0.5,2020-04-01,,,7
2020-04-11,2020-04-18,1,0.0540612462428,0.520661157025,0.542030394623,0.547581835548,0.544806115085,1,0.5,2020-04-01,,,7
2020-04-12,2020-04-19,1,0.0314247681346,0.520661157025,0.542030394623,0.540681434902,0.541355914762,1,0.5,2020-04-01,,,7
2020-04-13,2020-04-20,0,-0.00162037815648,0.520661157025,0.542030394623,0.540847943656,0.54143916914,1,0.5,2020-04-01,,,7
2020-04-14,2020-04-21,0,-0.00397891886383,0.520661157025,0.542030394623,0.53986627168,0.540948333151,1,0.5,2020-04-01,,,7
2020-04-15,2020-04-22,1,0.0761035697241,0.520661157025,0.542030394623,0.541106555565,0.541568475094,1,0.5,2020-04-01,,,7
2020-04-16,2020-04-23,1,0.0535698696413,0.520661157025,0.542030394623,0.537925962449,0.539978178536,1,0.5,2020-04-01,,,7
2020-04-17,2020-04-24,1,0.067939751407,0.520661157025,0.542030394623,0.537109828857,0.53957011174,1,0.5,2020-04-01,,,7
2020-04-18,2020-04-25,1,0.040017382667,0.520661157025,0.542030394623,0.529586079573,0.535808237098,1,0.5,2020-04-01,,,7
2020-04-19,2020-04-26,1,0.0803792864225,0.520661157025,0.542030394623,0.53073935111,0.536384872866,1,0.5,2020-04-01,,,7
2020-04-20,2020-04-27,1,0.138833104091,0.520661157025,0.542030394623,0.533388145312,0.537709269967,1,0.5,2020-04-01,,,7
2020-04-21,2020-04-28,1,0.13120325315,0.520661157025,0.542030394623,0.531730007769,0.536880201196,1,0.5,2020-04-01,,,7
2020-04-22,2020-04-29,1,0.232055791184,0.520661157025,0.542030394623,0.524734066298,0.533382230461,1,0.5,2020-04-01,,,7
2020-04-23,2020-04-30,1,0.152038319307,0.520661157025,0.542030394623,0.524093229342,0.533061811982,1,0.5,2020-04-01,,,7
2020-04-24,2020-05-01,1,0.176143904064,0.520661157025,0.542030394623,0.523609423689,0.532819909156,1,0.5,2020-04-01,,,7
2020-04-25,2020-05-02,1,0.190136987028,0.520661157025,0.542030394623,0.524072184971,0.533051289797,1,0.5,2020-04-01,,,7
2020-04-26,2020-05-03,1,0.156121719463,0.520661157025,0.542030394623,0.520958392597,0.53149439361,1,0.5,2020-04-01,,,7
2020-04-27,2020-05-04,1,0.141143875842,0.520661157025,0.542030394623,0.519100508411,0.530565451517,1,0.5,2020-04-01,,,7
2020-04-28,2020-05-05,1,0.165764739022,0.520661157025,0.542030394623,0.51735048531,0.529690439966,1,0.5,2020-04-01,,,7
2020-04-29,2020-05-06,1,0.0415044819373,0.520661157025,0.449915624594,0.515184527336,0.482550075965,1,0.5,2020-04-01,,,7
2020-04-30,2020-05-07,1,0.158515081206,0.520661157025,0.449915624594,0.517720884757,0.483818254675,1,0.5,2020-04-01,,,7
2020-05-01,2020-05-08,1,0.110236140189,0.530423280423,0.54701897019,0.523797180185,0.535408075187,1,0.5,2020-05-01,,,7
2020-05-02,2020-05-09,1,0.0632352695315,0.530423280423,0.54701897019,0.522704740225,0.534861855207,1,0.5,2020-05-01,,,7
2020-05-03,2020-05-10,0,-0.0192699479209,0.530423280423,0.54701897019,0.523984267551,0.53550161887,1,0.5,2020-05-01,,,7
2020-05-04,2020-05-11,0,-0.0349911406273,0.530423280423,0.450988947062,0.52439808559,0.487693516326,1,0.5,2020-05-01,,,7
2020-05-05,2020-05-12,0,-0.0233921499297,0.530423280423,0.54701897019,0.523098201097,0.535058585643,1,0.5,2020-05-01,,,7
2020-05-06,2020-05-13,1,0.0182053435883,0.530423280423,0.54701897019,0.523325982695,0.535172476442,1,0.5,2020-05-01,,,7
2020-05-07,2020-05-14,0,-0.0194684771289,0.530423280423,0.54701897019,0.5196530143,0.533335992245,1,0.5,2020-05-01,,,7
2020-05-08,2020-05-15,0,-0.0493458680144,0.530423280423,0.54701897019,0.521904936486,0.534461953338,1,0.5,2020-05-01,,,7
2020-05-09,2020-05-16,0,-0.0165765142462,0.530423280423,0.54701897019,0.524764114617,0.535891542403,1,0.5,2020-05-01,,,7
2020-05-10,2020-05-17,1,0.109743808446,0.530423280423,0.54701897019,0.532878371951,0.539948671071,1,0.5,2020-05-01,,,7
2020-05-11,2020-05-18,1,0.136939468692,0.530423280423,0.54701897019,0.534260227009,0.5406395986,1,0.5,2020-05-01,,,7
2020-05-12,2020-05-19,1,0.109495289299,0.530423280423,0.54701897019,0.533145996583,0.540082483386,1,0.5,2020-05-01,,,7
2020-05-13,2020-05-20,1,0.021705013336,0.530423280423,0.54701897019,0.530821226267,0.538920098228,1,0.5,2020-05-01,,,7
2020-05-14,2020-05-21,0,-0.0738696361716,0.530423280423,0.54701897019,0.530838622346,0.538928796268,1,0.5,2020-05-01,,,7
2020-05-15,2020-05-22,0,-0.0157163373914,0.530423280423,0.54701897019,0.534386005704,0.540702487947,1,0.5,2020-05-01,,,7
2020-05-16,2020-05-23,0,-0.0215450573323,0.530423280423,0.54701897019,0.531156643317,0.539087806754,1,0.5,2020-05-01,,,7
2020-05-17,2020-05-24,0,-0.0991421523052,0.530423280423,0.54701897019,0.526350889181,0.536684929685,1,0.5,2020-05-01,,,7
2020-05-18,2020-05-25,0,-0.0856365311852,0.530423280423,0.54701897019,0.525027141128,0.536023055659,1,0.5,2020-05-01,,,7
2020-05-19,2020-05-26,0,-0.0955804953798,0.530423280423,0.54701897019,0.525460819507,0.536239894848,1,0.5,2020-05-01,,,7
2020-05-20,2020-05-27,0,-0.0323148043985,0.530423280423,0.54701897019,0.528742432194,0.537880701192,1,0.5,2020-05-01,,,7
2020-05-21,2020-05-28,1,0.0559333528144,0.530423280423,0.54701897019,0.534815293531,0.54091713186,1,0.5,2020-05-01,,,7
2020-05-22,2020-05-29,1,0.0280338058888,0.530423280423,0.54701897019,0.531840956262,0.539429963226,1,0.5,2020-05-01,,,7
2020-05-23,2020-05-30,1,0.056494337711,0.530423280423,0.54701897019,0.530963847946,0.538991409068,1,0.5,2020-05-01,,,7
2020-05-24,2020-05-31,1,0.0834749562517,0.530423280423,0.54701897019,0.536550342322,0.541784656256,1,0.5,2020-05-01,,,7
2020-05-25,2020-06-01,1,0.146108860887,0.530423280423,0.54701897019,0.53549231765,0.54125564392,1,0.5,2020-05-01,,,7
2020-05-26,2020-06-02,1,0.0765576540688,0.530423280423,0.54701897019,0.535878413288,0.541448691739,1,0.5,2020-05-01,,,7
2020-05-27,2020-06-03,1,0.0502136554807,0.530423280423,0.54701897019,0.532871590395,0.539945280292,1,0.5,2020-05-01,,,7
2020-05-28,2020-06-04,1,0.0222611161991,0.530423280423,0.54701897019,0.52920884231,0.53811390625,1,0.5,2020-05-01,,,7
2020-05-29,2020-06-05,1,0.0205885816059,0.530423280423,0.54701897019,0.523544432463,0.535281701326,1,0.5,2020-05-01,,,7
2020-05-30,2020-06-06,0,-0.00323993680989,0.530423280423,0.54701897019,0.521914423563,0.534466696876,1,0.5,2020-05-01,,,7
2020-05-31,2020-06-07,1,0.031616369981,0.530423280423,0.54701897019,0.522094980861,0.534556975525,1,0.5,2020-05-01,,,7
2020-06-01,2020-06-08,0,-0.0410518029521,0.532401524778,0.540265052721,0.521075846864,0.530670449792,1,0.5,2020-06-01,,,7
2020-06-02,2020-06-09,1,0.0267271413022,0.532401524778,0.540265052721,0.5281544682,0.53420976046,1,0.5,2020-06-01,,,7
2020-06-03,2020-06-10,1,0.0226313437283,0.532401524778,0.540265052721,0.528551802307,0.534408427514,1,0.5,2020-06-01,,,7
2020-06-04,2020-06-11,0,-0.0519620882904,0.532401524778,0.540265052721,0.52887649099,0.534570771855,1,0.5,2020-06-01,,,7
2020-06-05,2020-06-12,0,-0.0162173791934,0.532401524778,0.540265052721,0.52961842931,0.534941741016,1,0.5,2020-06-01,,,7
2020-06-06,2020-06-13,0,-0.0199621364948,0.532401524778,0.540265052721,0.526285213993,0.533275133357,1,0.5,2020-06-01,,,7
2020-06-07,2020-06-14,0,-0.0415400036319,0.532401524778,0.540265052721,0.524868681023,0.532566866872,1,0.5,2020-06-01,,,7
2020-06-08,2020-06-15,0,-0.0363923160986,0.532401524778,0.540265052721,0.527189139849,0.533727096285,1,0.5,2020-06-01,,,7
2020-06-09,2020-06-16,0,-0.0252588148495,0.532401524778,0.540265052721,0.521560140206,0.530912596463,1,0.5,2020-06-01,,,7
2020-06-10,2020-06-17,0,-0.0424744562468,0.532401524778,0.540265052721,0.521239818667,0.530752435694,1,0.5,2020-06-01,,,7
2020-06-11,2020-06-18,1,0.0114133011508,0.532401524778,0.540265052721,0.527872792284,0.534068922502,1,0.5,2020-06-01,,,7
2020-06-12,2020-06-19,0,-0.0163653325417,0.532401524778,0.540265052721,0.524262948432,0.532264000577,1,0.5,2020-06-01,,,7
2020-06-13,2020-06-20,0,-0.0120749387228,0.532401524778,0.540265052721,0.522697090972,0.531481071847,1,0.5,2020-06-01,,,7
2020-06-14,2020-06-21,0,-0.00507487609852,0.532401524778,0.540265052721,0.52318112328,0.531723088001,1,0.5,2020-06-01,,,7
2020-06-15,2020-06-22,1,0.027548212289,0.532401524778,0.540265052721,0.522697896262,0.531481474491,1,0.5,2020-06-01,,,7
2020-06-16,2020-06-23,1,0.0104245511302,0.532401524778,0.540265052721,0.521245132442,0.530755092582,1,0.5,2020-06-01,,,7
2020-06-17,2020-06-24,0,-0.0178180143136,0.532401524778,0.540265052721,0.52209027787,0.531177665296,1,0.5,2020-06-01,,,7
2020-06-18,2020-06-25,0,-0.0145775980363,0.532401524778,0.540265052721,0.520525608115,0.530395330418,1,0.5,2020-06-01,,,7
2020-06-19,2020-06-26,0,-0.0158986405277,0.532401524778,0.540265052721,0.5216736342,0.53096934346,1,0.5,2020-06-01,,,7
2020-06-20,2020-06-27,0,-0.0370714663504,0.532401524778,0.540265052721,0.520459816998,0.53036243486,1,0.5,2020-06-01,,,7
2020-06-21,2020-06-28,0,-0.019187299415,0.532401524778,0.540265052721,0.520393155883,0.530329104302,1,0.5,2020-06-01,,,7
2020-06-22,2020-06-29,0,-0.0509132545023,0.532401524778,0.540265052721,0.518810599805,0.529537826263,1,0.5,2020-06-01,,,7
2020-06-23,2020-06-30,0,-0.0505294086478,0.532401524778,0.540265052721,0.51841284013,0.529338946426,1,0.5,2020-06-01,,,7
2020-06-24,2020-07-01,0,-0.00693702677032,0.532401524778,0.540265052721,0.521124920268,0.530694986494,1,0.5,2020-06-01,,,7
2020-06-25,2020-07-02,0,-0.0176171875422,0.532401524778,0.540265052721,0.521265870163,0.530765461442,1,0.5,2020-06-01,,,7
2020-06-26,2020-07-03,0,-0.0113455159836,0.532401524778,0.540265052721,0.520487789081,0.530376420901,1,0.5,2020-06-01,,,7
2020-06-27,2020-07-04,1,0.0136995117621,0.532401524778,0.540265052721,0.520645615376,0.530455334048,1,0.5,2020-06-01,,,7
2020-06-28,2020-07-05,0,-0.00514899054995,0.532401524778,0.540265052721,0.519780081113,0.530022566917,1,0.5,2020-06-01,,,7
2020-06-29,2020-07-06,1,0.0164959488978,0.532401524778,0.540265052721,0.519964336935,0.530114694828,1,0.5,2020-06-01,,,7
2020-06-30,2020-07-07,1,0.0130042512215,0.532401524778,0.540265052721,0.520016119639,0.53014058618,1,0.5,2020-06-01,,,7
2020-07-01,2020-07-08,1,0.0221035528596,0.526315789474,0.519583843329,0.505396517171,0.51249018025,1,0.5,2020-07-01,,,7
2020-07-02,2020-07-09,1,0.0160556163292,0.526315789474,0.519583843329,0.50340006638,0.511491954855,1,0.5,2020-07-01,,,7
2020-07-03,2020-07-10,1,0.0254000216377,0.526315789474,0.519583843329,0.502806239583,0.511195041456,1,0.5,2020-07-01,,,7
2020-07-04,2020-07-11,1,0.0107898233915,0.526315789474,0.519583843329,0.501362347818,0.510473095574,1,0.5,2020-07-01,,,7
2020-07-05,2020-07-12,1,0.025728244726,0.526315789474,0.519583843329,0.502386826185,0.510985334757,1,0.5,2020-07-01,,,7
2020-07-06,2020-07-13,0,-0.010870914578,0.526315789474,0.519583843329,0.50154216302,0.510563003175,1,0.5,2020-07-01,,,7
2020-07-07,2020-07-14,0,-0.000166353583461,0.526315789474,0.519583843329,0.50189536027,0.5107396018,1,0.5,2020-07-01,,,7
2020-07-08,2020-07-15,0,-0.0252711407092,0.526315789474,0.519583843329,0.501324145779,0.510453994554,1,0.5,2020-07-01,,,7
2020-07-09,2020-07-16,0,-0.0106916597256,0.526315789474,0.453879544221,0.502723620875,0.478301582548,1,0.5,2020-07-01,,,7
2020-07-10,2020-07-17,0,-0.0144288430441,0.526315789474,0.453879544221,0.501965047899,0.47792229606,1,0.5,2020-07-01,,,7
2020-07-11,2020-07-18,0,-0.00690381122868,0.526315789474,0.453879544221,0.499563592604,0.476721568413,1,0.5,2020-07-01,,,7
2020-07-12,2020-07-19,0,-0.0100787401575,0.526315789474,0.519583843329,0.498142263118,0.508863053224,1,0.5,2020-07-01,,,7
2020-07-13,2020-07-20,0,-0.00885463212812,0.526315789474,0.519583843329,0.499831417957,0.509707630643,1,0.5,2020-07-01,,,7
2020-07-14,2020-07-21,1,0.0144935365201,0.526315789474,0.519583843329,0.499396394967,0.509490119148,1,0.5,2020-07-01,,,7
2020-07-15,2020-07-22,1,0.0348525702357,0.526315789474,0.453879544221,0.500438179599,0.47715886191,1,0.5,2020-07-01,,,7
2020-07-16,2020-07-23,1,0.0514084075273,0.526315789474,0.453879544221,0.499868536211,0.476874040216,1,0.5,2020-07-01,,,7
2020-07-17,2020-07-24,1,0.0418906046544,0.526315789474,0.453879544221,0.500061126941,0.476970335581,1,0.5,2020-07-01,,,7
2020-07-18,2020-07-25,1,0.0578106666318,0.526315789474,0.453879544221,0.49981690272,0.476848223471,1,0.5,2020-07-01,,,7
2020-07-19,2020-07-26,1,0.0784613730713,0.526315789474,0.453879544221,0.499925155365,0.476902349793,1,0.5,2020-07-01,,,7
2020-07-20,2020-07-27,1,0.204041577246,0.526315789474,0.453879544221,0.5000174701,0.476948507161,1,0.5,2020-07-01,,,7
2020-07-21,2020-07-28,1,0.161477103301,0.526315789474,0.453879544221,0.499183799178,0.4765316717,1,0.5,2020-07-01,,,7
2020-07-22,2020-07-29,1,0.166247467998,0.526315789474,0.519583843329,0.495547121559,0.507565482444,1,0.5,2020-07-01,,,7
2020-07-23,2020-07-30,1,0.155815675286,0.526315789474,0.519583843329,0.494854164457,0.507219003893,1,0.5,2020-07-01,,,7
2020-07-24,2020-07-31,1,0.18847742666,0.526315789474,0.519583843329,0.494242293663,0.506913068496,1,0.5,2020-07-01,,,7
2020-07-25,2020-08-01,1,0.216562788003,0.526315789474,0.519583843329,0.493519694369,0.506551768849,1,0.5,2020-07-01,,,7
2020-07-26,2020-08-02,1,0.114766692779,0.526315789474,0.519583843329,0.492625862047,0.506104852688,1,0.5,2020-07-01,,,7
2020-07-27,2020-08-03,1,0.017212211105,0.526315789474,0.519583843329,0.494876807321,0.507230325325,1,0.5,2020-07-01,,,7
2020-07-28,2020-08-04,1,0.0261959405003,0.526315789474,0.519583843329,0.496871088883,0.508227466106,1,0.5,2020-07-01,,,7
2020-07-29,2020-08-05,1,0.0580494805203,0.526315789474,0.519583843329,0.496100755908,0.507842299619,1,0.5,2020-07-01,,,7
2020-07-30,2020-08-06,1,0.0597183144273,0.526315789474,0.519583843329,0.496528615688,0.508056229509,1,0.5,2020-07-01,,,7
2020-07-31,2020-08-07,1,0.0228283633836,0.526315789474,0.519583843329,0.494728570733,0.507156207031,1,0.5,2020-07-01,,,7
2020-08-01,2020-08-08,0,-0.0033691574649,0.529481132075,0.523724386285,0.498262222292,0.510993304289,1,0.5,2020-08-01,,,7
2020-08-02,2020-08-09,1,0.0551269718688,0.529481132075,0.523724386285,0.507807753375,0.51576606983,1,0.5,2020-08-01,,,7
2020-08-03,2020-08-10,1,0.0599929945338,0.529481132075,0.523724386285,0.511057665808,0.517391026046,1,0.5,2020-08-01,,,7
2020-08-04,2020-08-11,1,0.0178797834519,0.529481132075,0.523724386285,0.510853180009,0.517288783147,1,0.5,2020-08-01,,,7
2020-08-05,2020-08-12,0,-0.0153751710315,0.529481132075,0.523724386285,0.50802323569,0.515873810988,1,0.5,2020-08-01,,,7
2020-08-06,2020-08-13,1,0.00149118466715,0.529481132075,0.523724386285,0.507907923881,0.515816155083,1,0.5,2020-08-01,,,7
2020-08-07,2020-08-14,1,0.0143442039704,0.529481132075,0.523724386285,0.510144934819,0.516934660552,1,0.5,2020-08-01,,,7
2020-08-08,2020-08-15,1,0.0077363173293,0.529481132075,0.523724386285,0.510374004576,0.517049195431,1,0.5,2020-08-01,,,7
2020-08-09,2020-08-16,1,0.0196307380445,0.529481132075,0.523724386285,0.508484916571,0.516104651428,1,0.5,2020-08-01,,,7
2020-08-10,2020-08-17,1,0.0326421097594,0.529481132075,0.523724386285,0.507590123134,0.51565725471,1,0.5,2020-08-01,,,7
2020-08-11,2020-08-18,1,0.0485363515706,0.529481132075,0.523724386285,0.512593015694,0.518158700989,1,0.5,2020-08-01,,,7
2020-08-12,2020-08-19,1,0.0164523150066,0.529481132075,0.523724386285,0.513393897313,0.518559141799,1,0.5,2020-08-01,,,7
2020-08-13,2020-08-20,1,0.00624363327674,0.529481132075,0.523724386285,0.512006808979,0.517865597632,1,0.5,2020-08-01,,,7
2020-08-14,2020-08-21,0,-0.0194889010199,0.529481132075,0.523724386285,0.511621129638,0.517672757962,1,0.5,2020-08-01,,,7
2020-08-15,2020-08-22,0,-0.0159832607742,0.529481132075,0.523724386285,0.511542585597,0.517633485941,1,0.5,2020-08-01,,,7
2020-08-16,2020-08-23,0,-0.0220695155738,0.529481132075,0.523724386285,0.510883717092,0.517304051689,1,0.5,2020-08-01,,,7
2020-08-17,2020-08-24,0,-0.0433942153531,0.529481132075,0.523724386285,0.509262369351,0.516493377818,1,0.5,2020-08-01,,,7
2020-08-18,2020-08-25,0,-0.0524562139337,0.529481132075,0.523724386285,0.510642236469,0.517183311377,1,0.5,2020-08-01,,,7
2020-08-19,2020-08-26,0,-0.0249400446974,0.529481132075,0.523724386285,0.512954597301,0.518339491793,1,0.5,2020-08-01,,,7
2020-08-20,2020-08-27,0,-0.044136144868,0.529481132075,0.523724386285,0.51275050894,0.518237447612,1,0.5,2020-08-01,,,7
2020-08-21,2020-08-28,0,-0.000384170443331,0.529481132075,0.523724386285,0.5155707636,0.519647574942,1,0.5,2020-08-01,,,7
2020-08-22,2020-08-29,0,-0.0169013698066,0.529481132075,0.523724386285,0.514951459997,0.519337923141,1,0.5,2020-08-01,,,7
2020-08-23,2020-08-30,1,0.00541116900309,0.529481132075,0.523724386285,0.515308911055,0.51951664867,1,0.5,2020-08-01,,,7
2020-08-24,2020-08-31,0,-0.00840043581144,0.529481132075,0.523724386285,0.515729446552,0.519726916418,1,0.5,2020-08-01,,,7
2020-08-25,2020-09-01,1,0.0533245806393,0.529481132075,0.523724386285,0.518316298171,0.521020342228,1,0.5,2020-08-01,,,7
2020-08-26,2020-09-02,0,-0.0063595903827,0.529481132075,0.523724386285,0.510128856183,0.516926621234,1,0.5,2020-08-01,,,7
2020-08-27,2020-09-03,0,-0.104985887499,0.529481132075,0.523724386285,0.511546049813,0.517635218049,1,0.5,2020-08-01,,,7
2020-08-28,2020-09-04,0,-0.0937510573085,0.529481132075,0.523724386285,0.508888500993,0.516306443639,1,0.5,2020-08-01,,,7
2020-08-29,2020-09-05,0,-0.113306133698,0.529481132075,0.523724386285,0.50985884696,0.516791616622,1,0.5,2020-08-01,,,7
2020-08-30,2020-09-06,0,-0.124237052521,0.529481132075,0.523724386285,0.507925175435,0.51582478086,1,0.5,2020-08-01,,,7
2020-08-31,2020-09-07,0,-0.109538512779,0.529481132075,0.523724386285,0.507453293412,0.515588839849,1,0.5,2020-08-01,,,7
2020-09-01,2020-09-08,0,-0.150589206314,0.532423208191,0.532841572168,0.508701814771,0.52077169347,1,0.5,2020-09-01,,,7
2020-09-02,2020-09-09,0,-0.102676901517,0.532423208191,0.532841572168,0.513195522557,0.523018547362,1,0.5,2020-09-01,,,7
2020-09-03,2020-09-10,1,0.0193297406036,0.532423208191,0.532841572168,0.526660602675,0.529751087422,1,0.5,2020-09-01,,,7
2020-09-04,2020-09-11,0,-0.00558669378964,0.532423208191,0.532841572168,0.524369110632,0.5286053414,1,0.5,2020-09-01,,,7
2020-09-05,2020-09-12,1,0.0269733807168,0.532423208191,0.532841572168,0.526032318098,0.529436945133,1,0.5,2020-09-01,,,7
2020-09-06,2020-09-13,1,0.00747157816735,0.532423208191,0.532841572168,0.526129902838,0.529485737503,1,0.5,2020-09-01,,,7
2020-09-07,2020-09-14,1,0.0287590230435,0.532423208191,0.532841572168,0.525246459619,0.529044015894,1,0.5,2020-09-01,,,7
2020-09-08,2020-09-15,1,0.06504224003,0.532423208191,0.532841572168,0.527368698238,0.530105135203,1,0.5,2020-09-01,,,7
2020-09-09,2020-09-16,1,0.0719048457805,0.532423208191,0.532841572168,0.525592744079,0.529217158123,1,0.5,2020-09-01,,,7
2020-09-10,2020-09-17,1,0.0583464820589,0.532423208191,0.532841572168,0.522009472694,0.527425522431,1,0.5,2020-09-01,,,7
2020-09-11,2020-09-18,1,0.0525130705081,0.532423208191,0.532841572168,0.522194540128,0.527518056148,1,0.5,2020-09-01,,,7
2020-09-12,2020-09-19,1,0.0612714205262,0.532423208191,0.532841572168,0.521019661355,0.526930616761,1,0.5,2020-09-01,,,7
2020-09-13,2020-09-20,1,0.0568527692801,0.532423208191,0.532841572168,0.521880745972,0.52736115907,1,0.5,2020-09-01,,,7
2020-09-14,2020-09-21,0,-0.0238526504975,0.532423208191,0.532841572168,0.520784664872,0.52681311852,1,0.5,2020-09-01,,,7
2020-09-15,2020-09-22,0,-0.0237081734322,0.532423208191,0.532841572168,0.51969616431,0.526268868239,1,0.5,2020-09-01,,,7
2020-09-16,2020-09-23,0,-0.0650492376764,0.532423208191,0.532841572168,0.518486535726,0.525664053947,1,0.5,2020-09-01,,,7
2020-09-17,2020-09-24,0,-0.0186170188455,0.532423208191,0.532841572168,0.518756117089,0.525798844628,1,0.5,2020-09-01,,,7
2020-09-18,2020-09-25,0,-0.022565736702,0.532423208191,0.532841572168,0.518957314212,0.52589944319,1,0.5,2020-09-01,,,7
2020-09-19,2020-09-26,0,-0.0317716018465,0.532423208191,0.532841572168,0.518333986859,0.525587779513,1,0.5,2020-09-01,,,7
2020-09-20,2020-09-27,0,-0.0133723677415,0.532423208191,0.532841572168,0.518951824789,0.525896698478,1,0.5,2020-09-01,,,7
2020-09-21,2020-09-28,1,0.0267729778194,0.532423208191,0.532841572168,0.523243847945,0.528042710056,1,0.5,2020-09-01,,,7
2020-09-22,2020-09-29,1,0.0295234106486,0.532423208191,0.532841572168,0.522986128904,0.527913850536,1,0.5,2020-09-01,,,7
2020-09-23,2020-09-30,1,0.0522513391645,0.532423208191,0.532841572168,0.52510190359,0.528971737879,1,0.5,2020-09-01,,,7
2020-09-24,2020-10-01,0,-0.0109152856845,0.532423208191,0.532841572168,0.523213023839,0.528027298004,1,0.5,2020-09-01,,,7
2020-09-25,2020-10-02,0,-0.0108799092701,0.532423208191,0.532841572168,0.52337461368,0.528108092924,1,0.5,2020-09-01,,,7
2020-09-26,2020-10-03,0,-0.0173871707399,0.532423208191,0.532841572168,0.523548201213,0.52819488669,1,0.5,2020-09-01,,,7
2020-09-27,2020-10-04,0,-0.00998863029909,0.532423208191,0.532841572168,0.522794782089,0.527818177128,1,0.5,2020-09-01,,,7
2020-09-28,2020-10-05,1,0.00898363144767,0.532423208191,0.466572977314,0.522338849791,0.494455913552,1,0.5,2020-09-01,,,7
2020-09-29,2020-10-06,0,-0.0222148834738,0.532423208191,0.466572977314,0.521654882575,0.494113929945,1,0.5,2020-09-01,,,7
2020-09-30,2020-10-07,0,-0.0102258692221,0.532423208191,0.466572977314,0.521539851106,0.49405641421,1,0.5,2020-09-01,,,7
2020-10-01,2020-10-08,1,0.0288573546044,0.530253025303,0.466349576134,0.521100618107,0.493725097121,1,0.5,2020-10-01,,,7
2020-10-02,2020-10-09,1,0.0454325285703,0.530253025303,0.466349576134,0.520804954969,0.493577265552,1,0.5,2020-10-01,,,7
2020-10-03,2020-10-10,1,0.0712536259517,0.530253025303,0.466349576134,0.514061975729,0.490205775932,1,0.5,2020-10-01,,,7
2020-10-04,2020-10-11,1,0.0658492888569,0.530253025303,0.466349576134,0.512700591458,0.489525083796,1,0.5,2020-10-01,,,7
2020-10-05,2020-10-12,1,0.068201045013,0.530253025303,0.466349576134,0.511186231586,0.48876790386,1,0.5,2020-10-01,,,7
2020-10-06,2020-10-13,1,0.0774458803396,0.530253025303,0.466349576134,0.513487724475,0.489918650304,1,0.5,2020-10-01,,,7
2020-10-07,2020-10-14,1,0.0704549524253,0.530253025303,0.466349576134,0.51270574483,0.489527660482,1,0.5,2020-10-01,,,7
2020-10-08,2020-10-15,1,0.0530452873397,0.530253025303,0.466349576134,0.510312912189,0.488331244162,1,0.5,2020-10-01,,,7
2020-10-09,2020-10-16,1,0.0243135239226,0.530253025303,0.466349576134,0.509282216799,0.487815896466,1,0.5,2020-10-01,,,7
2020-10-10,2020-10-17,1,0.00593099222365,0.530253025303,0.466349576134,0.507676974684,0.487013275409,1,0.5,2020-10-01,,,7
2020-10-11,2020-10-18,1,0.011796971067,0.530253025303,0.466349576134,0.507719732336,0.487034654235,1,0.5,2020-10-01,,,7
2020-10-12,2020-10-19,1,0.0193628694728,0.530253025303,0.466349576134,0.507252871859,0.486801223997,1,0.5,2020-10-01,,,7
2020-10-13,2020-10-20,1,0.0428551664717,0.530253025303,0.52686856921,0.507417685966,0.517143127588,1,0.5,2020-10-01,,,7
2020-10-14,2020-10-21,1,0.11938020072,0.530253025303,0.466349576134,0.506920804355,0.486635190244,1,0.5,2020-10-01,,,7
2020-10-15,2020-10-22,1,0.127195544245,0.530253025303,0.466349576134,0.507351290564,0.486850433349,1,0.5,2020-10-01,,,7
2020-10-16,2020-10-23,1,0.141682539234,0.530253025303,0.466349576134,0.509267952603,0.487808764369,1,0.5,2020-10-01,,,7
2020-10-17,2020-10-24,1,0.154181264414,0.530253025303,0.466349576134,0.510021527628,0.488185551881,1,0.5,2020-10-01,,,7
2020-10-18,2020-10-25,1,0.132632481218,0.530253025303,0.466349576134,0.509508227979,0.487928902057,1,0.5,2020-10-01,,,7
2020-10-19,2020-10-26,1,0.110685726977,0.530253025303,0.466349576134,0.508591467538,0.487470521836,1,0.5,2020-10-01,,,7
2020-10-20,2020-10-27,1,0.144935470139,0.530253025303,0.466349576134,0.50717392886,0.486761752497,1,0.5,2020-10-01,,,7
2020-10-21,2020-10-28,1,0.0379814974775,0.530253025303,0.52686856921,0.502960217325,0.514914393268,1,0.5,2020-10-01,,,7
2020-10-22,2020-10-29,1,0.037566352984,0.530253025303,0.52686856921,0.502155299851,0.51451193453,1,0.5,2020-10-01,,,7
2020-10-23,2020-10-30,1,0.0492940145027,0.530253025303,0.52686856921,0.501233376416,0.514050972813,1,0.5,2020-10-01,,,7
2020-10-24,2020-10-31,1,0.0518062833814,0.530253025303,0.52686856921,0.498715940349,0.51279225478,1,0.5,2020-10-01,,,7
2020-10-25,2020-11-01,1,0.056234519907,0.530253025303,0.52686856921,0.499996672012,0.513432620611,1,0.5,2020-10-01,,,7
2020-10-26,2020-11-02,1,0.0380916918923,0.530253025303,0.52686856921,0.500879572676,0.513874070943,1,0.5,2020-10-01,,,7
2020-10-27,2020-11-03,1,0.0284068033766,0.530253025303,0.52686856921,0.498899025749,0.512883797479,1,0.5,2020-10-01,,,7
2020-10-28,2020-11-04,1,0.066152837243,0.530253025303,0.52686856921,0.505266272524,0.516067420867,1,0.5,2020-10-01,,,7
2020-10-29,2020-11-05,1,0.158618280729,0.530253025303,0.52686856921,0.504744160812,0.515806365011,1,0.5,2020-10-01,,,7
2020-10-30,2020-11-06,1,0.148953178811,0.530253025303,0.52686856921,0.503996450205,0.515432509708,1,0.5,2020-10-01,,,7
2020-10-31,2020-11-07,1,0.074490609818,0.530253025303,0.52686856921,0.503062551021,0.514965560116,1,0.5,2020-10-01,,,7
2020-11-01,2020-11-08,1,0.12452130945,0.539361702128,0.528156434799,0.519669741858,0.523913088328,1,0.5,2020-11-01,,,7
2020-11-02,2020-11-09,1,0.131300569694,0.539361702128,0.528156434799,0.52114873959,0.524652587194,1,0.5,2020-11-01,,,7
2020-11-03,2020-11-10,1,0.0908244928345,0.539361702128,0.528156434799,0.520489279365,0.524322857082,1,0.5,2020-11-01,,,7
2020-11-04,2020-11-11,1,0.108896274819,0.539361702128,0.528156434799,0.519208231304,0.523682333051,1,0.5,2020-11-01,,,7
2020-11-05,2020-11-12,1,0.0450185439146,0.539361702128,0.528156434799,0.515971350211,0.522063892505,1,0.5,2020-11-01,,,7
2020-11-06,2020-11-13,1,0.0475470990865,0.539361702128,0.528156434799,0.516463183107,0.522309808953,1,0.5,2020-11-01,,,7
2020-11-07,2020-11-14,1,0.0845002463171,0.539361702128,0.528156434799,0.521869955069,0.525013194934,1,0.5,2020-11-01,,,7
2020-11-08,2020-11-15,1,0.031140348043,0.539361702128,0.528156434799,0.519245878686,0.523701156742,1,0.5,2020-11-01,,,7
2020-11-09,2020-11-16,1,0.0903655369344,0.539361702128,0.528156434799,0.519632125477,0.523894280138,1,0.5,2020-11-01,,,7
2020-11-10,2020-11-17,1,0.15441835472,0.539361702128,0.528156434799,0.520934256425,0.524545345612,1,0.5,2020-11-01,,,7
2020-11-11,2020-11-18,1,0.133374648692,0.539361702128,0.528156434799,0.519574446712,0.523865440755,1,0.5,2020-11-01,,,7
2020-11-12,2020-11-19,1,0.0927432472413,0.539361702128,0.528156434799,0.519943138784,0.524049786791,1,0.5,2020-11-01,,,7
2020-11-13,2020-11-20,1,0.143068005662,0.539361702128,0.528156434799,0.519986095283,0.524071265041,1,0.5,2020-11-01,,,7
2020-11-14,2020-11-21,1,0.163862866317,0.539361702128,0.528156434799,0.520077973832,0.524117204315,1,0.5,2020-11-01,,,7
2020-11-15,2020-11-22,1,0.154003258758,0.539361702128,0.528156434799,0.521940418968,0.525048426884,1,0.5,2020-11-01,,,7
2020-11-16,2020-11-23,1,0.0989872301369,0.539361702128,0.528156434799,0.518831033597,0.523493734198,1,0.5,2020-11-01,,,7
2020-11-17,2020-11-24,1,0.0849763694988,0.539361702128,0.528156434799,0.515328851405,0.521742643102,1,0.5,2020-11-01,,,7
2020-11-18,2020-11-25,1,0.0530481342385,0.539361702128,0.528156434799,0.515621678764,0.521889056781,1,0.5,2020-11-01,,,7
2020-11-19,2020-11-26,0,-0.0366992420302,0.539361702128,0.528156434799,0.516768910683,0.522462672741,1,0.5,2020-11-01,,,7
2020-11-20,2020-11-27,0,-0.0812701982829,0.539361702128,0.528156434799,0.512300235451,0.520228335125,1,0.5,2020-11-01,,,7
2020-11-21,2020-11-28,0,-0.0526069568751,0.539361702128,0.528156434799,0.51184994867,0.520003191734,1,0.5,2020-11-01,,,7
2020-11-22,2020-11-29,0,-0.0124597937596,0.539361702128,0.528156434799,0.513294361798,0.520725398298,1,0.5,2020-11-01,,,7
2020-11-23,2020-11-30,1,0.0722925740418,0.539361702128,0.528156434799,0.514981991105,0.521569212952,1,0.5,2020-11-01,,,7
2020-11-24,2020-12-01,0,-0.0206184652304,0.539361702128,0.528156434799,0.513691761397,0.520924098098,1,0.5,2020-11-01,,,7
2020-11-25,2020-12-02,1,0.0259082830327,0.539361702128,0.528156434799,0.516297969577,0.522227202188,1,0.5,2020-11-01,,,7
2020-11-26,2020-12-03,1,0.132507301975,0.539361702128,0.528156434799,0.525313576804,0.526735005801,1,0.5,2020-11-01,,,7
2020-11-27,2020-12-04,1,0.0881588282519,0.539361702128,0.528156434799,0.526712510299,0.527434472549,1,0.5,2020-11-01,,,7
2020-11-28,2020-12-05,1,0.0805768671857,0.539361702128,0.528156434799,0.524610044306,0.526383239552,1,0.5,2020-11-01,,,7
2020-11-29,2020-12-06,1,0.064581283795,0.539361702128,0.528156434799,0.522460124012,0.525308279405,1,0.5,2020-11-01,,,7
2020-11-30,2020-12-07,0,-0.0268568994414,0.539361702128,0.528156434799,0.517593443527,0.522874939163,1,0.5,2020-11-01,,,7
2020-12-01,2020-12-08,0,-0.0234932555145,0.549484536082,0.555512335772,0.542866390849,0.54918936331,1,0.5,2020-12-01,,,7
2020-12-02,2020-12-09,0,-0.0345140019652,0.549484536082,0.555512335772,0.541950834647,0.54873158521,1,0.5,2020-12-01,,,7
2020-12-03,2020-12-10,0,-0.060100711053,0.549484536082,0.555512335772,0.539270579325,0.547391457549,1,0.5,2020-12-01,,,7
2020-12-04,2020-12-11,0,-0.0329207979188,0.549484536082,0.555512335772,0.541254639707,0.54838348774,1,0.5,2020-12-01,,,7
2020-12-05,2020-12-12,0,-0.0177029464697,0.549484536082,0.555512335772,0.537562203807,0.54653726979,1,0.5,2020-12-01,,,7
2020-12-06,2020-12-13,0,-0.00952560513239,0.549484536082,0.555512335772,0.537790069986,0.546651202879,1,0.5,2020-12-01,,,7
2020-12-07,2020-12-14,1,0.00554288904309,0.549484536082,0.555512335772,0.540246037539,0.547879186656,1,0.5,2020-12-01,,,7
2020-12-08,2020-12-15,1,0.0601568097987,0.549484536082,0.555512335772,0.540558618197,0.548035476985,1,0.5,2020-12-01,,,7
2020-12-09,2020-12-16,1,0.150703727035,0.549484536082,0.555512335772,0.540865070591,0.548188703182,1,0.5,2020-12-01,,,7
2020-12-10,2020-12-17,1,0.248842622392,0.549484536082,0.555512335772,0.541910469397,0.548711402585,1,0.5,2020-12-01,,,7
2020-12-11,2020-12-18,1,0.281143878562,0.549484536082,0.555512335772,0.541201022118,0.548356678945,1,0.5,2020-12-01,,,7
2020-12-12,2020-12-19,1,0.266521485547,0.549484536082,0.555512335772,0.53960050528,0.547556420526,1,0.5,2020-12-01,,,7
2020-12-13,2020-12-20,1,0.22323505775,0.549484536082,0.555512335772,0.539255751938,0.547384043855,1,0.5,2020-12-01,,,7
2020-12-14,2020-12-21,1,0.178827632654,0.549484536082,0.555512335772,0.539277973117,0.547395154445,1,0.5,2020-12-01,,,7
2020-12-15,2020-12-22,1,0.225690463971,0.549484536082,0.555512335772,0.538439832912,0.546976084342,1,0.5,2020-12-01,,,7
2020-12-16,2020-12-23,1,0.0889240102889,0.549484536082,0.555512335772,0.53535825584,0.545435295806,1,0.5,2020-12-01,,,7
2020-12-17,2020-12-24,1,0.0408840399418,0.549484536082,0.555512335772,0.531565432112,0.543538883942,1,0.5,2020-12-01,,,7
2020-12-18,2020-12-25,1,0.0694617609345,0.549484536082,0.555512335772,0.530859913567,0.54318612467,1,0.5,2020-12-01,,,7
2020-12-19,2020-12-26,1,0.112157826444,0.549484536082,0.555512335772,0.530575669338,0.543044002555,1,0.5,2020-12-01,,,7
2020-12-20,2020-12-27,1,0.120489334707,0.549484536082,0.555512335772,0.530745783778,0.543129059775,1,0.5,2020-12-01,,,7
2020-12-21,2020-12-28,1,0.191890653534,0.549484536082,0.555512335772,0.532686756897,0.544099546335,1,0.5,2020-12-01,,,7
2020-12-22,2020-12-29,1,0.150108837212,0.549484536082,0.555512335772,0.531554770866,0.543533553319,1,0.5,2020-12-01,,,7
2020-12-23,2020-12-30,1,0.242880312111,0.549484536082,0.555512335772,0.534822379825,0.545167357798,1,0.5,2020-12-01,,,7
2020-12-24,2020-12-31,1,0.218904556412,0.549484536082,0.555512335772,0.534298612568,0.54490547417,1,0.5,2020-12-01,,,7
2020-12-25,2021-01-01,1,0.186918588065,0.549484536082,0.555512335772,0.533504159067,0.54450824742,1,0.5,2020-12-01,,,7
2020-12-26,2021-01-02,1,0.214579561166,0.549484536082,0.555512335772,0.5317185051,0.543615420436,1,0.5,2020-12-01,,,7
2020-12-27,2021-01-03,1,0.255630352116,0.549484536082,0.555512335772,0.532212939667,0.543862637719,1,0.5,2020-12-01,,,7
2020-12-28,2021-01-04,1,0.181292723881,0.549484536082,0.555512335772,0.529802866543,0.542657601158,1,0.5,2020-12-01,,,7
2020-12-29,2021-01-05,1,0.239712616396,0.549484536082,0.555512335772,0.529891245142,0.542701790457,1,0.5,2020-12-01,,,7
2020-12-30,2021-01-06,1,0.273373935171,0.549484536082,0.555512335772,0.524902697748,0.54020751676,1,0.5,2020-12-01,,,7
2020-12-31,2021-01-07,1,0.363324036437,0.549484536082,0.555512335772,0.525852180863,0.540682258318,1,0.5,2020-12-01,,,7
2021-01-01,2021-01-08,1,0.383582398423,0.555444555445,0.569913013815,0.545917875481,0.557915444648,1,0.5,2021-01-01,,,7
2021-01-02,2021-01-09,1,0.245814186131,0.555444555445,0.569913013815,0.545957546534,0.557935280175,1,0.5,2021-01-01,,,7
2021-01-03,2021-01-10,1,0.156059460516,0.555444555445,0.569913013815,0.545490442344,0.557701728079,1,0.5,2021-01-01,,,7
2021-01-04,2021-01-11,1,0.10678017338,0.555444555445,0.569913013815,0.547029779048,0.558471396431,1,0.5,2021-01-01,,,7
2021-01-05,2021-01-12,1,0.00299591776381,0.555444555445,0.569913013815,0.54600666079,0.557959837303,1,0.5,2021-01-01,,,7
2021-01-06,2021-01-13,1,0.0163728713255,0.555444555445,0.569913013815,0.545613281675,0.557763147745,1,0.5,2021-01-01,,,7
2021-01-07,2021-01-14,0,-0.00729808167319,0.555444555445,0.569913013815,0.544216753191,0.557064883503,1,0.5,2021-01-01,,,7
2021-01-08,2021-01-15,0,-0.0946358815469,0.555444555445,0.569913013815,0.543642637873,0.556777825844,1,0.5,2021-01-01,,,7
2021-01-09,2021-01-16,0,-0.102105805646,0.555444555445,0.569913013815,0.546189546261,0.558051280038,1,0.5,2021-01-01,,,7
2021-01-10,2021-01-17,0,-0.0608495093843,0.555444555445,0.569913013815,0.549467626427,0.559690320121,1,0.5,2021-01-01,,,7
2021-01-11,2021-01-18,1,0.0346509918098,0.555444555445,0.569913013815,0.55212499101,0.561019002413,1,0.5,2021-01-01,,,7
2021-01-12,2021-01-19,1,0.0540435531863,0.555444555445,0.569913013815,0.55457770338,0.562245358598,1,0.5,2021-01-01,,,7
2021-01-13,2021-01-20,0,-0.0509253337715,0.555444555445,0.569913013815,0.554395894546,0.562154454181,1,0.5,2021-01-01,,,7
2021-01-14,2021-01-21,0,-0.211891070265,0.555444555445,0.569913013815,0.554452855789,0.562182934802,1,0.5,2021-01-01,,,7
2021-01-15,2021-01-22,0,-0.103342966212,0.555444555445,0.569913013815,0.555461537913,0.562687275864,1,0.5,2021-01-01,,,7
2021-01-16,2021-01-23,0,-0.108820174369,0.555444555445,0.569913013815,0.554634534924,0.56227377437,1,0.5,2021-01-01,,,7
2021-01-17,2021-01-24,0,-0.0996050363104,0.555444555445,0.569913013815,0.553968243998,0.561940628907,1,0.5,2021-01-01,,,7
2021-01-18,2021-01-25,0,-0.119489987653,0.555444555445,0.569913013815,0.551790287346,0.560851650581,1,0.5,2021-01-01,,,7
2021-01-19,2021-01-26,0,-0.0953908572756,0.555444555445,0.569913013815,0.552236222432,0.561074618124,1,0.5,2021-01-01,,,7
2021-01-20,2021-01-27,0,-0.143849298372,0.555444555445,0.569913013815,0.554686633058,0.562299823436,1,0.5,2021-01-01,,,7
2021-01-21,2021-01-28,1,0.0815144052878,0.555444555445,0.569913013815,0.560954867681,0.565433940748,1,0.5,2021-01-01,,,7
2021-01-22,2021-01-29,1,0.0396728867995,0.555444555445,0.569913013815,0.559368018639,0.564640516227,1,0.5,2021-01-01,,,7
2021-01-23,2021-01-30,1,0.0681114782717,0.555444555445,0.569913013815,0.559547304447,0.564730159131,1,0.5,2021-01-01,,,7
2021-01-24,2021-01-31,1,0.0258240106138,0.555444555445,0.569913013815,0.558628122167,0.564270567991,1,0.5,2021-01-01,,,7
2021-01-25,2021-02-01,1,0.039441995151,0.555444555445,0.569913013815,0.557364625453,0.563638819634,1,0.5,2021-01-01,,,7
2021-01-26,2021-02-02,1,0.0923522003513,0.555444555445,0.569913013815,0.557169452748,0.563541233282,1,0.5,2021-01-01,,,7
2021-01-27,2021-02-03,1,0.238842263507,0.555444555445,0.569913013815,0.558522969869,0.564217991842,1,0.5,2021-01-01,,,7
2021-01-28,2021-02-04,1,0.10705274951,0.555444555445,0.569913013815,0.555204255452,0.562558634634,1,0.5,2021-01-01,,,7
2021-01-29,2021-02-05,1,0.117891405516,0.555444555445,0.569913013815,0.554682181743,0.562297597779,1,0.5,2021-01-01,,,7
2021-01-30,2021-02-06,1,0.143714130277,0.555444555445,0.569913013815,0.554376914591,0.562144964203,1,0.5,2021-01-01,,,7
2021-01-31,2021-02-07,1,0.172323858413,0.555444555445,0.569913013815,0.555298558433,0.562605786124,1,0.5,2021-01-01,,,7
2021-02-01,2021-02-08,1,0.383235644062,0.557170542636,0.573017191373,0.556188329832,0.564602760602,1,0.5,2021-02-01,,,7
2021-02-02,2021-02-09,1,0.308862174282,0.557170542636,0.573017191373,0.555905768203,0.564461479788,1,0.5,2021-02-01,,,7
2021-02-03,2021-02-10,1,0.191093193389,0.557170542636,0.573017191373,0.556164147515,0.564590669444,1,0.5,2021-02-01,,,7
2021-02-04,2021-02-11,1,0.298696471202,0.557170542636,0.573017191373,0.555461277117,0.564239234245,1,0.5,2021-02-01,,,7
2021-02-05,2021-02-12,1,0.23497789515,0.557170542636,0.573017191373,0.553745390294,0.563381290833,1,0.5,2021-02-01,,,7
2021-02-06,2021-02-13,1,0.203301150843,0.557170542636,0.573017191373,0.55230885179,0.562663021581,1,0.5,2021-02-01,,,7
2021-02-07,2021-02-14,1,0.25214398816,0.557170542636,0.573017191373,0.552111470956,0.562564331164,1,0.5,2021-02-01,,,7
2021-02-08,2021-02-15,1,0.0331263462302,0.557170542636,0.573017191373,0.55424075655,0.563628973962,1,0.5,2021-02-01,,,7
2021-02-09,2021-02-16,1,0.0584447534081,0.557170542636,0.573017191373,0.554754384868,0.56388578812,1,0.5,2021-02-01,,,7
2021-02-10,2021-02-17,1,0.163189576406,0.557170542636,0.573017191373,0.555775441054,0.564396316213,1,0.5,2021-02-01,,,7
2021-02-11,2021-02-18,1,0.0746951553185,0.557170542636,0.573017191373,0.555785268122,0.564401229747,1,0.5,2021-02-01,,,7
2021-02-12,2021-02-19,1,0.182254967476,0.557170542636,0.573017191373,0.554338707356,0.563677949364,1,0.5,2021-02-01,,,7
2021-02-13,2021-02-20,1,0.184237967379,0.557170542636,0.573017191373,0.553867881187,0.56344253628,1,0.5,2021-02-01,,,7
2021-02-14,2021-02-21,1,0.181786367803,0.557170542636,0.573017191373,0.553968728308,0.56349295984,1,0.5,2021-02-01,,,7
2021-02-15,2021-02-22,1,0.128917307263,0.557170542636,0.573017191373,0.554594811272,0.563806001322,1,0.5,2021-02-01,,,7
2021-02-16,2021-02-23,0,-0.00493452016905,0.557170542636,0.573017191373,0.55457904709,0.563798119231,1,0.5,2021-02-01,,,7
2021-02-17,2021-02-24,0,-0.0468826476586,0.557170542636,0.573017191373,0.554054943266,0.563536067319,1,0.5,2021-02-01,,,7
2021-02-18,2021-02-25,0,-0.0868796142193,0.557170542636,0.573017191373,0.554648201471,0.563832696422,1,0.5,2021-02-01,,,7
2021-02-19,2021-02-26,0,-0.172237863557,0.557170542636,0.573017191373,0.554411300694,0.563714246033,1,0.5,2021-02-01,,,7
2021-02-20,2021-02-27,0,-0.174329379442,0.557170542636,0.573017191373,0.553367942767,0.56319256707,1,0.5,2021-02-01,,,7
2021-02-21,2021-02-28,0,-0.213781844766,0.557170542636,0.573017191373,0.552166483734,0.562591837553,1,0.5,2021-02-01,,,7
2021-02-22,2021-03-01,0,-0.0832100920598,0.557170542636,0.573017191373,0.554133920797,0.563575556085,1,0.5,2021-02-01,,,7
2021-02-23,2021-03-02,0,-0.00921130678448,0.557170542636,0.573017191373,0.557191642382,0.565104416877,1,0.5,2021-02-01,,,7
2021-02-24,2021-03-03,1,0.0135511572946,0.557170542636,0.573017191373,0.557207937521,0.565112564447,1,0.5,2021-02-01,,,7
2021-02-25,2021-03-04,1,0.0276238997844,0.557170542636,0.573017191373,0.558378828106,0.565698009739,1,0.5,2021-02-01,,,7
2021-02-26,2021-03-05,1,0.0534789842096,0.557170542636,0.573017191373,0.558854694409,0.565935942891,1,0.5,2021-02-01,,,7
2021-02-27,2021-03-06,1,0.0602035334334,0.557170542636,0.573017191373,0.55709412556,0.565055658466,1,0.5,2021-02-01,,,7
2021-02-28,2021-03-07,1,0.129301089205,0.557170542636,0.573017191373,0.557196527826,0.565106859599,1,0.5,2021-02-01,,,7
2021-03-01,2021-03-08,1,0.0562272029601,0.56320754717,0.585985838999,0.571981297852,0.578983568426,1,0.5,2021-03-01,,,7
2021-03-02,2021-03-09,1,0.133025671621,0.56320754717,0.585985838999,0.572848079846,0.579416959422,1,0.5,2021-03-01,,,7
2021-03-03,2021-03-10,1,0.109280811259,0.56320754717,0.585985838999,0.573341089992,0.579663464495,1,0.5,2021-03-01,,,7
2021-03-04,2021-03-11,1,0.194299675715,0.56320754717,0.585985838999,0.573606543544,0.579796191272,1,0.5,2021-03-01,,,7
2021-03-05,2021-03-12,1,0.173737700688,0.56320754717,0.585985838999,0.573609706123,0.579797772561,1,0.5,2021-03-01,,,7
2021-03-06,2021-03-13,1,0.251751966974,0.56320754717,0.585985838999,0.573554818497,0.579770328748,1,0.5,2021-03-01,,,7
2021-03-07,2021-03-14,1,0.156882194549,0.56320754717,0.585985838999,0.574601249574,0.580293544287,1,0.5,2021-03-01,,,7
2021-03-08,2021-03-15,1,0.0616710170105,0.56320754717,0.585985838999,0.573710731021,0.57984828501,1,0.5,2021-03-01,,,7
2021-03-09,2021-03-16,1,0.0367362370068,0.56320754717,0.585985838999,0.574920094771,0.580452966885,1,0.5,2021-03-01,,,7
2021-03-10,2021-03-17,1,0.0548127636116,0.56320754717,0.585985838999,0.569603836969,0.577794837984,1,0.5,2021-03-01,,,7
2021-03-11,2021-03-18,0,-0.00216363446279,0.56320754717,0.585985838999,0.570854099012,0.578419969005,1,0.5,2021-03-01,,,7
2021-03-12,2021-03-19,1,0.0141255802866,0.56320754717,0.585985838999,0.570211662359,0.578098750679,1,0.5,2021-03-01,,,7
2021-03-13,2021-03-20,0,-0.0504362020311,0.56320754717,0.585985838999,0.571282758624,0.578634298812,1,0.5,2021-03-01,,,7
2021-03-14,2021-03-21,0,-0.0274172686991,0.56320754717,0.585985838999,0.570332475481,0.57815915724,1,0.5,2021-03-01,,,7
2021-03-15,2021-03-22,0,-0.0273706415947,0.56320754717,0.585985838999,0.569770088379,0.577877963689,1,0.5,2021-03-01,,,7
2021-03-16,2021-03-23,0,-0.044988159207,0.56320754717,0.585985838999,0.569417510317,0.577701674658,1,0.5,2021-03-01,,,7
2021-03-17,2021-03-24,0,-0.112187859482,0.56320754717,0.585985838999,0.569782428706,0.577884133853,1,0.5,2021-03-01,,,7
2021-03-18,2021-03-25,0,-0.110226935257,0.56320754717,0.585985838999,0.569012659981,0.57749924949,1,0.5,2021-03-01,,,7
2021-03-19,2021-03-26,0,-0.0517735564753,0.56320754717,0.585985838999,0.568700625574,0.577343232287,1,0.5,2021-03-01,,,7
2021-03-20,2021-03-27,0,-0.0393296097847,0.56320754717,0.585985838999,0.567677798443,0.576831818721,1,0.5,2021-03-01,,,7
2021-03-21,2021-03-28,0,-0.0274435429481,0.56320754717,0.585985838999,0.566821832239,0.576403835619,1,0.5,2021-03-01,,,7
2021-03-22,2021-03-29,1,0.065680594269,0.56320754717,0.585985838999,0.567406293511,0.576696066255,1,0.5,2021-03-01,,,7
2021-03-23,2021-03-30,1,0.0810748590978,0.56320754717,0.585985838999,0.5669863251,0.576486082049,1,0.5,2021-03-01,,,7
2021-03-24,2021-03-31,1,0.123067892967,0.56320754717,0.585985838999,0.56537643693,0.575681137964,1,0.5,2021-03-01,,,7
2021-03-25,2021-04-01,1,0.144786755821,0.56320754717,0.585985838999,0.563083126866,0.574534482933,1,0.5,2021-03-01,,,7
2021-03-26,2021-04-02,1,0.0713199077011,0.56320754717,0.585985838999,0.565123481582,0.575554660291,1,0.5,2021-03-01,,,7
2021-03-27,2021-04-03,1,0.0221222370046,0.56320754717,0.585985838999,0.564518286547,0.575252062773,1,0.5,2021-03-01,,,7
2021-03-28,2021-04-04,1,0.0434650952362,0.56320754717,0.585985838999,0.564547841782,0.57526684039,1,0.5,2021-03-01,,,7
2021-03-29,2021-04-05,1,0.0259305597751,0.56320754717,0.585985838999,0.566035580156,0.576010709577,1,0.5,2021-03-01,,,7
2021-03-30,2021-04-06,0,-0.0128589635106,0.56320754717,0.585985838999,0.566064528908,0.576025183953,1,0.5,2021-03-01,,,7
2021-03-31,2021-04-07,0,-0.0474476320021,0.56320754717,0.585985838999,0.564831010261,0.57540842463,1,0.5,2021-03-01,,,7
2021-04-01,2021-04-08,0,-0.0109488280401,0.564619615032,0.587714023831,0.563446059743,0.575580041787,1,0.5,2021-04-01,,,7
2021-04-02,2021-04-09,0,-0.0136975379648,0.564619615032,0.587714023831,0.563418347753,0.575566185792,1,0.5,2021-04-01,,,7
2021-04-03,2021-04-10,1,0.047626601304,0.564619615032,0.587714023831,0.563670357539,0.575692190685,1,0.5,2021-04-01,,,7
2021-04-04,2021-04-11,1,0.0309339832078,0.564619615032,0.587714023831,0.563655888508,0.57568495617,1,0.5,2021-04-01,,,7
2021-04-05,2021-04-12,1,0.0123458502192,0.564619615032,0.587714023831,0.563936734656,0.575825379244,1,0.5,2021-04-01,,,7
2021-04-06,2021-04-13,1,0.0962879680779,0.564619615032,0.587714023831,0.563547736375,0.575630880103,1,0.5,2021-04-01,,,7
2021-04-07,2021-04-14,1,0.125212654448,0.564619615032,0.587714023831,0.563632629162,0.575673326497,1,0.5,2021-04-01,,,7
2021-04-08,2021-04-15,1,0.0875116568338,0.564619615032,0.587714023831,0.563011281658,0.575362652745,1,0.5,2021-04-01,,,7
2021-04-09,2021-04-16,1,0.0549040341203,0.564619615032,0.587714023831,0.562824146744,0.575269085288,1,0.5,2021-04-01,,,7
2021-04-10,2021-04-17,1,0.00397412510438,0.564619615032,0.587714023831,0.562146515596,0.574930269714,1,0.5,2021-04-01,,,7
2021-04-11,2021-04-18,0,-0.0642043997218,0.564619615032,0.587714023831,0.562354189548,0.57503410669,1,0.5,2021-04-01,,,7
2021-04-12,2021-04-19,0,-0.070612429001,0.564619615032,0.587714023831,0.560497499509,0.57410576167,1,0.5,2021-04-01,,,7
2021-04-13,2021-04-20,0,-0.112465591821,0.564619615032,0.587714023831,0.561306688251,0.574510356041,1,0.5,2021-04-01,,,7
2021-04-14,2021-04-21,0,-0.145679295891,0.564619615032,0.587714023831,0.560193033493,0.573953528662,1,0.5,2021-04-01,,,7
2021-04-15,2021-04-22,0,-0.181586821275,0.564619615032,0.587714023831,0.560198187722,0.573956105776,1,0.5,2021-04-01,,,7
2021-04-16,2021-04-23,0,-0.166457867312,0.564619615032,0.587714023831,0.559921206423,0.573817615127,1,0.5,2021-04-01,,,7
2021-04-17,2021-04-24,0,-0.165961911561,0.564619615032,0.587714023831,0.560336980246,0.574025502038,1,0.5,2021-04-01,,,7
2021-04-18,2021-04-25,0,-0.126148508255,0.564619615032,0.587714023831,0.561838922344,0.574776473088,1,0.5,2021-04-01,,,7
2021-04-19,2021-04-26,0,-0.0293305393152,0.564619615032,0.587714023831,0.561826358367,0.574770191099,1,0.5,2021-04-01,,,7
2021-04-20,2021-04-27,0,-0.0250426229508,0.564619615032,0.587714023831,0.562472655322,0.575093339576,1,0.5,2021-04-01,,,7
2021-04-21,2021-04-28,1,0.0196809192002,0.564619615032,0.587714023831,0.562482925129,0.57509847448,1,0.5,2021-04-01,,,7
2021-04-22,2021-04-29,1,0.036061237787,0.564619615032,0.587714023831,0.56297027948,0.575342151656,1,0.5,2021-04-01,,,7
2021-04-23,2021-04-30,1,0.128491188484,0.564619615032,0.512641645645,0.562598094266,0.537619869955,1,0.5,2021-04-01,,,7
2021-04-24,2021-05-01,1,0.154902389394,0.564619615032,0.512641645645,0.562589730954,0.537615688299,1,0.5,2021-04-01,,,7
2021-04-25,2021-05-02,1,0.153086090647,0.564619615032,0.512641645645,0.55972333414,0.536182489892,1,0.5,2021-04-01,,,7
2021-04-26,2021-05-03,1,0.0586651565821,0.564619615032,0.512641645645,0.562649463608,0.537645554626,1,0.5,2021-04-01,,,7
2021-04-27,2021-05-04,0,-0.0329375588622,0.564619615032,0.587714023831,0.562883434884,0.575298729358,1,0.5,2021-04-01,,,7
2021-04-28,2021-05-05,1,0.0472209388359,0.564619615032,0.587714023831,0.561854540902,0.574784282366,1,0.5,2021-04-01,,,7
2021-04-29,2021-05-06,1,0.0530049481841,0.564619615032,0.587714023831,0.561362970351,0.574538497091,1,0.5,2021-04-01,,,7
2021-04-30,2021-05-07,0,-0.00657812292278,0.564619615032,0.587714023831,0.56297563918,0.575344831506,1,0.5,2021-04-01,,,7
2021-05-01,2021-05-08,1,0.018368048509,0.563782337199,0.583817446278,0.558501830364,0.571159638321,1,0.5,2021-05-01,,,7
2021-05-02,2021-05-09,1,0.0293864015846,0.563782337199,0.583817446278,0.558382756723,0.5711001015,1,0.5,2021-05-01,,,7
2021-05-03,2021-05-10,0,-0.0236708840168,0.563782337199,0.583817446278,0.561064083322,0.5724407648,1,0.5,2021-05-01,,,7
2021-05-04,2021-05-11,1,0.0652257396192,0.563782337199,0.583817446278,0.563870729182,0.57384408773,1,0.5,2021-05-01,,,7
2021-05-05,2021-05-12,0,-0.135886465849,0.563782337199,0.583817446278,0.563942574169,0.573880010224,1,0.5,2021-05-01,,,7
2021-05-06,2021-05-13,0,-0.119210344138,0.563782337199,0.583817446278,0.563831693972,0.573824570125,1,0.5,2021-05-01,,,7
2021-05-07,2021-05-14,0,-0.13039051902,0.563782337199,0.583817446278,0.565846227479,0.574831836878,1,0.5,2021-05-01,,,7
2021-05-08,2021-05-15,0,-0.205549415965,0.563782337199,0.583817446278,0.564800570841,0.57430900856,1,0.5,2021-05-01,,,7
2021-05-09,2021-05-16,0,-0.20276733646,0.563782337199,0.583817446278,0.564406656888,0.574112051583,1,0.5,2021-05-01,,,7
2021-05-10,2021-05-17,0,-0.219974007518,0.563782337199,0.583817446278,0.565297782937,0.574557614607,1,0.5,2021-05-01,,,7
2021-05-11,2021-05-18,0,-0.243872156742,0.563782337199,0.583817446278,0.563059753475,0.573438599876,1,0.5,2021-05-01,,,7
2021-05-12,2021-05-19,0,-0.260747245892,0.563782337199,0.514711141327,0.571509603329,0.543110372328,1,0.5,2021-05-01,,,7
2021-05-13,2021-05-20,0,-0.184098075798,0.563782337199,0.514711141327,0.569172232734,0.54194168703,1,0.5,2021-05-01,,,7
2021-05-14,2021-05-21,0,-0.252589762136,0.563782337199,0.514711141327,0.569729499595,0.542220320461,1,0.5,2021-05-01,,,7
2021-05-15,2021-05-22,0,-0.199158779197,0.563782337199,0.514711141327,0.572140242614,0.54342569197,1,0.5,2021-05-01,,,7
2021-05-16,2021-05-23,0,-0.253626309725,0.563782337199,0.514711141327,0.572254449767,0.543482795547,1,0.5,2021-05-01,,,7
2021-05-17,2021-05-24,0,-0.108910506766,0.563782337199,0.514711141327,0.57304135704,0.543876249183,1,0.5,2021-05-01,,,7
2021-05-18,2021-05-25,0,-0.105602875907,0.563782337199,0.514711141327,0.57384738082,0.544279261073,1,0.5,2021-05-01,,,7
2021-05-19,2021-05-26,1,0.0695506606825,0.563782337199,0.565350772491,0.577200989092,0.571275880791,1,0.5,2021-05-01,,,7
2021-05-20,2021-05-27,0,-0.0492678396235,0.563782337199,0.514711141327,0.577745418229,0.546228279778,1,0.5,2021-05-01,,,7
2021-05-21,2021-05-28,0,-0.0426425312352,0.563782337199,0.565350772491,0.580505647541,0.572928210016,1,0.5,2021-05-01,,,7
2021-05-22,2021-05-29,0,-0.0759572899457,0.563782337199,0.565350772491,0.579087306391,0.572219039441,1,0.5,2021-05-01,,,7
2021-05-23,2021-05-30,1,0.0284522547089,0.563782337199,0.565350772491,0.581024481128,0.573187626809,1,0.5,2021-05-01,,,7
2021-05-24,2021-05-31,0,-0.03975844082,0.563782337199,0.565350772491,0.580363631754,0.572857202122,1,0.5,2021-05-01,,,7
2021-05-25,2021-06-01,0,-0.0425738270234,0.563782337199,0.565350772491,0.580353888468,0.57285233048,1,0.5,2021-05-01,,,7
2021-05-26,2021-06-02,0,-0.0426388521863,0.563782337199,0.565350772491,0.572780978678,0.569065875584,1,0.5,2021-05-01,,,7
2021-05-27,2021-06-03,1,0.0186039546348,0.563782337199,0.565350772491,0.575441608759,0.570396190625,1,0.5,2021-05-01,,,7
2021-05-28,2021-06-04,1,0.032680761193,0.563782337199,0.565350772491,0.575074265529,0.57021251901,1,0.5,2021-05-01,,,7
2021-05-29,2021-06-05,1,0.0262403139417,0.563782337199,0.565350772491,0.576028153449,0.57068946297,1,0.5,2021-05-01,,,7
2021-05-30,2021-06-06,1,0.00435001334128,0.563782337199,0.565350772491,0.57140744973,0.56837911111,1,0.5,2021-05-01,,,7
2021-05-31,2021-06-07,0,-0.099346080307,0.563782337199,0.565350772491,0.574387881251,0.569869326871,1,0.5,2021-05-01,,,7
2021-06-01,2021-06-08,0,-0.0902698573492,0.557291666667,0.563116299304,0.561096217768,0.562106258536,1,0.5,2021-06-01,,,7
2021-06-02,2021-06-09,0,-0.00480799431867,0.557291666667,0.563116299304,0.561423879107,0.562270089206,1,0.5,2021-06-01,,,7
2021-06-03,2021-06-10,0,-0.0655103258126,0.557291666667,0.563116299304,0.563459179958,0.563287739631,1,0.5,2021-06-01,,,7
2021-06-04,2021-06-11,1,0.013657172337,0.557291666667,0.563116299304,0.559743138765,0.561429719034,1,0.5,2021-06-01,,,7
2021-06-05,2021-06-12,1,0.00092669767861,0.557291666667,0.563116299304,0.559597639282,0.561356969293,1,0.5,2021-06-01,,,7
2021-06-06,2021-06-13,1,0.0900724124917,0.557291666667,0.563116299304,0.559421327511,0.561268813408,1,0.5,2021-06-01,,,7
2021-06-07,2021-06-14,1,0.207538627935,0.557291666667,0.563116299304,0.558210642422,0.560663470863,1,0.5,2021-06-01,,,7
2021-06-08,2021-06-15,1,0.202608324963,0.557291666667,0.563116299304,0.558330276609,0.560723287957,1,0.5,2021-06-01,,,7
2021-06-09,2021-06-16,1,0.0257023300226,0.557291666667,0.563116299304,0.563306296193,0.563211297748,1,0.5,2021-06-01,,,7
2021-06-10,2021-06-17,1,0.0386427314856,0.557291666667,0.563116299304,0.562810775974,0.562963537639,1,0.5,2021-06-01,,,7
2021-06-11,2021-06-18,0,-0.0405052183142,0.557291666667,0.563116299304,0.563705266406,0.563410782855,1,0.5,2021-06-01,,,7
2021-06-12,2021-06-19,0,-0.00175518502587,0.557291666667,0.563116299304,0.563072631983,0.563094465644,1,0.5,2021-06-01,,,7
2021-06-13,2021-06-20,0,-0.087656587282,0.557291666667,0.563116299304,0.565818145917,0.56446722261,1,0.5,2021-06-01,,,7
2021-06-14,2021-06-21,0,-0.219846387712,0.557291666667,0.563116299304,0.567239186208,0.565177742756,1,0.5,2021-06-01,,,7
2021-06-15,2021-06-22,0,-0.190177172004,0.557291666667,0.563116299304,0.567267648218,0.565191973761,1,0.5,2021-06-01,,,7
2021-06-16,2021-06-23,0,-0.121800797465,0.557291666667,0.563116299304,0.568371997917,0.56574414861,1,0.5,2021-06-01,,,7
2021-06-17,2021-06-24,0,-0.0900397107393,0.557291666667,0.563116299304,0.56853680755,0.565826553427,1,0.5,2021-06-01,,,7
2021-06-18,2021-06-25,0,-0.118241455015,0.557291666667,0.563116299304,0.568227841611,0.565672070457,1,0.5,2021-06-01,,,7
2021-06-19,2021-06-26,0,-0.0901841746018,0.557291666667,0.563116299304,0.56394897152,0.563532635412,1,0.5,2021-06-01,,,7
2021-06-20,2021-06-27,0,-0.0252757290978,0.557291666667,0.563116299304,0.565174534599,0.564145416951,1,0.5,2021-06-01,,,7
2021-06-21,2021-06-28,1,0.0913020466052,0.557291666667,0.563116299304,0.565857862772,0.564487081038,1,0.5,2021-06-01,,,7
2021-06-22,2021-06-29,1,0.104651370243,0.557291666667,0.563116299304,0.56720519774,0.565160748522,1,0.5,2021-06-01,,,7
2021-06-23,2021-06-30,1,0.0405881334649,0.557291666667,0.563116299304,0.562865950407,0.562991124855,1,0.5,2021-06-01,,,7
2021-06-24,2021-07-01,0,-0.0334188325392,0.557291666667,0.563116299304,0.563695148916,0.56340572411,1,0.5,2021-06-01,,,7
2021-06-25,2021-07-02,1,0.0697210177793,0.557291666667,0.563116299304,0.56280185219,0.562959075747,1,0.5,2021-06-01,,,7
2021-06-26,2021-07-03,1,0.0738912731367,0.557291666667,0.563116299304,0.563594937653,0.563355618478,1,0.5,2021-06-01,,,7
2021-06-27,2021-07-04,1,0.0168923416889,0.557291666667,0.563116299304,0.566381980735,0.56474914002,1,0.5,2021-06-01,,,7
2021-06-28,2021-07-05,0,-0.0233295424337,0.557291666667,0.563116299304,0.566269317458,0.564692808381,1,0.5,2021-06-01,,,7
2021-06-29,2021-07-06,0,-0.0471077277536,0.557291666667,0.563116299304,0.566432236507,0.564774267906,1,0.5,2021-06-01,,,7
2021-06-30,2021-07-07,0,-0.0337531744899,0.557291666667,0.563116299304,0.565032751709,0.564074525506,1,0.5,2021-06-01,,,7
2021-07-01,2021-07-08,0,-0.0187728941829,0.554991539763,0.556734972527,0.560877651635,0.558806312081,1,0.5,2021-07-01,,,7
2021-07-02,2021-07-09,1,0.000866025089866,0.554991539763,0.556734972527,0.558333766467,0.557534369497,1,0.5,2021-07-01,,,7
2021-07-03,2021-07-10,0,-0.0336397250234,0.554991539763,0.556734972527,0.55764755135,0.557191261939,1,0.5,2021-07-01,,,7
2021-07-04,2021-07-11,0,-0.0291193433411,0.554991539763,0.556734972527,0.559987523396,0.558361247961,1,0.5,2021-07-01,,,7
2021-07-05,2021-07-12,0,-0.0179135497804,0.554991539763,0.556734972527,0.560839371351,0.558787171939,1,0.5,2021-07-01,,,7
2021-07-06,2021-07-13,0,-0.0435487891441,0.554991539763,0.556734972527,0.561515748384,0.559125360456,1,0.5,2021-07-01,,,7
2021-07-07,2021-07-14,0,-0.0307748008689,0.554991539763,0.556734972527,0.561798721702,0.559266847115,1,0.5,2021-07-01,,,7
2021-07-08,2021-07-15,0,-0.0302871025447,0.554991539763,0.556734972527,0.561151751922,0.558943362225,1,0.5,2021-07-01,,,7
2021-07-09,2021-07-16,0,-0.0719172481747,0.554991539763,0.556734972527,0.557105048615,0.556920010571,1,0.5,2021-07-01,,,7
2021-07-10,2021-07-17,0,-0.0591829893976,0.554991539763,0.556734972527,0.558037843744,0.557386408136,1,0.5,2021-07-01,,,7
2021-07-11,2021-07-18,0,-0.0724023095836,0.554991539763,0.556734972527,0.558024634036,0.557379803282,1,0.5,2021-07-01,,,7
2021-07-12,2021-07-19,0,-0.0679120236784,0.554991539763,0.556734972527,0.557971010061,0.557352991294,1,0.5,2021-07-01,,,7
2021-07-13,2021-07-20,0,-0.0898087582039,0.554991539763,0.556734972527,0.554865492936,0.555800232731,1,0.5,2021-07-01,,,7
2021-07-14,2021-07-21,0,-0.0205822543679,0.554991539763,0.556734972527,0.553539188049,0.555137080288,1,0.5,2021-07-01,,,7
2021-07-15,2021-07-22,1,0.0127926599749,0.554991539763,0.556734972527,0.553255882111,0.554995427319,1,0.5,2021-07-01,,,7
2021-07-16,2021-07-23,1,0.0716998891469,0.554991539763,0.556734972527,0.554590195831,0.555662584179,1,0.5,2021-07-01,,,7
2021-07-17,2021-07-24,1,0.0868675101293,0.554991539763,0.556734972527,0.554542582934,0.55563877773,1,0.5,2021-07-01,,,7
2021-07-18,2021-07-25,1,0.113361335441,0.554991539763,0.556734972527,0.555730180778,0.556232576652,1,0.5,2021-07-01,,,7
2021-07-19,2021-07-26,1,0.207458580107,0.554991539763,0.556734972527,0.555372910768,0.556053941648,1,0.5,2021-07-01,,,7
2021-07-20,2021-07-27,1,0.324518510189,0.554991539763,0.556734972527,0.55529665474,0.556015813634,1,0.5,2021-07-01,,,7
2021-07-21,2021-07-28,1,0.244988957679,0.554991539763,0.556734972527,0.556265192338,0.556500082432,1,0.5,2021-07-01,,,7
2021-07-22,2021-07-29,1,0.239367278631,0.554991539763,0.556734972527,0.554909312964,0.555822142746,1,0.5,2021-07-01,,,7
2021-07-23,2021-07-30,1,0.25486879532,0.554991539763,0.556734972527,0.553830349849,0.555282661188,1,0.5,2021-07-01,,,7
2021-07-24,2021-07-31,1,0.210276740068,0.554991539763,0.556734972527,0.553181796287,0.554958384407,1,0.5,2021-07-01,,,7
2021-07-25,2021-08-01,1,0.126181212413,0.554991539763,0.502751354349,0.553505484008,0.528128419178,1,0.5,2021-07-01,,,7
2021-07-26,2021-08-02,1,0.0512981502567,0.554991539763,0.556734972527,0.552695233604,0.554715103066,1,0.5,2021-07-01,,,7
2021-07-27,2021-08-03,0,-0.0317001399214,0.554991539763,0.502751354349,0.549921821429,0.526336587889,1,0.5,2021-07-01,,,7
2021-07-28,2021-08-04,0,-0.0074058785254,0.554991539763,0.502751354349,0.551617396486,0.527184375417,1,0.5,2021-07-01,,,7
2021-07-29,2021-08-05,1,0.0211407899945,0.554991539763,0.502751354349,0.550590376473,0.526670865411,1,0.5,2021-07-01,,,7
2021-07-30,2021-08-06,1,0.0149385033586,0.554991539763,0.502751354349,0.552144087883,0.527447721116,1,0.5,2021-07-01,,,7
2021-07-31,2021-08-07,1,0.0750258731947,0.554991539763,0.502751354349,0.553051012289,0.527901183319,1,0.5,2021-07-01,,,7
2021-08-01,2021-08-08,1,0.0991061963427,0.552349546579,0.502518237303,0.55051740829,0.526517822796,1,0.5,2021-08-01,,,7
2021-08-02,2021-08-09,1,0.181506403166,0.552349546579,0.502518237303,0.551526128426,0.527022182864,1,0.5,2021-08-01,,,7
2021-08-03,2021-08-10,1,0.193104152244,0.552349546579,0.502518237303,0.552995364086,0.527756800694,1,0.5,2021-08-01,,,7
2021-08-04,2021-08-11,1,0.145703843449,0.552349546579,0.502518237303,0.553704347977,0.52811129264,1,0.5,2021-08-01,,,7
2021-08-05,2021-08-12,1,0.0865474080611,0.552349546579,0.502518237303,0.553259826792,0.527889032048,1,0.5,2021-08-01,,,7
2021-08-06,2021-08-13,1,0.115861172863,0.552349546579,0.502518237303,0.554693425163,0.528605831233,1,0.5,2021-08-01,,,7
2021-08-07,2021-08-14,1,0.0559979305644,0.552349546579,0.502518237303,0.55437883373,0.528448535517,1,0.5,2021-08-01,,,7
2021-08-08,2021-08-15,1,0.0725995145038,0.552349546579,0.502518237303,0.553014830765,0.527766534034,1,0.5,2021-08-01,,,7
2021-08-09,2021-08-16,0,-0.00761262955804,0.552349546579,0.576469375879,0.552561370263,0.564515373071,1,0.5,2021-08-01,,,7
2021-08-10,2021-08-17,0,-0.0195029109363,0.552349546579,0.576469375879,0.551696696244,0.564083036061,1,0.5,2021-08-01,,,7
2021-08-11,2021-08-18,0,-0.0177036320889,0.552349546579,0.576469375879,0.553078003591,0.564773689735,1,0.5,2021-08-01,,,7
2021-08-12,2021-08-19,1,0.0531908376315,0.552349546579,0.502518237303,0.554337297707,0.528427767505,1,0.5,2021-08-01,,,7
2021-08-13,2021-08-20,1,0.0318508368201,0.552349546579,0.576469375879,0.555528761276,0.565999068577,1,0.5,2021-08-01,,,7
2021-08-14,2021-08-21,1,0.0372512322995,0.552349546579,0.576469375879,0.557080268499,0.566774822189,1,0.5,2021-08-01,,,7
2021-08-15,2021-08-22,1,0.048226863389,0.552349546579,0.576469375879,0.556836096235,0.566652736057,1,0.5,2021-08-01,,,7
2021-08-16,2021-08-23,1,0.0781581519822,0.552349546579,0.576469375879,0.558544575959,0.567506975919,1,0.5,2021-08-01,,,7
2021-08-17,2021-08-24,1,0.0666293031024,0.552349546579,0.502518237303,0.558440451146,0.530479344224,1,0.5,2021-08-01,,,7
2021-08-18,2021-08-25,1,0.0954703570875,0.552349546579,0.502518237303,0.558711435032,0.530614836168,1,0.5,2021-08-01,,,7
2021-08-19,2021-08-26,1,0.00178034422982,0.552349546579,0.576469375879,0.558151505905,0.567310440892,1,0.5,2021-08-01,,,7
2021-08-20,2021-08-27,0,-0.00512078977391,0.552349546579,0.576469375879,0.557897426651,0.567183401265,1,0.5,2021-08-01,,,7
2021-08-21,2021-08-28,1,0.00150506320221,0.552349546579,0.576469375879,0.557571949742,0.56702066281,1,0.5,2021-08-01,,,7
2021-08-22,2021-08-29,0,-0.00957346602972,0.552349546579,0.576469375879,0.55658058815,0.566524982014,1,0.5,2021-08-01,,,7
2021-08-23,2021-08-30,0,-0.0506364564947,0.552349546579,0.576469375879,0.555601753174,0.566035564526,1,0.5,2021-08-01,,,7
2021-08-24,2021-08-31,0,-0.0120216444977,0.552349546579,0.576469375879,0.554901078915,0.565685227397,1,0.5,2021-08-01,,,7
2021-08-25,2021-09-01,0,-0.0033242590047,0.552349546579,0.576469375879,0.553523481866,0.564996428873,1,0.5,2021-08-01,,,7
2021-08-26,2021-09-02,1,0.0512931574612,0.552349546579,0.576469375879,0.553995341851,0.565232358865,1,0.5,2021-08-01,,,7
2021-08-27,2021-09-03,1,0.0189370673264,0.552349546579,0.576469375879,0.555004847568,0.565737111724,1,0.5,2021-08-01,,,7
2021-08-28,2021-09-04,1,0.0208668104431,0.552349546579,0.576469375879,0.554777087792,0.565623231836,1,0.5,2021-08-01,,,7
2021-08-29,2021-09-05,1,0.0612914292065,0.552349546579,0.576469375879,0.553688821287,0.565079098583,1,0.5,2021-08-01,,,7
2021-08-30,2021-09-06,1,0.12091609481,0.552349546579,0.576469375879,0.554640512235,0.565554944057,1,0.5,2021-08-01,,,7
2021-08-31,2021-09-07,0,-0.00503514901735,0.552349546579,0.576469375879,0.554066648369,0.565268012124,1,0.5,2021-08-01,,,7
2021-09-01,2021-09-08,0,-0.0565904645146,0.556270096463,0.57393477922,0.560455838949,0.567195309085,1,0.5,2021-09-01,,,7
2021-09-02,2021-09-09,0,-0.0579024274549,0.556270096463,0.57393477922,0.559649375836,0.566792077528,1,0.5,2021-09-01,,,7
2021-09-03,2021-09-10,0,-0.102966371022,0.556270096463,0.57393477922,0.559687165397,0.566810972309,1,0.5,2021-09-01,,,7
2021-09-04,2021-09-11,0,-0.0949992827899,0.556270096463,0.57393477922,0.558800643169,0.566367711194,1,0.5,2021-09-01,,,7
2021-09-05,2021-09-12,0,-0.110741605754,0.556270096463,0.57393477922,0.557173226281,0.565554002751,1,0.5,2021-09-01,,,7
2021-09-06,2021-09-13,0,-0.146650172129,0.556270096463,0.57393477922,0.554836395018,0.564385587119,1,0.5,2021-09-01,,,7
2021-09-07,2021-09-14,1,0.00528745791255,0.556270096463,0.57393477922,0.558168482899,0.56605163106,1,0.5,2021-09-01,,,7
2021-09-08,2021-09-15,1,0.0450201104014,0.556270096463,0.57393477922,0.557453644963,0.565694212092,1,0.5,2021-09-01,,,7
2021-09-09,2021-09-16,1,0.0289401001915,0.556270096463,0.57393477922,0.55801259042,0.56597368482,1,0.5,2021-09-01,,,7
2021-09-10,2021-09-17,1,0.0546046891802,0.556270096463,0.528163419709,0.558803533761,0.543483476735,1,0.5,2021-09-01,,,7
2021-09-11,2021-09-18,1,0.0690457210823,0.556270096463,0.528163419709,0.559283887501,0.543723653605,1,0.5,2021-09-01,,,7
2021-09-12,2021-09-19,1,0.0264313667892,0.556270096463,0.57393477922,0.557499352386,0.565717065803,1,0.5,2021-09-01,,,7
2021-09-13,2021-09-20,0,-0.0428366428405,0.556270096463,0.528163419709,0.558545999857,0.543354709783,1,0.5,2021-09-01,,,7
2021-09-14,2021-09-21,0,-0.135362645909,0.556270096463,0.57393477922,0.555487198084,0.564710988652,1,0.5,2021-09-01,,,7
2021-09-15,2021-09-22,0,-0.0951302133499,0.556270096463,0.57393477922,0.555472918781,0.564703849001,1,0.5,2021-09-01,,,7
2021-09-16,2021-09-23,0,-0.0601736736198,0.556270096463,0.57393477922,0.556310217713,0.565122498467,1,0.5,2021-09-01,,,7
2021-09-17,2021-09-24,0,-0.094913570788,0.556270096463,0.57393477922,0.555434248242,0.564684513731,1,0.5,2021-09-01,,,7
2021-09-18,2021-09-25,0,-0.116417084638,0.556270096463,0.57393477922,0.554118401247,0.564026590234,1,0.5,2021-09-01,,,7
2021-09-19,2021-09-26,0,-0.0863822783872,0.556270096463,0.57393477922,0.552976636258,0.563455707739,1,0.5,2021-09-01,,,7
2021-09-20,2021-09-27,0,-0.0201849932652,0.556270096463,0.528163419709,0.554287211277,0.541225315493,1,0.5,2021-09-01,,,7
2021-09-21,2021-09-28,1,0.00717231979473,0.556270096463,0.528163419709,0.555938084334,0.542050752022,1,0.5,2021-09-01,,,7
2021-09-22,2021-09-29,0,-0.0463748871534,0.556270096463,0.528163419709,0.556755900929,0.542459660319,1,0.5,2021-09-01,,,7
2021-09-23,2021-09-30,0,-0.0232063739294,0.556270096463,0.528163419709,0.557350323612,0.54275687166,1,0.5,2021-09-01,,,7
2021-09-24,2021-10-01,1,0.124526256016,0.556270096463,0.528163419709,0.55674888039,0.542456150049,1,0.5,2021-09-01,,,7
2021-09-25,2021-10-02,1,0.11633900968,0.556270096463,0.528163419709,0.558277053282,0.543220236495,1,0.5,2021-09-01,,,7
2021-09-26,2021-10-03,1,0.116751735946,0.556270096463,0.528163419709,0.556094964149,0.542129191929,1,0.5,2021-09-01,,,7
2021-09-27,2021-10-04,1,0.167924911056,0.556270096463,0.528163419709,0.553753527385,0.540958473547,1,0.5,2021-09-01,,,7
2021-09-28,2021-10-05,1,0.254602264778,0.556270096463,0.528163419709,0.552495910874,0.540329665291,1,0.5,2021-09-01,,,7
2021-09-29,2021-10-06,1,0.33211220038,0.556270096463,0.528163419709,0.555152069904,0.541657744806,1,0.5,2021-09-01,,,7
2021-09-30,2021-10-07,1,0.227297765385,0.556270096463,0.528163419709,0.556076722432,0.54212007107,1,0.5,2021-09-01,,,7
2021-10-01,2021-10-08,1,0.120681879979,0.552590266876,0.566559302766,0.549691044915,0.55812517384,1,0.5,2021-10-01,,,7
2021-10-02,2021-10-09,1,0.153560099843,0.552590266876,0.566559302766,0.549502320024,0.558030811395,1,0.5,2021-10-01,,,7
2021-10-03,2021-10-10,1,0.134003914107,0.552590266876,0.566559302766,0.549361816714,0.55796055974,1,0.5,2021-10-01,,,7
2021-10-04,2021-10-11,1,0.167525039137,0.552590266876,0.566559302766,0.548277357738,0.557418330252,1,0.5,2021-10-01,,,7
2021-10-05,2021-10-12,1,0.0879107258142,0.552590266876,0.566559302766,0.545813198704,0.556186250735,1,0.5,2021-10-01,,,7
2021-10-06,2021-10-13,1,0.037096628401,0.552590266876,0.566559302766,0.545346561574,0.55595293217,1,0.5,2021-10-01,,,7
2021-10-07,2021-10-14,1,0.0662397588036,0.552590266876,0.566559302766,0.548934282117,0.557746792441,1,0.5,2021-10-01,,,7
2021-10-08,2021-10-15,1,0.143110015805,0.552590266876,0.566559302766,0.552714070931,0.559636686848,1,0.5,2021-10-01,,,7
2021-10-09,2021-10-16,1,0.107841313841,0.552590266876,0.566559302766,0.551889662068,0.559224482417,1,0.5,2021-10-01,,,7
2021-10-10,2021-10-17,1,0.125676100917,0.552590266876,0.566559302766,0.553036206023,0.559797754395,1,0.5,2021-10-01,,,7
2021-10-11,2021-10-18,1,0.0789696083353,0.552590266876,0.566559302766,0.553137792131,0.559848547448,1,0.5,2021-10-01,,,7
2021-10-12,2021-10-19,1,0.147930609767,0.552590266876,0.566559302766,0.554838063229,0.560698682998,1,0.5,2021-10-01,,,7
2021-10-13,2021-10-20,1,0.150511792494,0.552590266876,0.566559302766,0.557610977344,0.562085140055,1,0.5,2021-10-01,,,7
2021-10-14,2021-10-21,1,0.0844879519648,0.552590266876,0.566559302766,0.555222364339,0.560890833552,1,0.5,2021-10-01,,,7
2021-10-15,2021-10-22,0,-0.015958511114,0.552590266876,0.566559302766,0.55426632519,0.560412813978,1,0.5,2021-10-01,,,7
2021-10-16,2021-10-23,1,0.00675443367512,0.552590266876,0.566559302766,0.555358575928,0.560958939347,1,0.5,2021-10-01,,,7
2021-10-17,2021-10-24,0,-0.0109885966351,0.552590266876,0.566559302766,0.555189676405,0.560874489586,1,0.5,2021-10-01,,,7
2021-10-18,2021-10-25,1,0.0172382318677,0.552590266876,0.566559302766,0.556382403498,0.561470853132,1,0.5,2021-10-01,,,7
2021-10-19,2021-10-26,0,-0.061477033736,0.552590266876,0.566559302766,0.555388809751,0.560974056259,1,0.5,2021-10-01,,,7
2021-10-20,2021-10-27,0,-0.114966786316,0.552590266876,0.566559302766,0.556627611131,0.561593456948,1,0.5,2021-10-01,,,7
2021-10-21,2021-10-28,0,-0.0260038283959,0.552590266876,0.566559302766,0.558964145438,0.562761724102,1,0.5,2021-10-01,,,7
2021-10-22,2021-10-29,1,0.0257956156895,0.552590266876,0.566559302766,0.560125035427,0.563342169097,1,0.5,2021-10-01,,,7
2021-10-23,2021-10-30,1,0.00934035497069,0.552590266876,0.566559302766,0.558715414094,0.56263735843,1,0.5,2021-10-01,,,7
2021-10-24,2021-10-31,1,0.00735519591561,0.552590266876,0.566559302766,0.559892795508,0.563226049137,1,0.5,2021-10-01,,,7
2021-10-25,2021-11-01,0,-0.034364488343,0.552590266876,0.566559302766,0.559765654268,0.563162478517,1,0.5,2021-10-01,,,7
2021-10-26,2021-11-02,1,0.0479237034511,0.552590266876,0.566559302766,0.561965028559,0.564262165663,1,0.5,2021-10-01,,,7
2021-10-27,2021-11-03,1,0.0767467213025,0.552590266876,0.566559302766,0.564085903343,0.565322603055,1,0.5,2021-10-01,,,7
2021-10-28,2021-11-04,1,0.0135222115597,0.552590266876,0.566559302766,0.561901147414,0.56423022509,1,0.5,2021-10-01,,,7
2021-10-29,2021-11-05,0,-0.0211487797273,0.552590266876,0.566559302766,0.560332375872,0.563445839319,1,0.5,2021-10-01,,,7
2021-10-30,2021-11-06,0,-0.006281685874,0.552590266876,0.566559302766,0.55925973831,0.562909520538,1,0.5,2021-10-01,,,7
2021-10-31,2021-11-07,1,0.0321989631288,0.552590266876,0.566559302766,0.55573969944,0.561149501103,1,0.5,2021-10-01,,,7
2021-11-01,2021-11-08,1,0.108596280711,0.55938697318,0.575740275558,0.562670025741,0.569205150649,1,0.5,2021-11-01,,,7
2021-11-02,2021-11-09,1,0.0589634702568,0.55938697318,0.575740275558,0.561196881008,0.568468578283,1,0.5,2021-11-01,,,7
2021-11-03,2021-11-10,1,0.0315748989451,0.55938697318,0.575740275558,0.559981847484,0.567861061521,1,0.5,2021-11-01,,,7
2021-11-04,2021-11-11,1,0.0550411181625,0.55938697318,0.575740275558,0.559987672478,0.567863974018,1,0.5,2021-11-01,,,7
2021-11-05,2021-11-12,1,0.0522687977377,0.55938697318,0.575740275558,0.55824227176,0.566991273659,1,0.5,2021-11-01,,,7
2021-11-06,2021-11-13,1,0.0473297727158,0.55938697318,0.575740275558,0.558434693644,0.567087484601,1,0.5,2021-11-01,,,7
2021-11-07,2021-11-14,1,0.0354888982907,0.55938697318,0.575740275558,0.558057113179,0.566898694368,1,0.5,2021-11-01,,,7
2021-11-08,2021-11-15,0,-0.0580383832379,0.55938697318,0.575740275558,0.557693151962,0.56671671376,1,0.5,2021-11-01,,,7
2021-11-09,2021-11-16,0,-0.10289814461,0.55938697318,0.575740275558,0.558823675886,0.567281975722,1,0.5,2021-11-01,,,7
2021-11-10,2021-11-17,0,-0.0699351118631,0.55938697318,0.575740275558,0.557701145706,0.566720710632,1,0.5,2021-11-01,,,7
2021-11-11,2021-11-18,0,-0.121694018581,0.55938697318,0.575740275558,0.557519374561,0.566629825059,1,0.5,2021-11-01,,,7
2021-11-12,2021-11-19,0,-0.0946628025881,0.55938697318,0.575740275558,0.556840839296,0.566290557427,1,0.5,2021-11-01,,,7
2021-11-13,2021-11-20,0,-0.0725767319043,0.55938697318,0.575740275558,0.557035764172,0.566388019865,1,0.5,2021-11-01,,,7
2021-11-14,2021-11-21,0,-0.105268234759,0.55938697318,0.575740275558,0.555014523064,0.565377399311,1,0.5,2021-11-01,,,7
2021-11-15,2021-11-22,0,-0.115704090478,0.55938697318,0.575740275558,0.557312292459,0.566526284008,1,0.5,2021-11-01,,,7
2021-11-16,2021-11-23,0,-0.0419188706015,0.55938697318,0.575740275558,0.557970597277,0.566855436417,1,0.5,2021-11-01,,,7
2021-11-17,2021-11-24,0,-0.0531375740804,0.55938697318,0.575740275558,0.556980742219,0.566360508888,1,0.5,2021-11-01,,,7
2021-11-18,2021-11-25,1,0.0363628246128,0.55938697318,0.575740275558,0.556903584589,0.566321930073,1,0.5,2021-11-01,,,7
2021-11-19,2021-11-26,0,-0.074514092824,0.55938697318,0.575740275558,0.555859242967,0.565799759262,1,0.5,2021-11-01,,,7
2021-11-20,2021-11-27,0,-0.083515122302,0.55938697318,0.575740275558,0.556616732007,0.566178503782,1,0.5,2021-11-01,,,7
2021-11-21,2021-11-28,0,-0.0229801020163,0.55938697318,0.575740275558,0.557670516377,0.566705395968,1,0.5,2021-11-01,,,7
2021-11-22,2021-11-29,1,0.0271848295328,0.55938697318,0.575740275558,0.557299836147,0.566520055852,1,0.5,2021-11-01,,,7
2021-11-23,2021-11-30,0,-0.0102658491896,0.55938697318,0.575740275558,0.556004518623,0.56587239709,1,0.5,2021-11-01,,,7
2021-11-24,2021-12-01,1,0.000801214037032,0.55938697318,0.575740275558,0.555069492048,0.565404883803,1,0.5,2021-11-01,,,7
2021-11-25,2021-12-02,0,-0.0420624975831,0.55938697318,0.575740275558,0.554231431498,0.564985853528,1,0.5,2021-11-01,,,7
2021-11-26,2021-12-03,0,-0.00233553144043,0.55938697318,0.575740275558,0.557551339351,0.566645807454,1,0.5,2021-11-01,,,7
2021-11-27,2021-12-04,0,-0.101762704394,0.55938697318,0.575740275558,0.557113179542,0.56642672755,1,0.5,2021-11-01,,,7
2021-11-28,2021-12-05,0,-0.137556813738,0.55938697318,0.575740275558,0.556018608227,0.565879441892,1,0.5,2021-11-01,,,7
2021-11-29,2021-12-06,0,-0.126943683607,0.55938697318,0.575740275558,0.555098391016,0.565419333287,1,0.5,2021-11-01,,,7
2021-11-30,2021-12-07,0,-0.111704081575,0.55938697318,0.575740275558,0.555984936011,0.565862605784,1,0.5,2021-11-01,,,7
2021-12-01,2021-12-08,0,-0.117390734867,0.556554307116,0.568907950236,0.552465859957,0.560686905096,1,0.5,2021-12-01,,,7
2021-12-02,2021-12-09,0,-0.158192213432,0.556554307116,0.568907950236,0.552099441811,0.560503696023,1,0.5,2021-12-01,,,7
2021-12-03,2021-12-10,0,-0.120529541865,0.556554307116,0.568907950236,0.5506862998,0.559797125018,1,0.5,2021-12-01,,,7
2021-12-04,2021-12-11,1,0.00483231056344,0.556554307116,0.568907950236,0.553525793584,0.56121687191,1,0.5,2021-12-01,,,7
2021-12-05,2021-12-12,1,0.0133121225808,0.556554307116,0.568907950236,0.554886983788,0.561897467012,1,0.5,2021-12-01,,,7
2021-12-06,2021-12-13,0,-0.0741282250953,0.556554307116,0.568907950236,0.554867166118,0.561887558177,1,0.5,2021-12-01,,,7
2021-12-07,2021-12-14,0,-0.0443905240176,0.556554307116,0.537872269329,0.553533530628,0.545702899978,1,0.5,2021-12-01,,,7
2021-12-08,2021-12-15,0,-0.0318242942162,0.556554307116,0.537872269329,0.550949975615,0.544411122472,1,0.5,2021-12-01,,,7
2021-12-09,2021-12-16,1,0.00182540588938,0.556554307116,0.537872269329,0.551702856359,0.544787562844,1,0.5,2021-12-01,,,7
2021-12-10,2021-12-17,0,-0.0214112948218,0.556554307116,0.537872269329,0.551130360844,0.544501315086,1,0.5,2021-12-01,,,7
2021-12-11,2021-12-18,0,-0.0517414561129,0.556554307116,0.537872269329,0.549293227983,0.543582748656,1,0.5,2021-12-01,,,7
2021-12-12,2021-12-19,0,-0.0673807635369,0.556554307116,0.537872269329,0.549694798764,0.543783534046,1,0.5,2021-12-01,,,7
2021-12-13,2021-12-20,1,0.00452671416565,0.556554307116,0.551090548579,0.551175361348,0.551132954964,1,0.5,2021-12-01,,,7
2021-12-14,2021-12-21,1,0.011306638689,0.556554307116,0.537872269329,0.550837180319,0.544354724824,1,0.5,2021-12-01,,,7
2021-12-15,2021-12-22,0,-0.00566499771411,0.556554307116,0.537872269329,0.551473986373,0.544673127851,1,0.5,2021-12-01,,,7
2021-12-16,2021-12-23,1,0.0673161828151,0.556554307116,0.537872269329,0.551170940275,0.544521604802,1,0.5,2021-12-01,,,7
2021-12-17,2021-12-24,1,0.101640538291,0.556554307116,0.551090548579,0.551090062409,0.551090305494,1,0.5,2021-12-01,,,7
2021-12-18,2021-12-25,1,0.0761229760638,0.556554307116,0.551090548579,0.553307186887,0.552198867733,1,0.5,2021-12-01,,,7
2021-12-19,2021-12-26,1,0.0877067720795,0.556554307116,0.551090548579,0.553025457184,0.552058002882,1,0.5,2021-12-01,,,7
2021-12-20,2021-12-27,1,0.0807278655314,0.556554307116,0.551090548579,0.550300241307,0.550695394943,1,0.5,2021-12-01,,,7
2021-12-21,2021-12-28,0,-0.0275341236264,0.556554307116,0.537872269329,0.551837347091,0.54485480821,1,0.5,2021-12-01,,,7
2021-12-22,2021-12-29,0,-0.0437040628828,0.556554307116,0.537872269329,0.552960817774,0.545416543552,1,0.5,2021-12-01,,,7
2021-12-23,2021-12-30,0,-0.073131924213,0.556554307116,0.537872269329,0.551795975642,0.544834122485,1,0.5,2021-12-01,,,7
2021-12-24,2021-12-31,0,-0.0905759543487,0.556554307116,0.537872269329,0.551167460923,0.544519865126,1,0.5,2021-12-01,,,7
2021-12-25,2022-01-01,0,-0.0531156360975,0.556554307116,0.537872269329,0.550579733737,0.544226001533,1,0.5,2021-12-01,,,7
2021-12-26,2022-01-02,0,-0.0687203609458,0.556554307116,0.537872269329,0.551243205757,0.544557737543,1,0.5,2021-12-01,,,7
2021-12-27,2022-01-03,0,-0.0839293716313,0.556554307116,0.537872269329,0.550833473381,0.544352871355,1,0.5,2021-12-01,,,7
2021-12-28,2022-01-04,0,-0.0360032677278,0.556554307116,0.551090548579,0.551347574171,0.551219061375,1,0.5,2021-12-01,,,7
2021-12-29,2022-01-05,0,-0.0648563876288,0.556554307116,0.551090548579,0.551108159814,0.551099354196,1,0.5,2021-12-01,,,7
2021-12-30,2022-01-06,0,-0.0857063971866,0.556554307116,0.551090548579,0.552636952545,0.551863750562,1,0.5,2021-12-01,,,7
2021-12-31,2022-01-07,0,-0.100622217876,0.556554307116,0.551090548579,0.552643838752,0.551867193666,1,0.5,2021-12-01,,,7
2022-01-01,2022-01-08,0,-0.126625616976,0.551976573939,0.555404634644,0.547509393338,0.551457013991,1,0.5,2022-01-01,0.551976573939,historical_prior,7
2022-01-02,2022-01-09,0,-0.114654218209,0.551976573939,0.555404634644,0.548872886407,0.552138760525,1,0.5,2022-01-01,0.551976573939,historical_prior,7
2022-01-03,2022-01-10,0,-0.0995478630068,0.551976573939,0.555404634644,0.5499402671,0.552672450872,1,0.5,2022-01-01,0.551976573939,historical_prior,7
2022-01-04,2022-01-11,0,-0.0676976637071,0.551976573939,0.555404634644,0.548089188962,0.551746911803,1,0.5,2022-01-01,0.551976573939,historical_prior,7
2022-01-05,2022-01-12,1,0.0103916745088,0.551976573939,0.555404634644,0.547444375014,0.551424504829,1,0.5,2022-01-01,0.551976573939,historical_prior,7
2022-01-06,2022-01-13,0,-0.0121209842276,0.551976573939,0.555404634644,0.547755082666,0.551579858655,1,0.5,2022-01-01,0.551976573939,historical_prior,7
2022-01-07,2022-01-14,1,0.0359299127566,0.551976573939,0.555404634644,0.54761535184,0.551509993242,1,0.5,2022-01-01,0.551976573939,historical_prior,7
2022-01-08,2022-01-15,1,0.0336986267189,0.551976573939,0.555404634644,0.549621678169,0.552513156406,1,0.5,2022-01-01,0.551976573939,historical_prior,7
2022-01-09,2022-01-16,1,0.02883198271,0.551976573939,0.555404634644,0.549642801237,0.55252371794,1,0.5,2022-01-01,0.551976573939,historical_prior,7
2022-01-10,2022-01-17,1,0.00906521825936,0.551976573939,0.555404634644,0.547010298009,0.551207466327,1,0.5,2022-01-01,0.551976573939,historical_prior,7
2022-01-11,2022-01-18,0,-0.00882696623323,0.551976573939,0.555404634644,0.546280520732,0.550842577688,1,0.5,2022-01-01,0.551976573939,historical_prior,7
2022-01-12,2022-01-19,0,-0.051082326219,0.551976573939,0.555404634644,0.545946933344,0.550675783994,1,0.5,2022-01-01,0.551976573939,historical_prior,7
2022-01-13,2022-01-20,0,-0.0441540212185,0.551976573939,0.555404634644,0.544538166867,0.549971400756,1,0.5,2022-01-01,0.551976573939,historical_prior,7
2022-01-14,2022-01-21,0,-0.15361486634,0.551976573939,0.555404634644,0.543199313042,0.549301973843,1,0.5,2022-01-01,0.551976573939,historical_prior,7
2022-01-15,2022-01-22,0,-0.185981247457,0.551976573939,0.555404634644,0.543935654378,0.549670144511,1,0.5,2022-01-01,0.551976573939,historical_prior,7
2022-01-16,2022-01-23,0,-0.158505848161,0.551976573939,0.555404634644,0.544800119155,0.550102376899,1,0.5,2022-01-01,0.551976573939,historical_prior,7
2022-01-17,2022-01-24,0,-0.131304675034,0.551976573939,0.555404634644,0.54435596887,0.549880301757,1,0.5,2022-01-01,0.551976573939,historical_prior,7
2022-01-18,2022-01-25,0,-0.127356080404,0.551976573939,0.555404634644,0.545060039538,0.550232337091,1,0.5,2022-01-01,0.551976573939,historical_prior,7
2022-01-19,2022-01-26,0,-0.116434681605,0.551976573939,0.555404634644,0.545726405564,0.550565520104,1,0.5,2022-01-01,0.551976573939,historical_prior,7
2022-01-20,2022-01-27,0,-0.0865469823561,0.551976573939,0.555404634644,0.543076797526,0.549240716085,1,0.5,2022-01-01,0.551976573939,historical_prior,7
2022-01-21,2022-01-28,1,0.0348810313316,0.551976573939,0.555404634644,0.546796391239,0.551100512942,1,0.5,2022-01-01,0.551976573939,historical_prior,7
2022-01-22,2022-01-29,1,0.088260469636,0.551976573939,0.555404634644,0.544840332993,0.550122483818,1,0.5,2022-01-01,0.551976573939,historical_prior,7
2022-01-23,2022-01-30,1,0.0451712050501,0.551976573939,0.555404634644,0.545280073086,0.550342353865,1,0.5,2022-01-01,0.551976573939,historical_prior,7
2022-01-24,2022-01-31,1,0.049278034716,0.551976573939,0.555404634644,0.545084337234,0.550244485939,1,0.5,2022-01-01,0.551976573939,historical_prior,7
2022-01-25,2022-02-01,1,0.0469791375798,0.551976573939,0.555404634644,0.544944666984,0.550174650814,1,0.5,2022-01-01,0.551976573939,historical_prior,7
2022-01-26,2022-02-02,1,0.00236407390081,0.551976573939,0.555404634644,0.544534890949,0.549969762797,1,0.5,2022-01-01,0.551976573939,historical_prior,7
2022-01-27,2022-02-03,1,0.00407722261243,0.551976573939,0.555404634644,0.545173449306,0.550289041975,1,0.5,2022-01-01,0.551976573939,historical_prior,7
2022-01-28,2022-02-04,1,0.10228106699,0.551976573939,0.555404634644,0.542904191301,0.549154412972,1,0.5,2022-01-01,0.551976573939,historical_prior,7
2022-01-29,2022-02-05,1,0.0842550758721,0.551976573939,0.555404634644,0.541363827896,0.54838423127,1,0.5,2022-01-01,0.551976573939,historical_prior,7
2022-01-30,2022-02-06,1,0.118767185052,0.551976573939,0.555404634644,0.542850919054,0.549127776849,1,0.5,2022-01-01,0.551976573939,historical_prior,7
2022-01-31,2022-02-07,1,0.139680868487,0.551976573939,0.555404634644,0.541861987733,0.548633311189,1,0.5,2022-01-01,0.551976573939,historical_prior,7
2022-02-01,2022-02-08,1,0.138220872737,0.546170365068,0.542717828263,0.534090396174,0.538404112218,1,0.5,2022-02-01,0.546170365068,historical_prior,7
2022-02-02,2022-02-09,1,0.202631370683,0.546170365068,0.542717828263,0.535389751538,0.539053789901,1,0.5,2022-02-01,0.546170365068,historical_prior,7
2022-02-03,2022-02-10,1,0.165734740474,0.546170365068,0.542717828263,0.5362749435,0.539496385882,1,0.5,2022-02-01,0.546170365068,historical_prior,7
2022-02-04,2022-02-11,1,0.0192301725227,0.546170365068,0.542717828263,0.540966262709,0.541842045486,1,0.5,2022-02-01,0.546170365068,historical_prior,7
2022-02-05,2022-02-12,1,0.0201843335567,0.546170365068,0.542717828263,0.541766837351,0.542242332807,1,0.5,2022-02-01,0.546170365068,historical_prior,7
2022-02-06,2022-02-13,0,-0.00772070040091,0.546170365068,0.542717828263,0.542470057232,0.542593942748,1,0.5,2022-02-01,0.546170365068,historical_prior,7
2022-02-07,2022-02-14,0,-0.0297456728434,0.546170365068,0.542717828263,0.542997606842,0.542857717553,1,0.5,2022-02-01,0.546170365068,historical_prior,7
2022-02-08,2022-02-15,1,0.0113950029278,0.546170365068,0.542717828263,0.543033450031,0.542875639147,1,0.5,2022-02-01,0.546170365068,historical_prior,7
2022-02-09,2022-02-16,0,-0.0112492540462,0.546170365068,0.542717828263,0.541199226734,0.541958527498,1,0.5,2022-02-01,0.546170365068,historical_prior,7
2022-02-10,2022-02-17,0,-0.0685069515333,0.546170365068,0.542717828263,0.540995935634,0.541856881948,1,0.5,2022-02-01,0.546170365068,historical_prior,7
2022-02-11,2022-02-18,0,-0.0566221099724,0.546170365068,0.542717828263,0.544317396416,0.543517612339,1,0.5,2022-02-01,0.546170365068,historical_prior,7
2022-02-12,2022-02-19,0,-0.0506586428922,0.546170365068,0.542717828263,0.545081420733,0.543899624498,1,0.5,2022-02-01,0.546170365068,historical_prior,7
2022-02-13,2022-02-20,0,-0.0871926486303,0.546170365068,0.542717828263,0.545556966062,0.544137397163,1,0.5,2022-02-01,0.546170365068,historical_prior,7
2022-02-14,2022-02-21,0,-0.129955515265,0.546170365068,0.542717828263,0.546792221083,0.544755024673,1,0.5,2022-02-01,0.546170365068,historical_prior,7
2022-02-15,2022-02-22,0,-0.141756647119,0.546170365068,0.542717828263,0.547184807566,0.544951317915,1,0.5,2022-02-01,0.546170365068,historical_prior,7
2022-02-16,2022-02-23,0,-0.150969057446,0.546170365068,0.542717828263,0.548284818828,0.545501323545,1,0.5,2022-02-01,0.546170365068,historical_prior,7
2022-02-17,2022-02-24,0,-0.0540158506456,0.546170365068,0.542717828263,0.549466261612,0.546092044938,1,0.5,2022-02-01,0.546170365068,historical_prior,7
2022-02-18,2022-02-25,0,-0.018893823153,0.546170365068,0.542717828263,0.54914596516,0.545931896712,1,0.5,2022-02-01,0.546170365068,historical_prior,7
2022-02-19,2022-02-26,0,-0.024013720843,0.546170365068,0.542717828263,0.549746304033,0.546232066148,1,0.5,2022-02-01,0.546170365068,historical_prior,7
2022-02-20,2022-02-27,0,-0.0179180965168,0.546170365068,0.542717828263,0.551354577897,0.54703620308,1,0.5,2022-02-01,0.546170365068,historical_prior,7
2022-02-21,2022-02-28,1,0.166229285649,0.546170365068,0.542717828263,0.553392864154,0.548055346209,1,0.5,2022-02-01,0.546170365068,historical_prior,7
2022-02-22,2022-03-01,1,0.161936085825,0.546170365068,0.542717828263,0.553727882002,0.548222855133,1,0.5,2022-02-01,0.546170365068,historical_prior,7
2022-02-23,2022-03-02,1,0.178334717226,0.546170365068,0.542717828263,0.553060936111,0.547889382187,1,0.5,2022-02-01,0.546170365068,historical_prior,7
2022-02-24,2022-03-03,1,0.10767259083,0.546170365068,0.542717828263,0.549728012264,0.546222920264,1,0.5,2022-02-01,0.546170365068,historical_prior,7
2022-02-25,2022-03-04,0,-0.00179784528841,0.546170365068,0.542717828263,0.549320012069,0.546018920166,1,0.5,2022-02-01,0.546170365068,historical_prior,7
2022-02-26,2022-03-05,1,0.00718976437697,0.546170365068,0.542717828263,0.549074786495,0.545896307379,1,0.5,2022-02-01,0.546170365068,historical_prior,7
2022-02-27,2022-03-06,1,0.0191447693537,0.546170365068,0.542717828263,0.547431224824,0.545074526544,1,0.5,2022-02-01,0.546170365068,historical_prior,7
2022-02-28,2022-03-07,0,-0.119833178869,0.546170365068,0.542717828263,0.548758557456,0.54573819286,1,0.5,2022-02-01,0.546170365068,historical_prior,7
2022-03-01,2022-03-08,0,-0.128104823823,0.545263157895,0.540524415732,0.547762725943,0.544143570838,1,0.5,2022-03-01,0.545263157895,historical_prior,7
2022-03-02,2022-03-09,0,-0.0444551725583,0.545263157895,0.540524415732,0.546535159501,0.543529787617,1,0.5,2022-03-01,0.545263157895,historical_prior,7
2022-03-03,2022-03-10,0,-0.0714184764686,0.545263157895,0.540524415732,0.548066342161,0.544295378947,1,0.5,2022-03-01,0.545263157895,historical_prior,7
2022-03-04,2022-03-11,0,-0.0107050918218,0.545263157895,0.540524415732,0.552044127227,0.54628427148,1,0.5,2022-03-01,0.545263157895,historical_prior,7
2022-03-05,2022-03-12,0,-0.01499062388,0.545263157895,0.540524415732,0.551536372217,0.546030393975,1,0.5,2022-03-01,0.545263157895,historical_prior,7
2022-03-06,2022-03-13,0,-0.0167479550796,0.545263157895,0.540524415732,0.545264127251,0.542894271492,1,0.5,2022-03-01,0.545263157895,historical_prior,7
2022-03-07,2022-03-14,1,0.0443132041697,0.545263157895,0.540524415732,0.550525622483,0.545525019108,1,0.5,2022-03-01,0.545263157895,historical_prior,7
2022-03-08,2022-03-15,1,0.0141929010708,0.545263157895,0.540524415732,0.550622871573,0.545573643653,1,0.5,2022-03-01,0.545263157895,historical_prior,7
2022-03-09,2022-03-16,0,-0.0197347699939,0.545263157895,0.540524415732,0.549283615201,0.544904015467,1,0.5,2022-03-01,0.545263157895,historical_prior,7
2022-03-10,2022-03-17,1,0.0379458170565,0.545263157895,0.540524415732,0.549281380284,0.544902898008,1,0.5,2022-03-01,0.545263157895,historical_prior,7
2022-03-11,2022-03-18,1,0.0781816064573,0.545263157895,0.540524415732,0.5462889076,0.543406661666,1,0.5,2022-03-01,0.545263157895,historical_prior,7
2022-03-12,2022-03-19,1,0.0874517101911,0.545263157895,0.540524415732,0.547039070386,0.543781743059,1,0.5,2022-03-01,0.545263157895,historical_prior,7
2022-03-13,2022-03-20,1,0.0922449807212,0.545263157895,0.540524415732,0.547186967662,0.543855691697,1,0.5,2022-03-01,0.545263157895,historical_prior,7
2022-03-14,2022-03-21,1,0.0335476188496,0.545263157895,0.540524415732,0.546779042732,0.543651729232,1,0.5,2022-03-01,0.545263157895,historical_prior,7
2022-03-15,2022-03-22,1,0.0785074870807,0.545263157895,0.540524415732,0.547728577887,0.54412649681,1,0.5,2022-03-01,0.545263157895,historical_prior,7
2022-03-16,2022-03-23,1,0.0430208688038,0.545263157895,0.540524415732,0.550147009689,0.545335712711,1,0.5,2022-03-01,0.545263157895,historical_prior,7
2022-03-17,2022-03-24,1,0.0751152918405,0.545263157895,0.540524415732,0.546176681057,0.543350548395,1,0.5,2022-03-01,0.545263157895,historical_prior,7
2022-03-18,2022-03-25,1,0.0612021645927,0.545263157895,0.540524415732,0.545779208611,0.543151812172,1,0.5,2022-03-01,0.545263157895,historical_prior,7
2022-03-19,2022-03-26,1,0.0547411882099,0.545263157895,0.540524415732,0.54692556371,0.543724989721,1,0.5,2022-03-01,0.545263157895,historical_prior,7
2022-03-20,2022-03-27,1,0.134885249446,0.545263157895,0.540524415732,0.546654970047,0.54358969289,1,0.5,2022-03-01,0.545263157895,historical_prior,7
2022-03-21,2022-03-28,1,0.149259126024,0.545263157895,0.540524415732,0.548463354097,0.544493884915,1,0.5,2022-03-01,0.545263157895,historical_prior,7
2022-03-22,2022-03-29,1,0.119692532338,0.545263157895,0.517370267775,0.548753342826,0.5330618053,1,0.5,2022-03-01,0.545263157895,historical_prior,7
2022-03-23,2022-03-30,1,0.0975970296688,0.545263157895,0.517370267775,0.551045813475,0.534208040625,1,0.5,2022-03-01,0.545263157895,historical_prior,7
2022-03-24,2022-03-31,1,0.0345267013188,0.545263157895,0.517370267775,0.549550855044,0.533460561409,1,0.5,2022-03-01,0.545263157895,historical_prior,7
2022-03-25,2022-04-01,1,0.0444637665199,0.545263157895,0.517370267775,0.550774135849,0.534072201812,1,0.5,2022-03-01,0.545263157895,historical_prior,7
2022-03-26,2022-04-02,1,0.0292000205791,0.545263157895,0.517370267775,0.55017835266,0.533774310217,1,0.5,2022-03-01,0.545263157895,historical_prior,7
2022-03-27,2022-04-03,0,-0.00897779436813,0.545263157895,0.517370267775,0.54838678397,0.532878525872,1,0.5,2022-03-01,0.545263157895,historical_prior,7
2022-03-28,2022-04-04,0,-0.0114956408029,0.545263157895,0.517370267775,0.548137639004,0.532753953389,1,0.5,2022-03-01,0.545263157895,historical_prior,7
2022-03-29,2022-04-05,0,-0.0408402691695,0.545263157895,0.517370267775,0.549963626457,0.533666947116,1,0.5,2022-03-01,0.545263157895,historical_prior,7
2022-03-30,2022-04-06,0,-0.0828061703931,0.545263157895,0.517370267775,0.542996919386,0.53018359358,1,0.5,2022-03-01,0.545263157895,historical_prior,7
2022-03-31,2022-04-07,0,-0.0453995729322,0.545263157895,0.517370267775,0.543649058727,0.530509663251,1,0.5,2022-03-01,0.545263157895,historical_prior,7
2022-04-01,2022-04-08,0,-0.0871040623773,0.548763736264,0.522652911325,0.547453928135,0.53505341973,1,0.5,2022-04-01,0.548763736264,historical_prior,7
2022-04-02,2022-04-09,0,-0.0667313527319,0.548763736264,0.522652911325,0.548578370087,0.535615640706,1,0.5,2022-04-01,0.548763736264,historical_prior,7
2022-04-03,2022-04-10,0,-0.0915479983235,0.548763736264,0.522652911325,0.551004816012,0.536828863668,1,0.5,2022-04-01,0.548763736264,historical_prior,7
2022-04-04,2022-04-11,0,-0.151352142774,0.548763736264,0.522652911325,0.551020293048,0.536836602187,1,0.5,2022-04-01,0.548763736264,historical_prior,7
2022-04-05,2022-04-12,0,-0.119184659394,0.548763736264,0.522652911325,0.552544634099,0.537598772712,1,0.5,2022-04-01,0.548763736264,historical_prior,7
2022-04-06,2022-04-13,0,-0.0468533235798,0.548763736264,0.522652911325,0.554527702459,0.538590306892,1,0.5,2022-04-01,0.548763736264,historical_prior,7
2022-04-07,2022-04-14,0,-0.080604794335,0.548763736264,0.522652911325,0.55224587573,0.537449393528,1,0.5,2022-04-01,0.548763736264,historical_prior,7
2022-04-08,2022-04-15,0,-0.0402373756893,0.548763736264,0.522652911325,0.549823934151,0.536238422738,1,0.5,2022-04-01,0.548763736264,historical_prior,7
2022-04-09,2022-04-16,0,-0.0555564781469,0.548763736264,0.522652911325,0.54964764655,0.536150278937,1,0.5,2022-04-01,0.548763736264,historical_prior,7
2022-04-10,2022-04-17,0,-0.0588424494501,0.548763736264,0.547292162305,0.551006601508,0.549149381907,1,0.5,2022-04-01,0.548763736264,historical_prior,7
2022-04-11,2022-04-18,1,0.0321443343043,0.548763736264,0.547292162305,0.553900824732,0.550596493519,1,0.5,2022-04-01,0.548763736264,historical_prior,7
2022-04-12,2022-04-19,1,0.0353896974019,0.548763736264,0.547292162305,0.553129851239,0.550211006772,1,0.5,2022-04-01,0.548763736264,historical_prior,7
2022-04-13,2022-04-20,1,0.00511327582842,0.548763736264,0.547292162305,0.548254318956,0.547773240631,1,0.5,2022-04-01,0.548763736264,historical_prior,7
2022-04-14,2022-04-21,1,0.0134601393307,0.548763736264,0.547292162305,0.549731018692,0.548511590498,1,0.5,2022-04-01,0.548763736264,historical_prior,7
2022-04-15,2022-04-22,0,-0.0207812704214,0.548763736264,0.547292162305,0.546218587061,0.546755374683,1,0.5,2022-04-01,0.548763736264,historical_prior,7
2022-04-16,2022-04-23,0,-0.0232080222474,0.548763736264,0.547292162305,0.546984511524,0.547138336915,1,0.5,2022-04-01,0.548763736264,historical_prior,7
2022-04-17,2022-04-24,0,-0.00574598796516,0.548763736264,0.547292162305,0.546072290559,0.546682226432,1,0.5,2022-04-01,0.548763736264,historical_prior,7
2022-04-18,2022-04-25,0,-0.00919214737435,0.548763736264,0.547292162305,0.542469239496,0.5448807009,1,0.5,2022-04-01,0.548763736264,historical_prior,7
2022-04-19,2022-04-26,0,-0.0814719431,0.548763736264,0.547292162305,0.543316401465,0.545304281885,1,0.5,2022-04-01,0.548763736264,historical_prior,7
2022-04-20,2022-04-27,0,-0.0513192187569,0.548763736264,0.547292162305,0.544758240173,0.546025201239,1,0.5,2022-04-01,0.548763736264,historical_prior,7
2022-04-21,2022-04-28,0,-0.0182297385796,0.548763736264,0.547292162305,0.542693722418,0.544992942362,1,0.5,2022-04-01,0.548763736264,historical_prior,7
2022-04-22,2022-04-29,0,-0.0280305460853,0.548763736264,0.547292162305,0.543469457806,0.545380810055,1,0.5,2022-04-01,0.548763736264,historical_prior,7
2022-04-23,2022-04-30,0,-0.0459109163928,0.548763736264,0.547292162305,0.542396650473,0.544844406389,1,0.5,2022-04-01,0.548763736264,historical_prior,7
2022-04-24,2022-05-01,0,-0.0248866100061,0.548763736264,0.522652911325,0.5413376957,0.531995303512,1,0.5,2022-04-01,0.548763736264,historical_prior,7
2022-04-25,2022-05-02,0,-0.0470221203738,0.548763736264,0.522652911325,0.542181776566,0.532417343945,1,0.5,2022-04-01,0.548763736264,historical_prior,7
2022-04-26,2022-05-03,0,-0.0100675235125,0.548763736264,0.547292162305,0.542659652096,0.5449759072,1,0.5,2022-04-01,0.548763736264,historical_prior,7
2022-04-27,2022-05-04,1,0.0115782251479,0.548763736264,0.522652911325,0.542058696598,0.532355803961,1,0.5,2022-04-01,0.548763736264,historical_prior,7
2022-04-28,2022-05-05,0,-0.0802449394307,0.548763736264,0.522652911325,0.540666116866,0.531659514095,1,0.5,2022-04-01,0.548763736264,historical_prior,7
2022-04-29,2022-05-06,0,-0.0669067426743,0.548763736264,0.547292162305,0.540811858195,0.54405201025,1,0.5,2022-04-01,0.548763736264,historical_prior,7
2022-04-30,2022-05-07,0,-0.0573575369113,0.548763736264,0.547292162305,0.541899754865,0.544595958585,1,0.5,2022-04-01,0.548763736264,historical_prior,7
2022-05-01,2022-05-08,0,-0.115158305464,0.541722745626,0.501237426507,0.532829631291,0.517033528899,1,0.5,2022-05-01,0.541722745626,historical_prior,7
2022-05-02,2022-05-09,0,-0.219307330586,0.541722745626,0.540899626943,0.534224333432,0.537561980187,1,0.5,2022-05-01,0.541722745626,historical_prior,7
2022-05-03,2022-05-10,0,-0.177896548937,0.541722745626,0.540899626943,0.531535042651,0.536217334797,1,0.5,2022-05-01,0.541722745626,historical_prior,7
2022-05-04,2022-05-11,0,-0.266718568909,0.541722745626,0.540899626943,0.532719970904,0.536809798923,1,0.5,2022-05-01,0.541722745626,historical_prior,7
2022-05-05,2022-05-12,0,-0.205816928146,0.541722745626,0.540899626943,0.537684142494,0.539291884719,1,0.5,2022-05-01,0.541722745626,historical_prior,7
2022-05-06,2022-05-13,0,-0.186781889261,0.541722745626,0.540899626943,0.537363175925,0.539131401434,1,0.5,2022-05-01,0.541722745626,historical_prior,7
2022-05-07,2022-05-14,0,-0.151826533256,0.541722745626,0.540899626943,0.536328452634,0.538614039788,1,0.5,2022-05-01,0.541722745626,historical_prior,7
2022-05-08,2022-05-15,0,-0.0796015676413,0.541722745626,0.540899626943,0.539289931589,0.540094779266,1,0.5,2022-05-01,0.541722745626,historical_prior,7
2022-05-09,2022-05-16,0,-0.0067262240614,0.541722745626,0.540899626943,0.545542796762,0.543221211853,1,0.5,2022-05-01,0.541722745626,historical_prior,7
2022-05-10,2022-05-17,0,-0.0184469212144,0.541722745626,0.540899626943,0.54464445299,0.542772039967,1,0.5,2022-05-01,0.541722745626,historical_prior,7
2022-05-11,2022-05-18,0,-0.0133528312661,0.541722745626,0.540899626943,0.550120649239,0.545510138091,1,0.5,2022-05-01,0.541722745626,historical_prior,7
2022-05-12,2022-05-19,1,0.0444192595527,0.541722745626,0.540899626943,0.545832274969,0.543365950956,1,0.5,2022-05-01,0.541722745626,historical_prior,7
2022-05-13,2022-05-20,0,-0.00293781722639,0.541722745626,0.540899626943,0.543984144126,0.542441885535,1,0.5,2022-05-01,0.541722745626,historical_prior,7
2022-05-14,2022-05-21,0,-0.0213276679361,0.541722745626,0.540899626943,0.543665849999,0.542282738471,1,0.5,2022-05-01,0.541722745626,historical_prior,7
2022-05-15,2022-05-22,0,-0.0330350037936,0.541722745626,0.540899626943,0.540854965933,0.540877296438,1,0.5,2022-05-01,0.541722745626,historical_prior,7
2022-05-16,2022-05-23,0,-0.0256028567976,0.541722745626,0.540899626943,0.536591610192,0.538745618568,1,0.5,2022-05-01,0.541722745626,historical_prior,7
2022-05-17,2022-05-24,0,-0.0259599874265,0.541722745626,0.540899626943,0.538229110104,0.539564368524,1,0.5,2022-05-01,0.541722745626,historical_prior,7
2022-05-18,2022-05-25,1,0.0287940374685,0.541722745626,0.540899626943,0.536074209905,0.538486918424,1,0.5,2022-05-01,0.541722745626,historical_prior,7
2022-05-19,2022-05-26,0,-0.0368703294906,0.541722745626,0.540899626943,0.535074832215,0.537987229579,1,0.5,2022-05-01,0.541722745626,historical_prior,7
2022-05-20,2022-05-27,0,-0.0195613096944,0.541722745626,0.540899626943,0.536598980712,0.538749303828,1,0.5,2022-05-01,0.541722745626,historical_prior,7
2022-05-21,2022-05-28,0,-0.0140509138035,0.541722745626,0.540899626943,0.538285135447,0.539592381195,1,0.5,2022-05-01,0.541722745626,historical_prior,7
2022-05-22,2022-05-29,0,-0.0272608977241,0.541722745626,0.540899626943,0.540331441925,0.540615534434,1,0.5,2022-05-01,0.541722745626,historical_prior,7
2022-05-23,2022-05-30,1,0.0901802354243,0.541722745626,0.540899626943,0.539396536733,0.540148081838,1,0.5,2022-05-01,0.541722745626,historical_prior,7
2022-05-24,2022-05-31,1,0.0723820738651,0.541722745626,0.540899626943,0.54000108435,0.540450355647,1,0.5,2022-05-01,0.541722745626,historical_prior,7
2022-05-25,2022-06-01,1,0.00892555213483,0.541722745626,0.540899626943,0.536433369003,0.538666497973,1,0.5,2022-05-01,0.541722745626,historical_prior,7
2022-05-26,2022-06-02,1,0.0428497312624,0.541722745626,0.540899626943,0.540224907813,0.540562267378,1,0.5,2022-05-01,0.541722745626,historical_prior,7
2022-05-27,2022-06-03,1,0.0373879663847,0.541722745626,0.540899626943,0.537829025274,0.539364326108,1,0.5,2022-05-01,0.541722745626,historical_prior,7
2022-05-28,2022-06-04,1,0.028683150238,0.541722745626,0.540899626943,0.537568728098,0.539234177521,1,0.5,2022-05-01,0.541722745626,historical_prior,7
2022-05-29,2022-06-05,1,0.0153084182557,0.541722745626,0.540899626943,0.53935975926,0.540129693101,1,0.5,2022-05-01,0.541722745626,historical_prior,7
2022-05-30,2022-06-06,0,-0.0113795139758,0.541722745626,0.540899626943,0.537817982815,0.539358804879,1,0.5,2022-05-01,0.541722745626,historical_prior,7
2022-05-31,2022-06-07,0,-0.0212480472337,0.541722745626,0.540899626943,0.537908151589,0.539403889266,1,0.5,2022-05-01,0.541722745626,historical_prior,7
2022-06-01,2022-06-08,1,0.0133846297855,0.533948582729,0.524458071121,0.528994752471,0.526726411796,1,0.5,2022-06-01,0.533948582729,historical_prior,7
2022-06-02,2022-06-09,0,-0.0112532189349,0.533948582729,0.524458071121,0.529509925174,0.526983998147,1,0.5,2022-06-01,0.533948582729,historical_prior,7
2022-06-03,2022-06-10,0,-0.0204823467578,0.533948582729,0.524458071121,0.526132790256,0.525295430688,1,0.5,2022-06-01,0.533948582729,historical_prior,7
2022-06-04,2022-06-11,0,-0.0481964262036,0.533948582729,0.524458071121,0.528255319751,0.526356695436,1,0.5,2022-06-01,0.533948582729,historical_prior,7
2022-06-05,2022-06-12,0,-0.11179038484,0.533948582729,0.524458071121,0.529333181682,0.526895626401,1,0.5,2022-06-01,0.533948582729,historical_prior,7
2022-06-06,2022-06-13,0,-0.283226394586,0.533948582729,0.524458071121,0.533249658268,0.528853864694,1,0.5,2022-06-01,0.533948582729,historical_prior,7
2022-06-07,2022-06-14,0,-0.28879758062,0.533948582729,0.524458071121,0.53446089171,0.529459481415,1,0.5,2022-06-01,0.533948582729,historical_prior,7
2022-06-08,2022-06-15,0,-0.252312796952,0.533948582729,0.524458071121,0.532594968251,0.528526519686,1,0.5,2022-06-01,0.533948582729,historical_prior,7
2022-06-09,2022-06-16,0,-0.32243914217,0.533948582729,0.524458071121,0.531932501494,0.528195286307,1,0.5,2022-06-01,0.533948582729,historical_prior,7
2022-06-10,2022-06-17,0,-0.296408138628,0.533948582729,0.524458071121,0.532438541666,0.528448306394,1,0.5,2022-06-01,0.533948582729,historical_prior,7
2022-06-11,2022-06-18,0,-0.332594891063,0.533948582729,0.524458071121,0.532898035245,0.528678053183,1,0.5,2022-06-01,0.533948582729,historical_prior,7
2022-06-12,2022-06-19,0,-0.225800042371,0.533948582729,0.524458071121,0.533962621327,0.529210346224,1,0.5,2022-06-01,0.533948582729,historical_prior,7
2022-06-13,2022-06-20,0,-0.0850929475649,0.533948582729,0.524458071121,0.541296664126,0.532877367623,1,0.5,2022-06-01,0.533948582729,historical_prior,7
2022-06-14,2022-06-21,0,-0.0638265192956,0.533948582729,0.524458071121,0.538916067035,0.531687069078,1,0.5,2022-06-01,0.533948582729,historical_prior,7
2022-06-15,2022-06-22,0,-0.114938105857,0.533948582729,0.524458071121,0.539464223769,0.531961147445,1,0.5,2022-06-01,0.533948582729,historical_prior,7
2022-06-16,2022-06-23,1,0.0347438473314,0.533948582729,0.524458071121,0.540362615656,0.532410343389,1,0.5,2022-06-01,0.533948582729,historical_prior,7
2022-06-17,2022-06-24,1,0.0375634929437,0.533948582729,0.524458071121,0.540821150155,0.532639610638,1,0.5,2022-06-01,0.533948582729,historical_prior,7
2022-06-18,2022-06-25,1,0.132856881553,0.533948582729,0.524458071121,0.537837590019,0.53114783057,1,0.5,2022-06-01,0.533948582729,historical_prior,7
2022-06-19,2022-06-26,1,0.022556138816,0.533948582729,0.524458071121,0.538726527211,0.531592299166,1,0.5,2022-06-01,0.533948582729,historical_prior,7
2022-06-20,2022-06-27,1,0.00819825516711,0.533948582729,0.524458071121,0.532377570204,0.528417820662,1,0.5,2022-06-01,0.533948582729,historical_prior,7
2022-06-21,2022-06-28,0,-0.0213395214713,0.533948582729,0.524458071121,0.530487515178,0.52747279315,1,0.5,2022-06-01,0.533948582729,historical_prior,7
2022-06-22,2022-06-29,1,0.00675505641137,0.533948582729,0.524458071121,0.532614313632,0.528536192377,1,0.5,2022-06-01,0.533948582729,historical_prior,7
2022-06-23,2022-06-30,0,-0.0553250974769,0.533948582729,0.524458071121,0.529066867336,0.526762469228,1,0.5,2022-06-01,0.533948582729,historical_prior,7
2022-06-24,2022-07-01,0,-0.0921894047799,0.533948582729,0.524458071121,0.529376290451,0.526917180786,1,0.5,2022-06-01,0.533948582729,historical_prior,7
2022-06-25,2022-07-02,0,-0.104153376337,0.533948582729,0.524458071121,0.527177664373,0.525817867747,1,0.5,2022-06-01,0.533948582729,historical_prior,7
2022-06-26,2022-07-03,0,-0.0818630226062,0.533948582729,0.524458071121,0.530820042007,0.527639056564,1,0.5,2022-06-01,0.533948582729,historical_prior,7
2022-06-27,2022-07-04,0,-0.0243870573353,0.533948582729,0.524458071121,0.530176414496,0.527317242809,1,0.5,2022-06-01,0.533948582729,historical_prior,7
2022-06-28,2022-07-05,0,-0.00519986647792,0.533948582729,0.524458071121,0.529753428845,0.527105749983,1,0.5,2022-06-01,0.533948582729,historical_prior,7
2022-06-29,2022-07-06,1,0.0219400576753,0.533948582729,0.524458071121,0.523996351478,0.5242272113,1,0.5,2022-06-01,0.533948582729,historical_prior,7
2022-06-30,2022-07-07,1,0.0843823227215,0.533948582729,0.524458071121,0.525820438755,0.525139254938,1,0.5,2022-06-01,0.533948582729,historical_prior,7
2022-07-01,2022-07-08,1,0.120071266299,0.531351001939,0.518647808345,0.525237989869,0.521942899107,1,0.5,2022-07-01,0.531351001939,historical_prior,7
2022-07-02,2022-07-09,1,0.121489798113,0.531351001939,0.518647808345,0.524733058545,0.521690433445,1,0.5,2022-07-01,0.531351001939,historical_prior,7
2022-07-03,2022-07-10,1,0.0800711126573,0.531351001939,0.518647808345,0.524750425436,0.521699116891,1,0.5,2022-07-01,0.531351001939,historical_prior,7
2022-07-04,2022-07-11,0,-0.0134952766532,0.531351001939,0.518647808345,0.5244457142,0.521546761272,1,0.5,2022-07-01,0.531351001939,historical_prior,7
2022-07-05,2022-07-12,0,-0.041984889841,0.531351001939,0.518647808345,0.52344406959,0.521045938968,1,0.5,2022-07-01,0.531351001939,historical_prior,7
2022-07-06,2022-07-13,0,-0.0160295577186,0.531351001939,0.518647808345,0.520753004522,0.519700406434,1,0.5,2022-07-01,0.531351001939,historical_prior,7
2022-07-07,2022-07-14,0,-0.0479140327529,0.531351001939,0.518647808345,0.521267708268,0.519957758306,1,0.5,2022-07-01,0.531351001939,historical_prior,7
2022-07-08,2022-07-15,0,-0.0354118477871,0.531351001939,0.518647808345,0.520865325723,0.519756567034,1,0.5,2022-07-01,0.531351001939,historical_prior,7
2022-07-09,2022-07-16,0,-0.018350922548,0.531351001939,0.518647808345,0.52093289521,0.519790351778,1,0.5,2022-07-01,0.531351001939,historical_prior,7
2022-07-10,2022-07-17,0,-0.00308256884252,0.531351001939,0.518647808345,0.52246745287,0.520557630607,1,0.5,2022-07-01,0.531351001939,historical_prior,7
2022-07-11,2022-07-18,1,0.123673523977,0.531351001939,0.518647808345,0.525675576665,0.522161692505,1,0.5,2022-07-01,0.531351001939,historical_prior,7
2022-07-12,2022-07-19,1,0.21045696178,0.531351001939,0.518647808345,0.527462956985,0.523055382665,1,0.5,2022-07-01,0.531351001939,historical_prior,7
2022-07-13,2022-07-20,1,0.147687136117,0.531351001939,0.518647808345,0.527962158769,0.523304983557,1,0.5,2022-07-01,0.531351001939,historical_prior,7
2022-07-14,2022-07-21,1,0.124501914629,0.531351001939,0.518647808345,0.530552988311,0.524600398328,1,0.5,2022-07-01,0.531351001939,historical_prior,7
2022-07-15,2022-07-22,1,0.0890439960749,0.531351001939,0.518647808345,0.529651331588,0.524149569966,1,0.5,2022-07-01,0.531351001939,historical_prior,7
2022-07-16,2022-07-23,1,0.0592325765725,0.531351001939,0.518647808345,0.530050587412,0.524349197878,1,0.5,2022-07-01,0.531351001939,historical_prior,7
2022-07-17,2022-07-24,1,0.0856575774011,0.531351001939,0.518647808345,0.52875906804,0.523703438193,1,0.5,2022-07-01,0.531351001939,historical_prior,7
2022-07-18,2022-07-25,0,-0.050002273479,0.531351001939,0.518647808345,0.528791734849,0.523719771597,1,0.5,2022-07-01,0.531351001939,historical_prior,7
2022-07-19,2022-07-26,0,-0.09154954861,0.531351001939,0.518647808345,0.522887769855,0.5207677891,1,0.5,2022-07-01,0.531351001939,historical_prior,7
2022-07-20,2022-07-27,0,-0.0116628558387,0.531351001939,0.518647808345,0.524873966974,0.52176088766,1,0.5,2022-07-01,0.531351001939,historical_prior,7
2022-07-21,2022-07-28,1,0.0298347586125,0.531351001939,0.518647808345,0.525375791396,0.52201179987,1,0.5,2022-07-01,0.531351001939,historical_prior,7
2022-07-22,2022-07-29,1,0.0480021230047,0.531351001939,0.518647808345,0.526865114412,0.522756461378,1,0.5,2022-07-01,0.531351001939,historical_prior,7
2022-07-23,2022-07-30,1,0.0531128360475,0.531351001939,0.518647808345,0.524843958124,0.521745883234,1,0.5,2022-07-01,0.531351001939,historical_prior,7
2022-07-24,2022-07-31,1,0.0316054080483,0.531351001939,0.518647808345,0.523820050082,0.521233929214,1,0.5,2022-07-01,0.531351001939,historical_prior,7
2022-07-25,2022-08-01,1,0.0918361026517,0.531351001939,0.518647808345,0.528114153497,0.523380980921,1,0.5,2022-07-01,0.531351001939,historical_prior,7
2022-07-26,2022-08-02,1,0.0815406684743,0.531351001939,0.518647808345,0.530446262215,0.52454703528,1,0.5,2022-07-01,0.531351001939,historical_prior,7
2022-07-27,2022-08-03,0,-0.00584164217763,0.531351001939,0.518647808345,0.532012150252,0.525329979298,1,0.5,2022-07-01,0.531351001939,historical_prior,7
2022-07-28,2022-08-04,0,-0.0511661108765,0.531351001939,0.518647808345,0.532574312245,0.525611060295,1,0.5,2022-07-01,0.531351001939,historical_prior,7
2022-07-29,2022-08-05,0,-0.0194050160366,0.531351001939,0.518647808345,0.531987408288,0.525317608316,1,0.5,2022-07-01,0.531351001939,historical_prior,7
2022-07-30,2022-08-06,0,-0.0291538777449,0.531351001939,0.518647808345,0.531876037055,0.5252619227,1,0.5,2022-07-01,0.531351001939,historical_prior,7
2022-07-31,2022-08-07,0,-0.00510575564153,0.531351001939,0.518647808345,0.532989512084,0.525818660214,1,0.5,2022-07-01,0.531351001939,historical_prior,7
2022-08-01,2022-08-08,1,0.0232933542662,0.531051964512,0.518524291735,0.5301401535,0.524332222618,1,0.5,2022-08-01,0.531051964512,historical_prior,7
2022-08-02,2022-08-09,1,0.00705417963188,0.531051964512,0.518524291735,0.530175277569,0.524349784652,1,0.5,2022-08-01,0.531051964512,historical_prior,7
2022-08-03,2022-08-10,1,0.0497704261961,0.531051964512,0.518524291735,0.532425439963,0.525474865849,1,0.5,2022-08-01,0.531051964512,historical_prior,7
2022-08-04,2022-08-11,1,0.057968048418,0.531051964512,0.518524291735,0.534917589766,0.52672094075,1,0.5,2022-08-01,0.531051964512,historical_prior,7
2022-08-05,2022-08-12,1,0.0468102410646,0.531051964512,0.518524291735,0.533622234114,0.526073262924,1,0.5,2022-08-01,0.531051964512,historical_prior,7
2022-08-06,2022-08-13,1,0.0647885507713,0.531051964512,0.518524291735,0.531030963752,0.524777627743,1,0.5,2022-08-01,0.531051964512,historical_prior,7
2022-08-07,2022-08-14,1,0.048797400924,0.531051964512,0.518524291735,0.53007457412,0.524299432927,1,0.5,2022-08-01,0.531051964512,historical_prior,7
2022-08-08,2022-08-15,1,0.011962200756,0.531051964512,0.518524291735,0.529727859609,0.524126075672,1,0.5,2022-08-01,0.531051964512,historical_prior,7
2022-08-09,2022-08-16,1,0.0304445581956,0.531051964512,0.518524291735,0.530729849507,0.524627070621,1,0.5,2022-08-01,0.531051964512,historical_prior,7
2022-08-10,2022-08-17,0,-0.0255234501055,0.531051964512,0.518524291735,0.530931795972,0.524728043853,1,0.5,2022-08-01,0.531051964512,historical_prior,7
2022-08-11,2022-08-18,0,-0.0310511360432,0.531051964512,0.518524291735,0.531228330664,0.5248763112,1,0.5,2022-08-01,0.531051964512,historical_prior,7
2022-08-12,2022-08-19,0,-0.146260318116,0.531051964512,0.518524291735,0.530362502671,0.524443397203,1,0.5,2022-08-01,0.531051964512,historical_prior,7
2022-08-13,2022-08-20,0,-0.135070523841,0.531051964512,0.518524291735,0.528731183724,0.523627737729,1,0.5,2022-08-01,0.531051964512,historical_prior,7
2022-08-14,2022-08-21,0,-0.114774838677,0.531051964512,0.518524291735,0.528955182687,0.523739737211,1,0.5,2022-08-01,0.531051964512,historical_prior,7
2022-08-15,2022-08-22,0,-0.111849351852,0.531051964512,0.495637835776,0.529995476812,0.512816656294,1,0.5,2022-08-01,0.531051964512,historical_prior,7
2022-08-16,2022-08-23,0,-0.0974908969873,0.531051964512,0.495637835776,0.529176011287,0.512406923531,1,0.5,2022-08-01,0.531051964512,historical_prior,7
2022-08-17,2022-08-24,0,-0.0845910448938,0.531051964512,0.495637835776,0.526845956888,0.511241896332,1,0.5,2022-08-01,0.531051964512,historical_prior,7
2022-08-18,2022-08-25,0,-0.0703784194005,0.531051964512,0.495637835776,0.524598674917,0.510118255346,1,0.5,2022-08-01,0.531051964512,historical_prior,7
2022-08-19,2022-08-26,0,-0.0284788755514,0.531051964512,0.495637835776,0.531863275804,0.51375055579,1,0.5,2022-08-01,0.531051964512,historical_prior,7
2022-08-20,2022-08-27,0,-0.0521507260856,0.531051964512,0.495637835776,0.531918364581,0.513778100178,1,0.5,2022-08-01,0.531051964512,historical_prior,7
2022-08-21,2022-08-28,0,-0.0910966502925,0.531051964512,0.495637835776,0.532107500844,0.51387266831,1,0.5,2022-08-01,0.531051964512,historical_prior,7
2022-08-22,2022-08-29,0,-0.0520611612335,0.531051964512,0.495637835776,0.5320890208,0.513863428288,1,0.5,2022-08-01,0.531051964512,historical_prior,7
2022-08-23,2022-08-30,0,-0.0797738133282,0.531051964512,0.495637835776,0.53118848589,0.513413160833,1,0.5,2022-08-01,0.531051964512,historical_prior,7
2022-08-24,2022-08-31,0,-0.0616835953441,0.531051964512,0.495637835776,0.531281774352,0.513459805064,1,0.5,2022-08-01,0.531051964512,historical_prior,7
2022-08-25,2022-09-01,0,-0.0662172341626,0.531051964512,0.495637835776,0.530878418144,0.51325812696,1,0.5,2022-08-01,0.531051964512,historical_prior,7
2022-08-26,2022-09-02,0,-0.0142873022892,0.531051964512,0.518524291735,0.521973961278,0.520249126506,1,0.5,2022-08-01,0.531051964512,historical_prior,7
2022-08-27,2022-09-03,0,-0.0102657004831,0.531051964512,0.518524291735,0.520846332361,0.519685312048,1,0.5,2022-08-01,0.531051964512,historical_prior,7
2022-08-28,2022-09-04,1,0.0227397662359,0.531051964512,0.518524291735,0.522530129615,0.520527210675,1,0.5,2022-08-01,0.531051964512,historical_prior,7
2022-08-29,2022-09-05,0,-0.0241001925984,0.531051964512,0.518524291735,0.522434830224,0.520479560979,1,0.5,2022-08-01,0.531051964512,historical_prior,7
2022-08-30,2022-09-06,0,-0.0515378317617,0.531051964512,0.518524291735,0.523874317853,0.521199304794,1,0.5,2022-08-01,0.531051964512,historical_prior,7
2022-08-31,2022-09-07,0,-0.0377645508583,0.531051964512,0.518524291735,0.523371444491,0.520947868113,1,0.5,2022-08-01,0.531051964512,historical_prior,7
2022-09-01,2022-09-08,0,-0.0403194800576,0.52765692977,0.47987710196,0.51962862268,0.49975286232,1,0.5,2022-09-01,0.52765692977,historical_prior,7
2022-09-02,2022-09-09,1,0.0705823918171,0.52765692977,0.47987710196,0.516673629816,0.498275365888,1,0.5,2022-09-01,0.52765692977,historical_prior,7
2022-09-03,2022-09-10,1,0.0915918293255,0.52765692977,0.47987710196,0.516534347195,0.498205724577,1,0.5,2022-09-01,0.52765692977,historical_prior,7
2022-09-04,2022-09-11,1,0.091327130093,0.52765692977,0.47987710196,0.513683737608,0.496780419784,1,0.5,2022-09-01,0.52765692977,historical_prior,7
2022-09-05,2022-09-12,1,0.13127852728,0.52765692977,0.518580675462,0.516320095389,0.517450385425,1,0.5,2022-09-01,0.52765692977,historical_prior,7
2022-09-06,2022-09-13,1,0.0735984622106,0.52765692977,0.518580675462,0.516258266282,0.517419470872,1,0.5,2022-09-01,0.52765692977,historical_prior,7
2022-09-07,2022-09-14,1,0.0484050041362,0.52765692977,0.518580675462,0.515529748839,0.51705521215,1,0.5,2022-09-01,0.52765692977,historical_prior,7
2022-09-08,2022-09-15,1,0.0197781857652,0.52765692977,0.518580675462,0.516564608607,0.517572642035,1,0.5,2022-09-01,0.52765692977,historical_prior,7
2022-09-09,2022-09-16,0,-0.072883987957,0.52765692977,0.518580675462,0.516520905162,0.517550790312,1,0.5,2022-09-01,0.52765692977,historical_prior,7
2022-09-10,2022-09-17,0,-0.070893195506,0.52765692977,0.47987710196,0.516114494964,0.497995798462,1,0.5,2022-09-01,0.52765692977,historical_prior,7
2022-09-11,2022-09-18,0,-0.110445977825,0.52765692977,0.47987710196,0.515652416054,0.497764759007,1,0.5,2022-09-01,0.52765692977,historical_prior,7
2022-09-12,2022-09-19,0,-0.127645704049,0.52765692977,0.47987710196,0.514916232343,0.497396667152,1,0.5,2022-09-01,0.52765692977,historical_prior,7
2022-09-13,2022-09-20,0,-0.0643698661169,0.52765692977,0.47987710196,0.51679745235,0.498337277155,1,0.5,2022-09-01,0.52765692977,historical_prior,7
2022-09-14,2022-09-21,0,-0.0872781584351,0.52765692977,0.518580675462,0.518494660943,0.518537668203,1,0.5,2022-09-01,0.52765692977,historical_prior,7
2022-09-15,2022-09-22,0,-0.0152396624079,0.52765692977,0.518580675462,0.519442745187,0.519011710325,1,0.5,2022-09-01,0.52765692977,historical_prior,7
2022-09-16,2022-09-23,0,-0.0259244671343,0.52765692977,0.518580675462,0.52544970334,0.522015189401,1,0.5,2022-09-01,0.52765692977,historical_prior,7
2022-09-17,2022-09-24,0,-0.0593190087115,0.52765692977,0.518580675462,0.526271941358,0.52242630841,1,0.5,2022-09-01,0.52765692977,historical_prior,7
2022-09-18,2022-09-25,0,-0.0313552923387,0.52765692977,0.518580675462,0.528259594452,0.523420134957,1,0.5,2022-09-01,0.52765692977,historical_prior,7
2022-09-19,2022-09-26,0,-0.0158263645121,0.52765692977,0.518580675462,0.528973870027,0.523777272744,1,0.5,2022-09-01,0.52765692977,historical_prior,7
2022-09-20,2022-09-27,1,0.0108148344371,0.52765692977,0.518580675462,0.523500106164,0.521040390813,1,0.5,2022-09-01,0.52765692977,historical_prior,7
2022-09-21,2022-09-28,1,0.0515379148665,0.52765692977,0.518580675462,0.524278547803,0.521429611632,1,0.5,2022-09-01,0.52765692977,historical_prior,7
2022-09-22,2022-09-29,1,0.00978680657244,0.52765692977,0.518580675462,0.522709961941,0.520645318701,1,0.5,2022-09-01,0.52765692977,historical_prior,7
2022-09-23,2022-09-30,1,0.00687924412296,0.52765692977,0.518580675462,0.523341409674,0.520961042568,1,0.5,2022-09-01,0.52765692977,historical_prior,7
2022-09-24,2022-10-01,1,0.0206363468196,0.52765692977,0.518580675462,0.524196327942,0.521388501702,1,0.5,2022-09-01,0.52765692977,historical_prior,7
2022-09-25,2022-10-02,1,0.0132618153087,0.52765692977,0.518580675462,0.523571613023,0.521076144243,1,0.5,2022-09-01,0.52765692977,historical_prior,7
2022-09-26,2022-10-03,1,0.020868720427,0.52765692977,0.518580675462,0.52406935049,0.521325012976,1,0.5,2022-09-01,0.52765692977,historical_prior,7
2022-09-27,2022-10-04,1,0.0659720857293,0.52765692977,0.518580675462,0.523060153741,0.520820414602,1,0.5,2022-09-01,0.52765692977,historical_prior,7
2022-09-28,2022-10-05,1,0.0383993670162,0.52765692977,0.518580675462,0.520014377502,0.519297526482,1,0.5,2022-09-01,0.52765692977,historical_prior,7
2022-09-29,2022-10-06,1,0.0188428559105,0.52765692977,0.518580675462,0.523227094929,0.520903885195,1,0.5,2022-09-01,0.52765692977,historical_prior,7
2022-09-30,2022-10-07,1,0.0055337567917,0.52765692977,0.518580675462,0.522619220155,0.520599947809,1,0.5,2022-09-01,0.52765692977,historical_prior,7
2022-10-01,2022-10-08,1,0.00554141562171,0.525320317267,0.515905829879,0.518749439741,0.51732763481,1,0.5,2022-10-01,0.525320317267,historical_prior,7
2022-10-02,2022-10-09,1,0.0200568825826,0.525320317267,0.515905829879,0.518990719383,0.517448274631,1,0.5,2022-10-01,0.525320317267,historical_prior,7
2022-10-03,2022-10-10,0,-0.0253302752854,0.525320317267,0.515905829879,0.520229056356,0.518067443118,1,0.5,2022-10-01,0.525320317267,historical_prior,7
2022-10-04,2022-10-11,0,-0.0628297428141,0.525320317267,0.515905829879,0.519282443931,0.517594136905,1,0.5,2022-10-01,0.525320317267,historical_prior,7
2022-10-05,2022-10-12,0,-0.0497428845545,0.525320317267,0.515905829879,0.520759708355,0.518332769117,1,0.5,2022-10-01,0.525320317267,historical_prior,7
2022-10-06,2022-10-13,0,-0.0293346866613,0.525320317267,0.515905829879,0.522458646645,0.519182238262,1,0.5,2022-10-01,0.525320317267,historical_prior,7
2022-10-07,2022-10-14,0,-0.0180828659776,0.525320317267,0.515905829879,0.521395386463,0.518650608171,1,0.5,2022-10-01,0.525320317267,historical_prior,7
2022-10-08,2022-10-15,0,-0.0179509073044,0.525320317267,0.515905829879,0.521148526741,0.51852717831,1,0.5,2022-10-01,0.525320317267,historical_prior,7
2022-10-09,2022-10-16,0,-0.00905601208291,0.525320317267,0.515905829879,0.513423080689,0.514664455284,1,0.5,2022-10-01,0.525320317267,historical_prior,7
2022-10-10,2022-10-17,1,0.0218478381883,0.525320317267,0.515905829879,0.514830836501,0.51536833319,1,0.5,2022-10-01,0.525320317267,historical_prior,7
2022-10-11,2022-10-18,1,0.0140314795383,0.525320317267,0.515905829879,0.516541256517,0.516223543198,1,0.5,2022-10-01,0.525320317267,historical_prior,7
2022-10-12,2022-10-19,0,-0.00164756600313,0.525320317267,0.515905829879,0.51476689318,0.51533636153,1,0.5,2022-10-01,0.525320317267,historical_prior,7
2022-10-13,2022-10-20,0,-0.017197820092,0.525320317267,0.515905829879,0.513316942335,0.514611386107,1,0.5,2022-10-01,0.525320317267,historical_prior,7
2022-10-14,2022-10-21,0,-0.000654953634393,0.525320317267,0.515905829879,0.512231051951,0.514068440915,1,0.5,2022-10-01,0.525320317267,historical_prior,7
2022-10-15,2022-10-22,1,0.00707731081068,0.525320317267,0.515905829879,0.512631177717,0.514268503798,1,0.5,2022-10-01,0.525320317267,historical_prior,7
2022-10-16,2022-10-23,1,0.0159591091306,0.525320317267,0.515905829879,0.512413796612,0.514159813246,1,0.5,2022-10-01,0.525320317267,historical_prior,7
2022-10-17,2022-10-24,0,-0.0112604386937,0.525320317267,0.515905829879,0.510748041693,0.513326935786,1,0.5,2022-10-01,0.525320317267,historical_prior,7
2022-10-18,2022-10-25,1,0.0389410082246,0.525320317267,0.515905829879,0.511390077462,0.513647953671,1,0.5,2022-10-01,0.525320317267,historical_prior,7
2022-10-19,2022-10-26,1,0.0861547053253,0.525320317267,0.515905829879,0.511678614628,0.513792222254,1,0.5,2022-10-01,0.525320317267,historical_prior,7
2022-10-20,2022-10-27,1,0.0658121660001,0.525320317267,0.515905829879,0.512947212849,0.514426521364,1,0.5,2022-10-01,0.525320317267,historical_prior,7
2022-10-21,2022-10-28,1,0.0744856209727,0.525320317267,0.515905829879,0.512771471643,0.514338650761,1,0.5,2022-10-01,0.525320317267,historical_prior,7
2022-10-22,2022-10-29,1,0.0835914779724,0.525320317267,0.515905829879,0.509083547519,0.512494688699,1,0.5,2022-10-01,0.525320317267,historical_prior,7
2022-10-23,2022-10-30,1,0.0540142255651,0.525320317267,0.515905829879,0.50979534546,0.51285058767,1,0.5,2022-10-01,0.525320317267,historical_prior,7
2022-10-24,2022-10-31,1,0.0600639843723,0.525320317267,0.515905829879,0.51135292896,0.51362937942,1,0.5,2022-10-01,0.525320317267,historical_prior,7
2022-10-25,2022-11-01,1,0.0200970414944,0.525320317267,0.515905829879,0.511224581308,0.513565205594,1,0.5,2022-10-01,0.525320317267,historical_prior,7
2022-10-26,2022-11-02,0,-0.0298364256179,0.525320317267,0.515905829879,0.509730691414,0.512818260647,1,0.5,2022-10-01,0.525320317267,historical_prior,7
2022-10-27,2022-11-03,0,-0.00430103606238,0.525320317267,0.515905829879,0.51049348448,0.51319965718,1,0.5,2022-10-01,0.525320317267,historical_prior,7
2022-10-28,2022-11-04,1,0.0270340095883,0.525320317267,0.475706483727,0.509982358401,0.492844421064,1,0.5,2022-10-01,0.525320317267,historical_prior,7
2022-10-29,2022-11-05,1,0.0235323289605,0.525320317267,0.475706483727,0.509643110575,0.492674797151,1,0.5,2022-10-01,0.525320317267,historical_prior,7
2022-10-30,2022-11-06,1,0.0134820152534,0.525320317267,0.475706483727,0.511158937642,0.493432710685,1,0.5,2022-10-01,0.525320317267,historical_prior,7
2022-10-31,2022-11-07,1,0.00489928621416,0.525320317267,0.475706483727,0.510804837899,0.493255660813,1,0.5,2022-10-01,0.525320317267,historical_prior,7
2022-11-01,2022-11-08,0,-0.0945335834193,0.52754491018,0.475848911932,0.517372551473,0.496610731702,1,0.5,2022-11-01,0.52754491018,historical_prior,7
2022-11-02,2022-11-09,0,-0.20985825612,0.52754491018,0.475848911932,0.518325898012,0.497087404972,1,0.5,2022-11-01,0.52754491018,historical_prior,7
2022-11-03,2022-11-10,0,-0.128993132362,0.52754491018,0.475848911932,0.515013388381,0.495431150156,1,0.5,2022-11-01,0.52754491018,historical_prior,7
2022-11-04,2022-11-11,0,-0.192836661856,0.52754491018,0.475848911932,0.516431711782,0.496140311857,1,0.5,2022-11-01,0.52754491018,historical_prior,7
2022-11-05,2022-11-12,0,-0.210677123314,0.52754491018,0.475848911932,0.517197701298,0.496523306615,1,0.5,2022-11-01,0.52754491018,historical_prior,7
2022-11-06,2022-11-13,0,-0.218876013007,0.52754491018,0.475848911932,0.517735630381,0.496792271157,1,0.5,2022-11-01,0.52754491018,historical_prior,7
2022-11-07,2022-11-14,0,-0.192882566425,0.52754491018,0.475848911932,0.51797951423,0.496914213081,1,0.5,2022-11-01,0.52754491018,historical_prior,7
2022-11-08,2022-11-15,0,-0.0887819906261,0.52754491018,0.521267781897,0.524552128897,0.522909955397,1,0.5,2022-11-01,0.52754491018,historical_prior,7
2022-11-09,2022-11-16,1,0.0464710688628,0.52754491018,0.521267781897,0.533336338293,0.527302060095,1,0.5,2022-11-01,0.52754491018,historical_prior,7
2022-11-10,2022-11-17,0,-0.0516210588513,0.52754491018,0.521267781897,0.534214176026,0.527740978961,1,0.5,2022-11-01,0.52754491018,historical_prior,7
2022-11-11,2022-11-18,0,-0.0216668590084,0.52754491018,0.521267781897,0.537336117541,0.529301949719,1,0.5,2022-11-01,0.52754491018,historical_prior,7
2022-11-12,2022-11-19,0,-0.00662618783637,0.52754491018,0.521267781897,0.537615873804,0.52944182785,1,0.5,2022-11-01,0.52754491018,historical_prior,7
2022-11-13,2022-11-20,0,-0.00303860721317,0.52754491018,0.521267781897,0.537597701805,0.529432741851,1,0.5,2022-11-01,0.52754491018,historical_prior,7
2022-11-14,2022-11-21,0,-0.0504330465611,0.52754491018,0.521267781897,0.536730286243,0.52899903407,1,0.5,2022-11-01,0.52754491018,historical_prior,7
2022-11-15,2022-11-22,0,-0.0398584189764,0.52754491018,0.521267781897,0.530235133362,0.525751457629,1,0.5,2022-11-01,0.52754491018,historical_prior,7
2022-11-16,2022-11-23,0,-0.00357983911429,0.52754491018,0.521267781897,0.5213021307,0.521284956298,1,0.5,2022-11-01,0.52754491018,historical_prior,7
2022-11-17,2022-11-24,0,-0.00560788758585,0.52754491018,0.521267781897,0.527359335702,0.524313558799,1,0.5,2022-11-01,0.52754491018,historical_prior,7
2022-11-18,2022-11-25,0,-0.0106769578065,0.52754491018,0.521267781897,0.525997407271,0.523632594584,1,0.5,2022-11-01,0.52754491018,historical_prior,7
2022-11-19,2022-11-26,0,-0.0144970144928,0.52754491018,0.521267781897,0.525301962784,0.52328487234,1,0.5,2022-11-01,0.52754491018,historical_prior,7
2022-11-20,2022-11-27,1,0.00912456396501,0.52754491018,0.521267781897,0.523989123075,0.522628452486,1,0.5,2022-11-01,0.52754491018,historical_prior,7
2022-11-21,2022-11-28,1,0.0273501088948,0.52754491018,0.521267781897,0.525633316348,0.523450549122,1,0.5,2022-11-01,0.52754491018,historical_prior,7
2022-11-22,2022-11-29,1,0.0132859306807,0.52754491018,0.521267781897,0.525527363824,0.52339757286,1,0.5,2022-11-01,0.52754491018,historical_prior,7
2022-11-23,2022-11-30,1,0.0337605424526,0.52754491018,0.521267781897,0.524896791384,0.52308228664,1,0.5,2022-11-01,0.52754491018,historical_prior,7
2022-11-24,2022-12-01,1,0.0227978275734,0.52754491018,0.521267781897,0.523300479892,0.522284130894,1,0.5,2022-11-01,0.52754491018,historical_prior,7
2022-11-25,2022-12-02,1,0.0345354778497,0.52754491018,0.521267781897,0.521896253237,0.521582017567,1,0.5,2022-11-01,0.52754491018,historical_prior,7
2022-11-26,2022-12-03,1,0.0259214500409,0.52754491018,0.521267781897,0.522734415623,0.52200109876,1,0.5,2022-11-01,0.52754491018,historical_prior,7
2022-11-27,2022-12-04,1,0.0412033029842,0.52754491018,0.521267781897,0.520732552437,0.521000167167,1,0.5,2022-11-01,0.52754491018,historical_prior,7
2022-11-28,2022-12-05,1,0.0464716081197,0.52754491018,0.521267781897,0.518791797565,0.520029789731,1,0.5,2022-11-01,0.52754491018,historical_prior,7
2022-11-29,2022-12-06,1,0.0393145093851,0.52754491018,0.521267781897,0.520526616488,0.520897199192,1,0.5,2022-11-01,0.52754491018,historical_prior,7
2022-11-30,2022-12-07,0,-0.0190519027432,0.52754491018,0.521267781897,0.52178917178,0.521528476838,1,0.5,2022-11-01,0.52754491018,historical_prior,7
2022-12-01,2022-12-08,1,0.0145328752333,0.524117647059,0.516137381404,0.519004662174,0.517571021789,1,0.5,2022-12-01,0.524117647059,historical_prior,7
2022-12-02,2022-12-09,1,0.00209562656426,0.524117647059,0.516137381404,0.519319009398,0.517728195401,1,0.5,2022-12-01,0.524117647059,historical_prior,7
2022-12-03,2022-12-10,1,0.0143492525999,0.524117647059,0.516137381404,0.519145335294,0.517641358349,1,0.5,2022-12-01,0.524117647059,historical_prior,7
2022-12-04,2022-12-11,0,-0.0012071999392,0.524117647059,0.516137381404,0.516982513597,0.516559947501,1,0.5,2022-12-01,0.524117647059,historical_prior,7
2022-12-05,2022-12-12,1,0.0143507590024,0.524117647059,0.516137381404,0.516188120589,0.516162750997,1,0.5,2022-12-01,0.524117647059,historical_prior,7
2022-12-06,2022-12-13,1,0.0401276613673,0.524117647059,0.516137381404,0.517403311247,0.516770346325,1,0.5,2022-12-01,0.524117647059,historical_prior,7
2022-12-07,2022-12-14,1,0.0574051592242,0.524117647059,0.516137381404,0.519895298796,0.5180163401,1,0.5,2022-12-01,0.524117647059,historical_prior,7
2022-12-08,2022-12-15,1,0.00767761450526,0.524117647059,0.516137381404,0.520564729587,0.518351055495,1,0.5,2022-12-01,0.524117647059,historical_prior,7
2022-12-09,2022-12-16,0,-0.0289831719654,0.524117647059,0.516137381404,0.519099586645,0.517618484024,1,0.5,2022-12-01,0.524117647059,historical_prior,7
2022-12-10,2022-12-17,0,-0.0204916190288,0.524117647059,0.516137381404,0.511010468953,0.513573925178,1,0.5,2022-12-01,0.524117647059,historical_prior,7
2022-12-11,2022-12-18,0,-0.0203007892865,0.524117647059,0.516137381404,0.512130833971,0.514134107687,1,0.5,2022-12-01,0.524117647059,historical_prior,7
2022-12-12,2022-12-19,0,-0.0447970723708,0.524117647059,0.516137381404,0.512131071221,0.514134226312,1,0.5,2022-12-01,0.524117647059,historical_prior,7
2022-12-13,2022-12-20,0,-0.049460187795,0.524117647059,0.516137381404,0.513203154341,0.514670267873,1,0.5,2022-12-01,0.524117647059,historical_prior,7
2022-12-14,2022-12-21,0,-0.0549610602618,0.524117647059,0.516137381404,0.511846704049,0.513992042727,1,0.5,2022-12-01,0.524117647059,historical_prior,7
2022-12-15,2022-12-22,0,-0.0308192856328,0.524117647059,0.516137381404,0.512743882874,0.514440632139,1,0.5,2022-12-01,0.524117647059,historical_prior,7
2022-12-16,2022-12-23,1,0.00880104280152,0.524117647059,0.516137381404,0.514116935513,0.515127158458,1,0.5,2022-12-01,0.524117647059,historical_prior,7
2022-12-17,2022-12-24,1,0.00355258420697,0.524117647059,0.516137381404,0.514052335334,0.515094858369,1,0.5,2022-12-01,0.524117647059,historical_prior,7
2022-12-18,2022-12-25,1,0.00560991886229,0.524117647059,0.516137381404,0.513959834887,0.515048608145,1,0.5,2022-12-01,0.524117647059,historical_prior,7
2022-12-19,2022-12-26,1,0.0292300935344,0.524117647059,0.516137381404,0.514568480281,0.515352930843,1,0.5,2022-12-01,0.524117647059,historical_prior,7
2022-12-20,2022-12-27,0,-0.0111982082867,0.524117647059,0.516137381404,0.516698595125,0.516417988265,1,0.5,2022-12-01,0.524117647059,historical_prior,7
2022-12-21,2022-12-28,0,-0.0164853159081,0.524117647059,0.516137381404,0.517308577014,0.516722979209,1,0.5,2022-12-01,0.524117647059,historical_prior,7
2022-12-22,2022-12-29,0,-0.0111738419385,0.524117647059,0.516137381404,0.514930083542,0.515533732473,1,0.5,2022-12-01,0.524117647059,historical_prior,7
2022-12-23,2022-12-30,0,-0.0101928062699,0.524117647059,0.516137381404,0.512073321272,0.514105351338,1,0.5,2022-12-01,0.524117647059,historical_prior,7
2022-12-24,2022-12-31,0,-0.01744582481,0.524117647059,0.516137381404,0.512461435027,0.514299408216,1,0.5,2022-12-01,0.524117647059,historical_prior,7
2022-12-25,2023-01-01,0,-0.0127945931912,0.524117647059,0.516137381404,0.512516572149,0.514326976777,1,0.5,2022-12-01,0.524117647059,historical_prior,7
2022-12-26,2023-01-02,0,-0.0145702652401,0.524117647059,0.516137381404,0.511833335463,0.513985358434,1,0.5,2022-12-01,0.524117647059,historical_prior,7
2022-12-27,2023-01-03,0,-0.00186635508872,0.524117647059,0.516137381404,0.513286133802,0.514711757603,1,0.5,2022-12-01,0.524117647059,historical_prior,7
2022-12-28,2023-01-04,1,0.0183141549895,0.524117647059,0.516137381404,0.513562782575,0.51485008199,1,0.5,2022-12-01,0.524117647059,historical_prior,7
2022-12-29,2023-01-05,1,0.0119265553129,0.524117647059,0.516137381404,0.512980674544,0.514559027974,1,0.5,2022-12-01,0.524117647059,historical_prior,7
2022-12-30,2023-01-06,1,0.0206635805071,0.524117647059,0.516137381404,0.510359944486,0.513248662945,1,0.5,2022-12-01,0.524117647059,historical_prior,7
2022-12-31,2023-01-07,1,0.0242510155721,0.524117647059,0.516137381404,0.510844158959,0.513490770181,1,0.5,2022-12-01,0.524117647059,historical_prior,7
2023-01-01,2023-01-08,1,0.0307569169663,0.524552281918,0.517389079306,0.509166934745,0.513278007025,1,0.5,2023-01-01,0.524552281918,historical_prior,7
2023-01-02,2023-01-09,1,0.0303121178297,0.524552281918,0.517389079306,0.50960234136,0.513495710333,1,0.5,2023-01-01,0.524552281918,historical_prior,7
2023-01-03,2023-01-10,1,0.0459053515464,0.524552281918,0.517389079306,0.508602485223,0.512995782264,1,0.5,2023-01-01,0.524552281918,historical_prior,7
2023-01-04,2023-01-11,1,0.0648591484099,0.524552281918,0.517389079306,0.508428541736,0.512908810521,1,0.5,2023-01-01,0.524552281918,historical_prior,7
2023-01-05,2023-01-12,1,0.11969985474,0.524552281918,0.517389079306,0.50840257231,0.512895825808,1,0.5,2023-01-01,0.524552281918,historical_prior,7
2023-01-06,2023-01-13,1,0.175766711011,0.524552281918,0.517389079306,0.508579263187,0.512984171246,1,0.5,2023-01-01,0.524552281918,historical_prior,7
2023-01-07,2023-01-14,1,0.236747627566,0.524552281918,0.517389079306,0.507377482467,0.512383280886,1,0.5,2023-01-01,0.524552281918,historical_prior,7
2023-01-08,2023-01-15,1,0.218572346876,0.524552281918,0.517389079306,0.507715866076,0.512552472691,1,0.5,2023-01-01,0.524552281918,historical_prior,7
2023-01-09,2023-01-16,1,0.233282649116,0.524552281918,0.517389079306,0.507842479955,0.51261577963,1,0.5,2023-01-01,0.524552281918,historical_prior,7
2023-01-10,2023-01-17,1,0.211812511682,0.524552281918,0.517389079306,0.507987786229,0.512688432767,1,0.5,2023-01-01,0.524552281918,historical_prior,7
2023-01-11,2023-01-18,1,0.152380893996,0.524552281918,0.472022412744,0.508565508909,0.490293960827,1,0.5,2023-01-01,0.524552281918,historical_prior,7
2023-01-12,2023-01-19,1,0.118056712556,0.524552281918,0.472022412744,0.508254488089,0.490138450416,1,0.5,2023-01-01,0.524552281918,historical_prior,7
2023-01-13,2023-01-20,1,0.137340623512,0.524552281918,0.561075112705,0.509922791898,0.535498952302,1,0.5,2023-01-01,0.524552281918,historical_prior,7
2023-01-14,2023-01-21,1,0.0872649478022,0.524552281918,0.561075112705,0.510949110682,0.536012111694,1,0.5,2023-01-01,0.524552281918,historical_prior,7
2023-01-15,2023-01-22,1,0.0879850513859,0.524552281918,0.561075112705,0.511202544981,0.536138828843,1,0.5,2023-01-01,0.524552281918,historical_prior,7
2023-01-16,2023-01-23,1,0.0816968089249,0.524552281918,0.561075112705,0.511023436795,0.53604927475,1,0.5,2023-01-01,0.524552281918,historical_prior,7
2023-01-17,2023-01-24,1,0.0708821134422,0.524552281918,0.561075112705,0.511698984912,0.536387048808,1,0.5,2023-01-01,0.524552281918,historical_prior,7
2023-01-18,2023-01-25,1,0.115268937641,0.524552281918,0.561075112705,0.513579961794,0.537327537249,1,0.5,2023-01-01,0.524552281918,historical_prior,7
2023-01-19,2023-01-26,1,0.0919750241913,0.524552281918,0.561075112705,0.514485057126,0.537780084915,1,0.5,2023-01-01,0.524552281918,historical_prior,7
2023-01-20,2023-01-27,1,0.0179532461207,0.524552281918,0.561075112705,0.518668998133,0.539872055419,1,0.5,2023-01-01,0.524552281918,historical_prior,7
2023-01-21,2023-01-28,1,0.0104922191669,0.524552281918,0.561075112705,0.52058325556,0.540829184133,1,0.5,2023-01-01,0.524552281918,historical_prior,7
2023-01-22,2023-01-29,1,0.0455533497623,0.524552281918,0.561075112705,0.520520962154,0.54079803743,1,0.5,2023-01-01,0.524552281918,historical_prior,7
2023-01-23,2023-01-30,0,-0.00394040089106,0.524552281918,0.561075112705,0.520942743893,0.541008928299,1,0.5,2023-01-01,0.524552281918,historical_prior,7
2023-01-24,2023-01-31,1,0.0217488796172,0.524552281918,0.561075112705,0.521127089763,0.541101101234,1,0.5,2023-01-01,0.524552281918,historical_prior,7
2023-01-25,2023-02-01,1,0.0291280407477,0.524552281918,0.561075112705,0.520044205091,0.540559658898,1,0.5,2023-01-01,0.524552281918,historical_prior,7
2023-01-26,2023-02-02,1,0.0208299561271,0.524552281918,0.561075112705,0.520954914308,0.541015013507,1,0.5,2023-01-01,0.524552281918,historical_prior,7
2023-01-27,2023-02-03,1,0.015503923003,0.524552281918,0.561075112705,0.523897718287,0.542486415496,1,0.5,2023-01-01,0.524552281918,historical_prior,7
2023-01-28,2023-02-04,1,0.0132148410692,0.524552281918,0.561075112705,0.524035910078,0.542555511392,1,0.5,2023-01-01,0.524552281918,historical_prior,7
2023-01-29,2023-02-05,0,-0.0340906314889,0.524552281918,0.561075112705,0.523894146615,0.54248462966,1,0.5,2023-01-01,0.524552281918,historical_prior,7
2023-01-30,2023-02-06,0,-0.00278759230094,0.524552281918,0.561075112705,0.525732528555,0.54340382063,1,0.5,2023-01-01,0.524552281918,historical_prior,7
2023-01-31,2023-02-07,1,0.00498721520701,0.524552281918,0.561075112705,0.525027720409,0.543051416557,1,0.5,2023-01-01,0.524552281918,historical_prior,7
2023-02-01,2023-02-08,0,-0.0324304144584,0.530646992054,0.567744441325,0.535067486741,0.551405964033,1,0.5,2023-02-01,0.530646992054,historical_prior,7
2023-02-02,2023-02-09,0,-0.0720590201176,0.530646992054,0.567744441325,0.535016886684,0.551380664004,1,0.5,2023-02-01,0.530646992054,historical_prior,7
2023-02-03,2023-02-10,0,-0.0771047162202,0.530646992054,0.567744441325,0.534817758487,0.551281099906,1,0.5,2023-02-01,0.530646992054,historical_prior,7
2023-02-04,2023-02-11,0,-0.0627727544751,0.530646992054,0.567744441325,0.534782220275,0.5512633308,1,0.5,2023-02-01,0.530646992054,historical_prior,7
2023-02-05,2023-02-12,0,-0.0501188030651,0.530646992054,0.567744441325,0.535356330534,0.551550385929,1,0.5,2023-02-01,0.530646992054,historical_prior,7
2023-02-06,2023-02-13,0,-0.0434288470697,0.530646992054,0.567744441325,0.534445524554,0.551094982939,1,0.5,2023-02-01,0.530646992054,historical_prior,7
2023-02-07,2023-02-14,0,-0.0447762221574,0.530646992054,0.567744441325,0.534674650244,0.551209545784,1,0.5,2023-02-01,0.530646992054,historical_prior,7
2023-02-08,2023-02-15,1,0.059271436659,0.530646992054,0.567744441325,0.535202048471,0.551473244898,1,0.5,2023-02-01,0.530646992054,historical_prior,7
2023-02-09,2023-02-16,1,0.078975149509,0.530646992054,0.567744441325,0.535058906223,0.551401673774,1,0.5,2023-02-01,0.530646992054,historical_prior,7
2023-02-10,2023-02-17,1,0.136173601249,0.530646992054,0.567744441325,0.534054872667,0.550899656996,1,0.5,2023-02-01,0.530646992054,historical_prior,7
2023-02-11,2023-02-18,1,0.126673238026,0.530646992054,0.567744441325,0.532142351447,0.549943396386,1,0.5,2023-02-01,0.530646992054,historical_prior,7
2023-02-12,2023-02-19,1,0.114224777056,0.530646992054,0.567744441325,0.529349627032,0.548547034178,1,0.5,2023-02-01,0.530646992054,historical_prior,7
2023-02-13,2023-02-20,1,0.140912750408,0.530646992054,0.567744441325,0.527018480213,0.547381460769,1,0.5,2023-02-01,0.530646992054,historical_prior,7
2023-02-14,2023-02-21,1,0.101456587075,0.530646992054,0.567744441325,0.527892658628,0.547818549977,1,0.5,2023-02-01,0.530646992054,historical_prior,7
2023-02-15,2023-02-22,0,-0.00583126576372,0.530646992054,0.567744441325,0.530302828749,0.549023635037,1,0.5,2023-02-01,0.530646992054,historical_prior,7
2023-02-16,2023-02-23,1,0.0179643264738,0.530646992054,0.567744441325,0.529189155063,0.548466798194,1,0.5,2023-02-01,0.530646992054,historical_prior,7
2023-02-17,2023-02-24,0,-0.056356601168,0.530646992054,0.567744441325,0.530270545751,0.549007493538,1,0.5,2023-02-01,0.530646992054,historical_prior,7
2023-02-18,2023-02-25,0,-0.0598767048488,0.530646992054,0.567744441325,0.529966838385,0.548855639855,1,0.5,2023-02-01,0.530646992054,historical_prior,7
2023-02-19,2023-02-26,0,-0.0295367950243,0.530646992054,0.567744441325,0.526472952389,0.547108696857,1,0.5,2023-02-01,0.530646992054,historical_prior,7
2023-02-20,2023-02-27,0,-0.0543474410479,0.530646992054,0.567744441325,0.526663932493,0.547204186909,1,0.5,2023-02-01,0.530646992054,historical_prior,7
2023-02-21,2023-02-28,0,-0.0535981279363,0.530646992054,0.567744441325,0.527132776067,0.547438608696,1,0.5,2023-02-01,0.530646992054,historical_prior,7
2023-02-22,2023-03-01,0,-0.0228779751727,0.530646992054,0.567744441325,0.528915507251,0.548329974288,1,0.5,2023-02-01,0.530646992054,historical_prior,7
2023-02-23,2023-03-02,0,-0.0198360915949,0.530646992054,0.567744441325,0.528370023049,0.548057232187,1,0.5,2023-02-01,0.530646992054,historical_prior,7
2023-02-24,2023-03-03,0,-0.0358395344634,0.530646992054,0.567744441325,0.528750687087,0.548247564206,1,0.5,2023-02-01,0.530646992054,historical_prior,7
2023-02-25,2023-03-04,0,-0.0350001101176,0.530646992054,0.567744441325,0.528859578773,0.548302010049,1,0.5,2023-02-01,0.530646992054,historical_prior,7
2023-02-26,2023-03-05,0,-0.0477443074356,0.530646992054,0.567744441325,0.528677411227,0.548210926276,1,0.5,2023-02-01,0.530646992054,historical_prior,7
2023-02-27,2023-03-06,0,-0.046061887214,0.530646992054,0.567744441325,0.529254975245,0.548499708285,1,0.5,2023-02-01,0.530646992054,historical_prior,7
2023-02-28,2023-03-07,0,-0.0407755394297,0.530646992054,0.567744441325,0.527669406537,0.547706923931,1,0.5,2023-02-01,0.530646992054,historical_prior,7
2023-03-01,2023-03-08,0,-0.0814055796761,0.529608938547,0.563496051979,0.52748620993,0.545491130954,1,0.5,2023-03-01,0.529608938547,historical_prior,7
2023-03-02,2023-03-09,0,-0.132241963885,0.529608938547,0.563496051979,0.526802508741,0.54514928036,1,0.5,2023-03-01,0.529608938547,historical_prior,7
2023-03-03,2023-03-10,0,-0.098578173187,0.529608938547,0.563496051979,0.525523218662,0.544509635321,1,0.5,2023-03-01,0.529608938547,historical_prior,7
2023-03-04,2023-03-11,0,-0.0846143278364,0.529608938547,0.563496051979,0.52574521281,0.544620632394,1,0.5,2023-03-01,0.529608938547,historical_prior,7
2023-03-05,2023-03-12,0,-0.01931009209,0.529608938547,0.563496051979,0.526334276477,0.544915164228,1,0.5,2023-03-01,0.529608938547,historical_prior,7
2023-03-06,2023-03-13,1,0.0760142793396,0.529608938547,0.563496051979,0.526371765537,0.544933908758,1,0.5,2023-03-01,0.529608938547,historical_prior,7
2023-03-07,2023-03-14,1,0.111381856711,0.529608938547,0.563496051979,0.526314339036,0.544905195508,1,0.5,2023-03-01,0.529608938547,historical_prior,7
2023-03-08,2023-03-15,1,0.118874346708,0.529608938547,0.563496051979,0.527225551769,0.545360801874,1,0.5,2023-03-01,0.529608938547,historical_prior,7
2023-03-09,2023-03-16,1,0.227704051916,0.529608938547,0.563496051979,0.527228989711,0.545362520845,1,0.5,2023-03-01,0.529608938547,historical_prior,7
2023-03-10,2023-03-17,1,0.359513247437,0.529608938547,0.563496051979,0.526083190769,0.544789621374,1,0.5,2023-03-01,0.529608938547,historical_prior,7
2023-03-11,2023-03-18,1,0.315401112549,0.529608938547,0.563496051979,0.526946761997,0.545221406988,1,0.5,2023-03-01,0.529608938547,historical_prior,7
2023-03-12,2023-03-19,1,0.271661140941,0.529608938547,0.563496051979,0.52867901749,0.546087534735,1,0.5,2023-03-01,0.529608938547,historical_prior,7
2023-03-13,2023-03-20,1,0.149440478935,0.529608938547,0.563496051979,0.530264677875,0.546880364927,1,0.5,2023-03-01,0.529608938547,historical_prior,7
2023-03-14,2023-03-21,1,0.139238058873,0.529608938547,0.563496051979,0.530172385099,0.546834218539,1,0.5,2023-03-01,0.529608938547,historical_prior,7
2023-03-15,2023-03-22,1,0.122101272932,0.529608938547,0.563496051979,0.529558204452,0.546527128215,1,0.5,2023-03-01,0.529608938547,historical_prior,7
2023-03-16,2023-03-23,1,0.131871635336,0.529608938547,0.563496051979,0.527245626214,0.545370839096,1,0.5,2023-03-01,0.529608938547,historical_prior,7
2023-03-17,2023-03-24,1,0.00216607842343,0.529608938547,0.563496051979,0.524656280366,0.544076166172,1,0.5,2023-03-01,0.529608938547,historical_prior,7
2023-03-18,2023-03-25,1,0.0206433227328,0.529608938547,0.563496051979,0.525765650706,0.544630851343,1,0.5,2023-03-01,0.529608938547,historical_prior,7
2023-03-19,2023-03-26,0,-0.000172309813044,0.529608938547,0.563496051979,0.526769056932,0.545132554455,1,0.5,2023-03-01,0.529608938547,historical_prior,7
2023-03-20,2023-03-27,0,-0.0213623330944,0.529608938547,0.563496051979,0.529462229775,0.546479140877,1,0.5,2023-03-01,0.529608938547,historical_prior,7
2023-03-21,2023-03-28,0,-0.0300439736464,0.529608938547,0.563496051979,0.530501378403,0.546998715191,1,0.5,2023-03-01,0.529608938547,historical_prior,7
2023-03-22,2023-03-29,1,0.0402785662309,0.529608938547,0.563496051979,0.529510718372,0.546503385175,1,0.5,2023-03-01,0.529608938547,historical_prior,7
2023-03-23,2023-03-30,0,-0.0094319184631,0.529608938547,0.563496051979,0.531023367901,0.54725970994,1,0.5,2023-03-01,0.529608938547,historical_prior,7
2023-03-24,2023-03-31,1,0.0368205978844,0.529608938547,0.563496051979,0.534179522221,0.5488377871,1,0.5,2023-03-01,0.529608938547,historical_prior,7
2023-03-25,2023-04-01,1,0.0360405564588,0.529608938547,0.563496051979,0.533860979,0.54867851549,1,0.5,2023-03-01,0.529608938547,historical_prior,7
2023-03-26,2023-04-02,1,0.00728760138801,0.529608938547,0.563496051979,0.535647615853,0.549571833916,1,0.5,2023-03-01,0.529608938547,historical_prior,7
2023-03-27,2023-04-03,1,0.0248881931774,0.529608938547,0.563496051979,0.535594068023,0.549545060001,1,0.5,2023-03-01,0.529608938547,historical_prior,7
2023-03-28,2023-04-04,1,0.0331755136537,0.529608938547,0.563496051979,0.535529138924,0.549512595451,1,0.5,2023-03-01,0.529608938547,historical_prior,7
2023-03-29,2023-04-05,0,-0.00629978199982,0.529608938547,0.563496051979,0.534965014176,0.549230533077,1,0.5,2023-03-01,0.529608938547,historical_prior,7
2023-03-30,2023-04-06,1,0.000188736262658,0.529608938547,0.563496051979,0.536426979254,0.549961515617,1,0.5,2023-03-01,0.529608938547,historical_prior,7
2023-03-31,2023-04-07,0,-0.0196389576664,0.529608938547,0.563496051979,0.534970463607,0.549233257793,1,0.5,2023-03-01,0.529608938547,historical_prior,7
2023-04-01,2023-04-08,0,-0.0180773514527,0.528830313015,0.560035426982,0.534306687318,0.54717105715,1,0.5,2023-04-01,0.528830313015,historical_prior,7
2023-04-02,2023-04-09,1,0.00539154837787,0.528830313015,0.560035426982,0.535356215574,0.547695821278,1,0.5,2023-04-01,0.528830313015,historical_prior,7
2023-04-03,2023-04-10,1,0.0660913669065,0.528830313015,0.560035426982,0.534605825199,0.547320626091,1,0.5,2023-04-01,0.528830313015,historical_prior,7
2023-04-04,2023-04-11,1,0.0722498151105,0.528830313015,0.560035426982,0.534705724531,0.547370575757,1,0.5,2023-04-01,0.528830313015,historical_prior,7
2023-04-05,2023-04-12,1,0.0609889737348,0.528830313015,0.560035426982,0.535681286256,0.547858356619,1,0.5,2023-04-01,0.528830313015,historical_prior,7
2023-04-06,2023-04-13,1,0.0834713214253,0.528830313015,0.560035426982,0.535585793557,0.54781061027,1,0.5,2023-04-01,0.528830313015,historical_prior,7
2023-04-07,2023-04-14,1,0.0917569598009,0.528830313015,0.560035426982,0.536352821395,0.548194124189,1,0.5,2023-04-01,0.528830313015,historical_prior,7
2023-04-08,2023-04-15,1,0.0843538530151,0.528830313015,0.560035426982,0.536780109144,0.548407768063,1,0.5,2023-04-01,0.528830313015,historical_prior,7
2023-04-09,2023-04-16,1,0.0699373953176,0.528830313015,0.560035426982,0.536777264245,0.548406345614,1,0.5,2023-04-01,0.528830313015,historical_prior,7
2023-04-10,2023-04-17,0,-0.00698679436144,0.528830313015,0.560035426982,0.536598853771,0.548317140377,1,0.5,2023-04-01,0.528830313015,historical_prior,7
2023-04-11,2023-04-18,1,0.00594660604058,0.528830313015,0.560035426982,0.534155487771,0.547095457377,1,0.5,2023-04-01,0.528830313015,historical_prior,7
2023-04-12,2023-04-19,0,-0.036501855088,0.528830313015,0.560035426982,0.529794980513,0.544915203748,1,0.5,2023-04-01,0.528830313015,historical_prior,7
2023-04-13,2023-04-20,0,-0.0701323902411,0.528830313015,0.560035426982,0.529105036338,0.54457023166,1,0.5,2023-04-01,0.528830313015,historical_prior,7
2023-04-14,2023-04-21,0,-0.105166158848,0.528830313015,0.560035426982,0.529265746036,0.544650586509,1,0.5,2023-04-01,0.528830313015,historical_prior,7
2023-04-15,2023-04-22,0,-0.0818033549331,0.528830313015,0.560035426982,0.528371372703,0.544203399843,1,0.5,2023-04-01,0.528830313015,historical_prior,7
2023-04-16,2023-04-23,0,-0.0895588630788,0.528830313015,0.560035426982,0.523636518878,0.54183597293,1,0.5,2023-04-01,0.528830313015,historical_prior,7
2023-04-17,2023-04-24,0,-0.0652165270655,0.528830313015,0.560035426982,0.525281740312,0.542658583647,1,0.5,2023-04-01,0.528830313015,historical_prior,7
2023-04-18,2023-04-25,0,-0.0684403988017,0.528830313015,0.560035426982,0.524716806282,0.542376116632,1,0.5,2023-04-01,0.528830313015,historical_prior,7
2023-04-19,2023-04-26,0,-0.0132586267367,0.528830313015,0.560035426982,0.525463389614,0.542749408298,1,0.5,2023-04-01,0.528830313015,historical_prior,7
2023-04-20,2023-04-27,1,0.0435184545907,0.528830313015,0.560035426982,0.525442284644,0.542738855813,1,0.5,2023-04-01,0.528830313015,historical_prior,7
2023-04-21,2023-04-28,1,0.0751521118123,0.528830313015,0.560035426982,0.526229845972,0.543132636477,1,0.5,2023-04-01,0.528830313015,historical_prior,7
2023-04-22,2023-04-29,1,0.0508181192335,0.528830313015,0.560035426982,0.524834667257,0.54243504712,1,0.5,2023-04-01,0.528830313015,historical_prior,7
2023-04-23,2023-04-30,1,0.0595351315303,0.528830313015,0.560035426982,0.525291495394,0.542663461188,1,0.5,2023-04-01,0.528830313015,historical_prior,7
2023-04-24,2023-05-01,1,0.0202584936242,0.528830313015,0.560035426982,0.52453845244,0.542286939711,1,0.5,2023-04-01,0.528830313015,historical_prior,7
2023-04-25,2023-05-02,1,0.0130409787147,0.528830313015,0.560035426982,0.525167687102,0.542601557042,1,0.5,2023-04-01,0.528830313015,historical_prior,7
2023-04-26,2023-05-03,1,0.021497932979,0.528830313015,0.560035426982,0.524315373393,0.542175400188,1,0.5,2023-04-01,0.528830313015,historical_prior,7
2023-04-27,2023-05-04,0,-0.0215320785932,0.528830313015,0.560035426982,0.524351704324,0.542193565653,1,0.5,2023-04-01,0.528830313015,historical_prior,7
2023-04-28,2023-05-05,1,0.00661544707404,0.528830313015,0.560035426982,0.521888913072,0.540962170027,1,0.5,2023-04-01,0.528830313015,historical_prior,7
2023-04-29,2023-05-06,0,-0.0130771165001,0.528830313015,0.560035426982,0.522610496048,0.541322961515,1,0.5,2023-04-01,0.528830313015,historical_prior,7
2023-04-30,2023-05-07,0,-0.0274725218339,0.528830313015,0.560035426982,0.521906059857,0.54097074342,1,0.5,2023-04-01,0.528830313015,historical_prior,7
2023-05-01,2023-05-08,0,-0.0142320899122,0.529983792545,0.561670667973,0.522741269309,0.542205968641,1,0.5,2023-05-01,0.529983792545,historical_prior,7
2023-05-02,2023-05-09,0,-0.0363304878364,0.529983792545,0.561670667973,0.524127489582,0.542899078777,1,0.5,2023-05-01,0.529983792545,historical_prior,7
2023-05-03,2023-05-10,0,-0.0491766737316,0.529983792545,0.561670667973,0.524613325771,0.543141996872,1,0.5,2023-05-01,0.529983792545,historical_prior,7
2023-05-04,2023-05-11,0,-0.0648286853253,0.529983792545,0.561670667973,0.525474613879,0.543572640926,1,0.5,2023-05-01,0.529983792545,historical_prior,7
2023-05-05,2023-05-12,0,-0.0918672754097,0.529983792545,0.561670667973,0.52541538491,0.543543026441,1,0.5,2023-05-01,0.529983792545,historical_prior,7
2023-05-06,2023-05-13,0,-0.0718561296719,0.529983792545,0.561670667973,0.525678558205,0.543674613089,1,0.5,2023-05-01,0.529983792545,historical_prior,7
2023-05-07,2023-05-14,0,-0.0531999535703,0.529983792545,0.561670667973,0.525906107635,0.543788387804,1,0.5,2023-05-01,0.529983792545,historical_prior,7
2023-05-08,2023-05-15,0,-0.0183112452695,0.529983792545,0.561670667973,0.524742308518,0.543206488245,1,0.5,2023-05-01,0.529983792545,historical_prior,7
2023-05-09,2023-05-16,0,-0.0215152812681,0.529983792545,0.561670667973,0.525000597526,0.543335632749,1,0.5,2023-05-01,0.529983792545,historical_prior,7
2023-05-10,2023-05-17,0,-0.00699814303184,0.529983792545,0.561670667973,0.52325665698,0.542463662476,1,0.5,2023-05-01,0.529983792545,historical_prior,7
2023-05-11,2023-05-18,0,-0.00546338670648,0.529983792545,0.561670667973,0.522465094431,0.542067881202,1,0.5,2023-05-01,0.529983792545,historical_prior,7
2023-05-12,2023-05-19,1,0.0031815625372,0.529983792545,0.561670667973,0.523571219691,0.542620943832,1,0.5,2023-05-01,0.529983792545,historical_prior,7
2023-05-13,2023-05-20,1,0.0122183596213,0.529983792545,0.561670667973,0.522139647723,0.541905157848,1,0.5,2023-05-01,0.529983792545,historical_prior,7
2023-05-14,2023-05-21,0,-0.00630962172733,0.529983792545,0.561670667973,0.521535432355,0.541603050164,1,0.5,2023-05-01,0.529983792545,historical_prior,7
2023-05-15,2023-05-22,0,-0.0115186064132,0.529983792545,0.561670667973,0.520793590913,0.541232129443,1,0.5,2023-05-01,0.529983792545,historical_prior,7
2023-05-16,2023-05-23,1,0.0068717577673,0.529983792545,0.561670667973,0.520729246222,0.541199957097,1,0.5,2023-05-01,0.529983792545,historical_prior,7
2023-05-17,2023-05-24,0,-0.0392839276338,0.529983792545,0.561670667973,0.52138198677,0.541526327371,1,0.5,2023-05-01,0.529983792545,historical_prior,7
2023-05-18,2023-05-25,0,-0.0129557575179,0.529983792545,0.561670667973,0.519289584686,0.540480126329,1,0.5,2023-05-01,0.529983792545,historical_prior,7
2023-05-19,2023-05-26,0,-0.00648580036056,0.529983792545,0.475453547341,0.519574910864,0.497514229103,1,0.5,2023-05-01,0.529983792545,historical_prior,7
2023-05-20,2023-05-27,0,-0.00915637453911,0.529983792545,0.561670667973,0.520015646001,0.540843156987,1,0.5,2023-05-01,0.529983792545,historical_prior,7
2023-05-21,2023-05-28,1,0.049245956113,0.529983792545,0.475453547341,0.520786165077,0.498119856209,1,0.5,2023-05-01,0.529983792545,historical_prior,7
2023-05-22,2023-05-29,1,0.0330411217884,0.529983792545,0.475453547341,0.52028127551,0.497867411426,1,0.5,2023-05-01,0.529983792545,historical_prior,7
2023-05-23,2023-05-30,1,0.0174429391163,0.529983792545,0.475453547341,0.520409957326,0.497931752334,1,0.5,2023-05-01,0.529983792545,historical_prior,7
2023-05-24,2023-05-31,1,0.03347410328,0.529983792545,0.475453547341,0.521533892494,0.498493719918,1,0.5,2023-05-01,0.529983792545,historical_prior,7
2023-05-25,2023-06-01,1,0.0129992721103,0.529983792545,0.475453547341,0.519502026386,0.497477786864,1,0.5,2023-05-01,0.529983792545,historical_prior,7
2023-05-26,2023-06-02,1,0.0200955443587,0.529983792545,0.475453547341,0.519477736998,0.49746564217,1,0.5,2023-05-01,0.529983792545,historical_prior,7
2023-05-27,2023-06-03,1,0.00800431365291,0.529983792545,0.475453547341,0.517903616876,0.496678582109,1,0.5,2023-05-01,0.529983792545,historical_prior,7
2023-05-28,2023-06-04,0,-0.0338425084625,0.529983792545,0.561670667973,0.51860004822,0.540135358096,1,0.5,2023-05-01,0.529983792545,historical_prior,7
2023-05-29,2023-06-05,0,-0.0724030515856,0.529983792545,0.561670667973,0.518875610373,0.540273139173,1,0.5,2023-05-01,0.529983792545,historical_prior,7
2023-05-30,2023-06-06,0,-0.0167658443584,0.529983792545,0.561670667973,0.519347414526,0.540509041249,1,0.5,2023-05-01,0.529983792545,historical_prior,7
2023-05-31,2023-06-07,0,-0.0320102461012,0.529983792545,0.475453547341,0.518794004118,0.49712377573,1,0.5,2023-05-01,0.529983792545,historical_prior,7
2023-06-01,2023-06-08,0,-0.011906959262,0.527098831031,0.479968426161,0.513760958541,0.496864692351,1,0.5,2023-06-01,0.527098831031,historical_prior,7
2023-06-02,2023-06-09,0,-0.0280729548842,0.527098831031,0.479968426161,0.513694951251,0.496831688706,1,0.5,2023-06-01,0.527098831031,historical_prior,7
2023-06-03,2023-06-10,0,-0.0453655480284,0.527098831031,0.479968426161,0.51412657823,0.497047502195,1,0.5,2023-06-01,0.527098831031,historical_prior,7
2023-06-04,2023-06-11,0,-0.0438742683534,0.527098831031,0.479968426161,0.514612512728,0.497290469444,1,0.5,2023-06-01,0.527098831031,historical_prior,7
2023-06-05,2023-06-12,1,0.00687922202097,0.527098831031,0.479968426161,0.516222883837,0.498095654999,1,0.5,2023-06-01,0.527098831031,historical_prior,7
2023-06-06,2023-06-13,0,-0.047588181893,0.527098831031,0.479968426161,0.518174175056,0.499071300608,1,0.5,2023-06-01,0.527098831031,historical_prior,7
2023-06-07,2023-06-14,0,-0.0459669832274,0.527098831031,0.479968426161,0.518664794508,0.499316610334,1,0.5,2023-06-01,0.527098831031,historical_prior,7
2023-06-08,2023-06-15,0,-0.0339685742007,0.527098831031,0.479968426161,0.518187066613,0.499077746387,1,0.5,2023-06-01,0.527098831031,historical_prior,7
2023-06-09,2023-06-16,0,-0.00501589821817,0.527098831031,0.479968426161,0.518799666368,0.499384046264,1,0.5,2023-06-01,0.527098831031,historical_prior,7
2023-06-10,2023-06-17,1,0.0261512522053,0.527098831031,0.479968426161,0.519413882508,0.499691154335,1,0.5,2023-06-01,0.527098831031,historical_prior,7
2023-06-11,2023-06-18,1,0.0159850032111,0.527098831031,0.479968426161,0.519676523542,0.499822474851,1,0.5,2023-06-01,0.527098831031,historical_prior,7
2023-06-12,2023-06-19,1,0.0362537391156,0.527098831031,0.479968426161,0.517769975798,0.498869200979,1,0.5,2023-06-01,0.527098831031,historical_prior,7
2023-06-13,2023-06-20,1,0.0915291554604,0.527098831031,0.479968426161,0.519659074978,0.49981375057,1,0.5,2023-06-01,0.527098831031,historical_prior,7
2023-06-14,2023-06-21,1,0.193615641142,0.527098831031,0.479968426161,0.518553241516,0.499260833838,1,0.5,2023-06-01,0.527098831031,historical_prior,7
2023-06-15,2023-06-22,1,0.167448548723,0.527098831031,0.479968426161,0.519065641562,0.499517033861,1,0.5,2023-06-01,0.527098831031,historical_prior,7
2023-06-16,2023-06-23,1,0.164869994306,0.527098831031,0.479968426161,0.51880149818,0.49938496217,1,0.5,2023-06-01,0.527098831031,historical_prior,7
2023-06-17,2023-06-24,1,0.151240393423,0.527098831031,0.479968426161,0.518442166641,0.499205296401,1,0.5,2023-06-01,0.527098831031,historical_prior,7
2023-06-18,2023-06-25,1,0.156518401502,0.527098831031,0.479968426161,0.518517280642,0.499242853401,1,0.5,2023-06-01,0.527098831031,historical_prior,7
2023-06-19,2023-06-26,1,0.127536706979,0.527098831031,0.479968426161,0.518293706376,0.499131066268,1,0.5,2023-06-01,0.527098831031,historical_prior,7
2023-06-20,2023-06-27,1,0.0842324022299,0.527098831031,0.479968426161,0.519664833046,0.499816629603,1,0.5,2023-06-01,0.527098831031,historical_prior,7
2023-06-21,2023-06-28,1,0.0027845671235,0.527098831031,0.551768831333,0.51936859866,0.535568714997,1,0.5,2023-06-01,0.527098831031,historical_prior,7
2023-06-22,2023-06-29,1,0.0188185211806,0.527098831031,0.551768831333,0.519581524632,0.535675177983,1,0.5,2023-06-01,0.527098831031,historical_prior,7
2023-06-23,2023-06-30,0,-0.00705475992636,0.527098831031,0.551768831333,0.521345786122,0.536557308727,1,0.5,2023-06-01,0.527098831031,historical_prior,7
2023-06-24,2023-07-01,1,0.0019153266423,0.527098831031,0.551768831333,0.521450640939,0.536609736136,1,0.5,2023-06-01,0.527098831031,historical_prior,7
2023-06-25,2023-07-02,1,0.0050675154435,0.527098831031,0.551768831333,0.52092727763,0.536348054481,1,0.5,2023-06-01,0.527098831031,historical_prior,7
2023-06-26,2023-07-03,1,0.0293448623447,0.527098831031,0.551768831333,0.521493700705,0.536631266019,1,0.5,2023-06-01,0.527098831031,historical_prior,7
2023-06-27,2023-07-04,1,0.00241329786749,0.527098831031,0.551768831333,0.521373582997,0.536571207165,1,0.5,2023-06-01,0.527098831031,historical_prior,7
2023-06-28,2023-07-05,1,0.0142100001297,0.527098831031,0.551768831333,0.524054906239,0.537911868786,1,0.5,2023-06-01,0.527098831031,historical_prior,7
2023-06-29,2023-07-06,0,-0.0181257391868,0.527098831031,0.551768831333,0.523963480566,0.537866155949,1,0.5,2023-06-01,0.527098831031,historical_prior,7
2023-06-30,2023-07-07,0,-0.00417760567078,0.527098831031,0.551768831333,0.525348937876,0.538558884604,1,0.5,2023-06-01,0.527098831031,historical_prior,7
2023-07-01,2023-07-08,0,-0.00984996354529,0.527719665272,0.550105273039,0.526343709502,0.538224491271,1,0.5,2023-07-01,0.527719665272,historical_prior,7
2023-07-02,2023-07-09,0,-0.0149041236201,0.527719665272,0.550105273039,0.52569156917,0.537898421105,1,0.5,2023-07-01,0.527719665272,historical_prior,7
2023-07-03,2023-07-10,0,-0.0238998979336,0.527719665272,0.550105273039,0.525633765474,0.537869519257,1,0.5,2023-07-01,0.527719665272,historical_prior,7
2023-07-04,2023-07-11,0,-0.00469374004396,0.527719665272,0.550105273039,0.52623492539,0.538170099215,1,0.5,2023-07-01,0.527719665272,historical_prior,7
2023-07-05,2023-07-12,0,-0.00409148590009,0.527719665272,0.550105273039,0.526018466637,0.538061869838,1,0.5,2023-07-01,0.527719665272,historical_prior,7
2023-07-06,2023-07-13,1,0.0521417487556,0.527719665272,0.550105273039,0.523730353461,0.53691781325,1,0.5,2023-07-01,0.527719665272,historical_prior,7
2023-07-07,2023-07-14,0,-0.00107728862042,0.527719665272,0.550105273039,0.524237730277,0.537171501658,1,0.5,2023-07-01,0.527719665272,historical_prior,7
2023-07-08,2023-07-15,1,0.000161468045011,0.527719665272,0.550105273039,0.524198889921,0.53715208148,1,0.5,2023-07-01,0.527719665272,historical_prior,7
2023-07-09,2023-07-16,1,0.00236333958982,0.527719665272,0.550105273039,0.524293683655,0.537199478347,1,0.5,2023-07-01,0.527719665272,historical_prior,7
2023-07-10,2023-07-17,0,-0.00899558950755,0.527719665272,0.550105273039,0.525318265554,0.537711769296,1,0.5,2023-07-01,0.527719665272,historical_prior,7
2023-07-11,2023-07-18,0,-0.0249156654834,0.527719665272,0.550105273039,0.524718619292,0.537411946166,1,0.5,2023-07-01,0.527719665272,historical_prior,7
2023-07-12,2023-07-19,0,-0.0154967083608,0.527719665272,0.550105273039,0.524516874214,0.537311073627,1,0.5,2023-07-01,0.527719665272,historical_prior,7
2023-07-13,2023-07-20,0,-0.0525916546042,0.527719665272,0.550105273039,0.524010700868,0.537057986953,1,0.5,2023-07-01,0.527719665272,historical_prior,7
2023-07-14,2023-07-21,0,-0.0135355590078,0.527719665272,0.550105273039,0.525922201371,0.538013737205,1,0.5,2023-07-01,0.527719665272,historical_prior,7
2023-07-15,2023-07-22,0,-0.0163594536988,0.527719665272,0.550105273039,0.525181791623,0.537643532331,1,0.5,2023-07-01,0.527719665272,historical_prior,7
2023-07-16,2023-07-23,0,-0.00490341522341,0.527719665272,0.550105273039,0.523841926152,0.536973599596,1,0.5,2023-07-01,0.527719665272,historical_prior,7
2023-07-17,2023-07-24,0,-0.0319032450727,0.527719665272,0.550105273039,0.523965126894,0.537035199967,1,0.5,2023-07-01,0.527719665272,historical_prior,7
2023-07-18,2023-07-25,0,-0.0211064421502,0.527719665272,0.550105273039,0.524498719158,0.537301996099,1,0.5,2023-07-01,0.527719665272,historical_prior,7
2023-07-19,2023-07-26,0,-0.0186313847808,0.527719665272,0.550105273039,0.523462835222,0.536784054131,1,0.5,2023-07-01,0.527719665272,historical_prior,7
2023-07-20,2023-07-27,0,-0.0193697986577,0.527719665272,0.550105273039,0.521741517895,0.535923395467,1,0.5,2023-07-01,0.527719665272,historical_prior,7
2023-07-21,2023-07-28,0,-0.0196503746273,0.527719665272,0.550105273039,0.516493972441,0.53329962274,1,0.5,2023-07-01,0.527719665272,historical_prior,7
2023-07-22,2023-07-29,0,-0.0148049942942,0.527719665272,0.550105273039,0.516595780942,0.533350526991,1,0.5,2023-07-01,0.527719665272,historical_prior,7
2023-07-23,2023-07-30,0,-0.0266808492957,0.527719665272,0.550105273039,0.515179604854,0.532642438947,1,0.5,2023-07-01,0.527719665272,historical_prior,7
2023-07-24,2023-07-31,1,0.00191078436413,0.527719665272,0.550105273039,0.515916665796,0.533010969417,1,0.5,2023-07-01,0.527719665272,historical_prior,7
2023-07-25,2023-08-01,1,0.0163221960723,0.527719665272,0.550105273039,0.515640707609,0.532872990324,1,0.5,2023-07-01,0.527719665272,historical_prior,7
2023-07-26,2023-08-02,0,-0.00565379620305,0.527719665272,0.550105273039,0.515902372945,0.533003822992,1,0.5,2023-07-01,0.527719665272,historical_prior,7
2023-07-27,2023-08-03,0,-0.000997167278404,0.527719665272,0.550105273039,0.515166504985,0.532635889012,1,0.5,2023-07-01,0.527719665272,historical_prior,7
2023-07-28,2023-08-04,0,-0.00682776298401,0.527719665272,0.550105273039,0.515720543988,0.532912908514,1,0.5,2023-07-01,0.527719665272,historical_prior,7
2023-07-29,2023-08-05,0,-0.00956532403953,0.527719665272,0.550105273039,0.515055108661,0.53258019085,1,0.5,2023-07-01,0.527719665272,historical_prior,7
2023-07-30,2023-08-06,0,-0.00658001461011,0.527719665272,0.550105273039,0.515391476361,0.5327483747,1,0.5,2023-07-01,0.527719665272,historical_prior,7
2023-07-31,2023-08-07,0,-0.000724884331517,0.527719665272,0.550105273039,0.514113918346,0.532109595693,1,0.5,2023-07-01,0.527719665272,historical_prior,7
2023-08-01,2023-08-08,1,0.00216892283341,0.523932063819,0.540077155783,0.508737388074,0.524407271928,1,0.5,2023-08-01,0.523932063819,historical_prior,7
2023-08-02,2023-08-09,1,0.0135674592039,0.523932063819,0.540077155783,0.508210950433,0.524144053108,1,0.5,2023-08-01,0.523932063819,historical_prior,7
2023-08-03,2023-08-10,1,0.00897832541608,0.523932063819,0.540077155783,0.508376771222,0.524226963502,1,0.5,2023-08-01,0.523932063819,historical_prior,7
2023-08-04,2023-08-11,1,0.0107178713739,0.523932063819,0.540077155783,0.508679157272,0.524378156528,1,0.5,2023-08-01,0.523932063819,historical_prior,7
2023-08-05,2023-08-12,1,0.0123155750886,0.523932063819,0.540077155783,0.509018204591,0.524547680187,1,0.5,2023-08-01,0.523932063819,historical_prior,7
2023-08-06,2023-08-13,1,0.00740569614988,0.523932063819,0.540077155783,0.508275684809,0.524176420296,1,0.5,2023-08-01,0.523932063819,historical_prior,7
2023-08-07,2023-08-14,1,0.00752694356179,0.523932063819,0.540077155783,0.50832246745,0.524199811616,1,0.5,2023-08-01,0.523932063819,historical_prior,7
2023-08-08,2023-08-15,0,-0.0191606299139,0.523932063819,0.540077155783,0.509268083135,0.524672619459,1,0.5,2023-08-01,0.523932063819,historical_prior,7
2023-08-09,2023-08-16,0,-0.0287837295598,0.523932063819,0.540077155783,0.508464271968,0.524270713875,1,0.5,2023-08-01,0.523932063819,historical_prior,7
2023-08-10,2023-08-17,0,-0.0961557590623,0.523932063819,0.540077155783,0.508209088458,0.524143122121,1,0.5,2023-08-01,0.523932063819,historical_prior,7
2023-08-11,2023-08-18,0,-0.11459343989,0.523932063819,0.540077155783,0.50832967765,0.524203416717,1,0.5,2023-08-01,0.523932063819,historical_prior,7
2023-08-12,2023-08-19,0,-0.113154630096,0.523932063819,0.540077155783,0.506008874838,0.52304301531,1,0.5,2023-08-01,0.523932063819,historical_prior,7
2023-08-13,2023-08-20,0,-0.106260817695,0.523932063819,0.540077155783,0.505735244191,0.522906199987,1,0.5,2023-08-01,0.523932063819,historical_prior,7
2023-08-14,2023-08-21,0,-0.112263187062,0.523932063819,0.540077155783,0.505921210297,0.52299918304,1,0.5,2023-08-01,0.523932063819,historical_prior,7
2023-08-15,2023-08-22,0,-0.107671232877,0.523932063819,0.540077155783,0.506558616404,0.523317886093,1,0.5,2023-08-01,0.523932063819,historical_prior,7
2023-08-16,2023-08-23,0,-0.0799773481223,0.523932063819,0.540077155783,0.506705875925,0.523391515854,1,0.5,2023-08-01,0.523932063819,historical_prior,7
2023-08-17,2023-08-24,0,-0.0166530132691,0.523932063819,0.489196144163,0.511327085355,0.500261614759,1,0.5,2023-08-01,0.523932063819,historical_prior,7
2023-08-18,2023-08-25,1,0.000230674752437,0.523932063819,0.523696929939,0.511386558875,0.517541744407,1,0.5,2023-08-01,0.523932063819,historical_prior,7
2023-08-19,2023-08-26,0,-0.00316628231177,0.523932063819,0.523696929939,0.511529741727,0.517613335833,1,0.5,2023-08-01,0.523932063819,historical_prior,7
2023-08-20,2023-08-27,0,-0.00336846253091,0.523932063819,0.523696929939,0.511311700209,0.517504315074,1,0.5,2023-08-01,0.523932063819,historical_prior,7
2023-08-21,2023-08-28,0,-0.000264860917399,0.523932063819,0.523696929939,0.511540962732,0.517618946336,1,0.5,2023-08-01,0.523932063819,historical_prior,7
2023-08-22,2023-08-29,1,0.0637219834203,0.523932063819,0.523696929939,0.510887476258,0.517292203099,1,0.5,2023-08-01,0.523932063819,historical_prior,7
2023-08-23,2023-08-30,1,0.0328104712644,0.523932063819,0.523696929939,0.511129207625,0.517413068782,1,0.5,2023-08-01,0.523932063819,historical_prior,7
2023-08-24,2023-08-31,0,-0.00913940194919,0.523932063819,0.523696929939,0.508903178715,0.516300054327,1,0.5,2023-08-01,0.523932063819,historical_prior,7
2023-08-25,2023-09-01,0,-0.00978357260799,0.523932063819,0.523696929939,0.508110967985,0.515903948962,1,0.5,2023-08-01,0.523932063819,historical_prior,7
2023-08-26,2023-09-02,0,-0.00568312631138,0.523932063819,0.523696929939,0.508294336849,0.515995633394,1,0.5,2023-08-01,0.523932063819,historical_prior,7
2023-08-27,2023-09-03,0,-0.00500195963722,0.523932063819,0.523696929939,0.508304962098,0.516000946019,1,0.5,2023-08-01,0.523932063819,historical_prior,7
2023-08-28,2023-09-04,0,-0.0112549770291,0.523932063819,0.523696929939,0.508193796554,0.515945363247,1,0.5,2023-08-01,0.523932063819,historical_prior,7
2023-08-29,2023-09-05,0,-0.069426194079,0.523932063819,0.489196144163,0.510686170712,0.499941157437,1,0.5,2023-08-01,0.523932063819,historical_prior,7
2023-08-30,2023-09-06,0,-0.0564117422754,0.523932063819,0.523696929939,0.511210405329,0.517453667634,1,0.5,2023-08-01,0.523932063819,historical_prior,7
2023-08-31,2023-09-07,1,0.0121129742436,0.523932063819,0.523696929939,0.511368268999,0.517532599469,1,0.5,2023-08-01,0.523932063819,historical_prior,7
2023-09-01,2023-09-08,1,0.00408640944311,0.521276595745,0.522827480133,0.507855056627,0.51534126838,1,0.5,2023-09-01,0.521276595745,historical_prior,7
2023-09-02,2023-09-09,1,0.00124084298466,0.521276595745,0.522827480133,0.50783093622,0.515329208176,1,0.5,2023-09-01,0.521276595745,historical_prior,7
2023-09-03,2023-09-10,0,-0.00499014100614,0.521276595745,0.522827480133,0.508062312503,0.515444896318,1,0.5,2023-09-01,0.521276595745,historical_prior,7
2023-09-04,2023-09-11,0,-0.0256911440477,0.521276595745,0.522827480133,0.508096467736,0.515461973934,1,0.5,2023-09-01,0.521276595745,historical_prior,7
2023-09-05,2023-09-12,1,0.00186103496807,0.521276595745,0.522827480133,0.509642535435,0.516235007784,1,0.5,2023-09-01,0.521276595745,historical_prior,7
2023-09-06,2023-09-13,1,0.0179367584176,0.521276595745,0.522827480133,0.509060476087,0.51594397811,1,0.5,2023-09-01,0.521276595745,historical_prior,7
2023-09-07,2023-09-14,1,0.0101972957532,0.521276595745,0.522827480133,0.507187429184,0.515007454659,1,0.5,2023-09-01,0.521276595745,historical_prior,7
2023-09-08,2023-09-15,1,0.0266108334459,0.521276595745,0.522827480133,0.507228615662,0.515028047898,1,0.5,2023-09-01,0.521276595745,historical_prior,7
2023-09-09,2023-09-16,1,0.025406142707,0.521276595745,0.522827480133,0.50744180902,0.515134644576,1,0.5,2023-09-01,0.521276595745,historical_prior,7
2023-09-10,2023-09-17,1,0.026542463879,0.521276595745,0.522827480133,0.507562864826,0.51519517248,1,0.5,2023-09-01,0.521276595745,historical_prior,7
2023-09-11,2023-09-18,1,0.0635862385802,0.521276595745,0.522827480133,0.507532284131,0.515179882132,1,0.5,2023-09-01,0.521276595745,historical_prior,7
2023-09-12,2023-09-19,1,0.0530245625984,0.521276595745,0.522827480133,0.508334714276,0.515581097205,1,0.5,2023-09-01,0.521276595745,historical_prior,7
2023-09-13,2023-09-20,1,0.0344367325147,0.521276595745,0.522827480133,0.50839452945,0.515611004792,1,0.5,2023-09-01,0.521276595745,historical_prior,7
2023-09-14,2023-09-21,1,0.00170985415151,0.521276595745,0.522827480133,0.509330580711,0.516079030422,1,0.5,2023-09-01,0.521276595745,historical_prior,7
2023-09-15,2023-09-22,0,-0.000746616541353,0.521276595745,0.522827480133,0.509442291302,0.516134885717,1,0.5,2023-09-01,0.521276595745,historical_prior,7
2023-09-16,2023-09-23,1,0.000613335933767,0.521276595745,0.522827480133,0.508450195053,0.515638837593,1,0.5,2023-09-01,0.521276595745,historical_prior,7
2023-09-17,2023-09-24,0,-0.0105222842249,0.521276595745,0.522827480133,0.508749328566,0.51578840435,1,0.5,2023-09-01,0.521276595745,historical_prior,7
2023-09-18,2023-09-25,0,-0.0171022822598,0.521276595745,0.522827480133,0.508076086058,0.515451783096,1,0.5,2023-09-01,0.521276595745,historical_prior,7
2023-09-19,2023-09-26,0,-0.0363315161266,0.521276595745,0.522827480133,0.508926230713,0.515876855423,1,0.5,2023-09-01,0.521276595745,historical_prior,7
2023-09-20,2023-09-27,0,-0.0277238709677,0.521276595745,0.522827480133,0.50938324881,0.516105364471,1,0.5,2023-09-01,0.521276595745,historical_prior,7
2023-09-21,2023-09-28,1,0.0170622039681,0.521276595745,0.522827480133,0.509983254436,0.516405367285,1,0.5,2023-09-01,0.521276595745,historical_prior,7
2023-09-22,2023-09-29,1,0.0122956462983,0.521276595745,0.522827480133,0.509463020459,0.516145250296,1,0.5,2023-09-01,0.521276595745,historical_prior,7
2023-09-23,2023-09-30,1,0.0145469815578,0.521276595745,0.522827480133,0.509665984518,0.516246732326,1,0.5,2023-09-01,0.521276595745,historical_prior,7
2023-09-24,2023-10-01,1,0.0664494342127,0.521276595745,0.522827480133,0.50981401978,0.516320749957,1,0.5,2023-09-01,0.521276595745,historical_prior,7
2023-09-25,2023-10-02,1,0.045227469805,0.521276595745,0.522827480133,0.510113795605,0.516470637869,1,0.5,2023-09-01,0.521276595745,historical_prior,7
2023-09-26,2023-10-03,1,0.0459463489549,0.521276595745,0.522827480133,0.510436034068,0.516631757101,1,0.5,2023-09-01,0.521276595745,historical_prior,7
2023-09-27,2023-10-04,1,0.0532961943261,0.521276595745,0.522827480133,0.510381781329,0.516604630731,1,0.5,2023-09-01,0.521276595745,historical_prior,7
2023-09-28,2023-10-05,1,0.0143960025743,0.521276595745,0.522827480133,0.505814341203,0.514320910668,1,0.5,2023-09-01,0.521276595745,historical_prior,7
2023-09-29,2023-10-06,1,0.0380618992261,0.521276595745,0.522827480133,0.506132649015,0.514480064574,1,0.5,2023-09-01,0.521276595745,historical_prior,7
2023-09-30,2023-10-07,1,0.0368700153101,0.521276595745,0.522827480133,0.505298955806,0.514063217969,1,0.5,2023-09-01,0.521276595745,historical_prior,7
2023-10-01,2023-10-08,0,-0.00269785875323,0.521956087824,0.524983792601,0.507561907592,0.516272850097,1,0.5,2023-10-01,0.521956087824,historical_prior,7
2023-10-02,2023-10-09,1,0.00347742149251,0.521956087824,0.524983792601,0.507905393584,0.516444593092,1,0.5,2023-10-01,0.521956087824,historical_prior,7
2023-10-03,2023-10-10,0,-0.00132499783056,0.521956087824,0.524983792601,0.507703167281,0.516343479941,1,0.5,2023-10-01,0.521956087824,historical_prior,7
2023-10-04,2023-10-11,0,-0.0325088728469,0.521956087824,0.524983792601,0.508103472509,0.516543632555,1,0.5,2023-10-01,0.521956087824,historical_prior,7
2023-10-05,2023-10-12,0,-0.0237413623082,0.521956087824,0.524983792601,0.509044946327,0.517014369464,1,0.5,2023-10-01,0.521956087824,historical_prior,7
2023-10-06,2023-10-13,0,-0.038275985649,0.521956087824,0.524983792601,0.509196671475,0.517090232038,1,0.5,2023-10-01,0.521956087824,historical_prior,7
2023-10-07,2023-10-14,0,-0.0394964779425,0.521956087824,0.524983792601,0.508437399959,0.51671059628,1,0.5,2023-10-01,0.521956087824,historical_prior,7
2023-10-08,2023-10-15,0,-0.0273273859523,0.521956087824,0.524983792601,0.50974456745,0.517364180026,1,0.5,2023-10-01,0.521956087824,historical_prior,7
2023-10-09,2023-10-16,1,0.0330067429935,0.521956087824,0.524983792601,0.509384761171,0.517184276886,1,0.5,2023-10-01,0.521956087824,historical_prior,7
2023-10-10,2023-10-17,1,0.0367209052023,0.521956087824,0.524983792601,0.509435162724,0.517209477663,1,0.5,2023-10-01,0.521956087824,historical_prior,7
2023-10-11,2023-10-18,1,0.0537470530803,0.521956087824,0.524983792601,0.510276329075,0.517630060838,1,0.5,2023-10-01,0.521956087824,historical_prior,7
2023-10-12,2023-10-19,1,0.0730234311909,0.521956087824,0.524983792601,0.50852760814,0.516755700371,1,0.5,2023-10-01,0.521956087824,historical_prior,7
2023-10-13,2023-10-20,1,0.104498548135,0.521956087824,0.524983792601,0.508461210942,0.516722501771,1,0.5,2023-10-01,0.521956087824,historical_prior,7
2023-10-14,2023-10-21,1,0.113856150344,0.521956087824,0.524983792601,0.508025048707,0.516504420654,1,0.5,2023-10-01,0.521956087824,historical_prior,7
2023-10-15,2023-10-22,1,0.104525827544,0.521956087824,0.524983792601,0.508008169012,0.516495980806,1,0.5,2023-10-01,0.521956087824,historical_prior,7
2023-10-16,2023-10-23,1,0.160318770223,0.521956087824,0.486454510334,0.50966158009,0.498058045212,1,0.5,2023-10-01,0.521956087824,historical_prior,7
2023-10-17,2023-10-24,1,0.194634368119,0.521956087824,0.486454510334,0.50950073149,0.497977620912,1,0.5,2023-10-01,0.521956087824,historical_prior,7
2023-10-18,2023-10-25,1,0.218080861582,0.521956087824,0.486454510334,0.508652226311,0.497553368323,1,0.5,2023-10-01,0.521956087824,historical_prior,7
2023-10-19,2023-10-26,1,0.189385140409,0.521956087824,0.534725513003,0.507968247416,0.521346880209,1,0.5,2023-10-01,0.521956087824,historical_prior,7
2023-10-20,2023-10-27,1,0.142336253549,0.521956087824,0.534725513003,0.508896993308,0.521811253156,1,0.5,2023-10-01,0.521956087824,historical_prior,7
2023-10-21,2023-10-28,1,0.139459307652,0.521956087824,0.534725513003,0.509098484458,0.52191199873,1,0.5,2023-10-01,0.521956087824,historical_prior,7
2023-10-22,2023-10-29,1,0.151152322951,0.521956087824,0.534725513003,0.50940637354,0.522065943272,1,0.5,2023-10-01,0.521956087824,historical_prior,7
2023-10-23,2023-10-30,1,0.0424777872627,0.521956087824,0.534725513003,0.516249898093,0.525487705548,1,0.5,2023-10-01,0.521956087824,historical_prior,7
2023-10-24,2023-10-31,1,0.0211374497277,0.521956087824,0.534725513003,0.516488796503,0.525607154753,1,0.5,2023-10-01,0.521956087824,historical_prior,7
2023-10-25,2023-11-01,1,0.0268256800416,0.521956087824,0.534725513003,0.516368807676,0.525547160339,1,0.5,2023-10-01,0.521956087824,historical_prior,7
2023-10-26,2023-11-02,1,0.0231300616134,0.521956087824,0.534725513003,0.516976595526,0.525851054264,1,0.5,2023-10-01,0.521956087824,historical_prior,7
2023-10-27,2023-11-03,1,0.0243349319397,0.521956087824,0.534725513003,0.517887852181,0.526306682592,1,0.5,2023-10-01,0.521956087824,historical_prior,7
2023-10-28,2023-11-04,1,0.0287864205863,0.521956087824,0.534725513003,0.517247692763,0.525986602883,1,0.5,2023-10-01,0.521956087824,historical_prior,7
2023-10-29,2023-11-05,1,0.014076103469,0.521956087824,0.534725513003,0.517403411666,0.526064462334,1,0.5,2023-10-01,0.521956087824,historical_prior,7
2023-10-30,2023-11-06,1,0.0165732987612,0.521956087824,0.534725513003,0.520232775788,0.527479144395,1,0.5,2023-10-01,0.521956087824,historical_prior,7
2023-10-31,2023-11-07,1,0.021921334928,0.521956087824,0.534725513003,0.51935786419,0.527041688596,1,0.5,2023-10-01,0.521956087824,historical_prior,7
2023-11-01,2023-11-08,1,0.00573918105508,0.525798525799,0.538144963145,0.525728444461,0.531936703803,1,0.5,2023-11-01,0.525798525799,historical_prior,7
2023-11-02,2023-11-09,1,0.0503554646483,0.525798525799,0.538144963145,0.525661755456,0.5319033593,1,0.5,2023-11-01,0.525798525799,historical_prior,7
2023-11-03,2023-11-10,1,0.0744553498337,0.525798525799,0.538144963145,0.525127695552,0.531636329349,1,0.5,2023-11-01,0.525798525799,historical_prior,7
2023-11-04,2023-11-11,1,0.0589791190309,0.525798525799,0.538144963145,0.525518851911,0.531831907528,1,0.5,2023-11-01,0.525798525799,historical_prior,7
2023-11-05,2023-11-12,1,0.0586158184022,0.525798525799,0.538144963145,0.525266716701,0.531705839923,1,0.5,2023-11-01,0.525798525799,historical_prior,7
2023-11-06,2023-11-13,1,0.0404279050816,0.525798525799,0.538144963145,0.525203339508,0.531674151327,1,0.5,2023-11-01,0.525798525799,historical_prior,7
2023-11-07,2023-11-14,1,0.00429586950184,0.525798525799,0.538144963145,0.525369724868,0.531757344007,1,0.5,2023-11-01,0.525798525799,historical_prior,7
2023-11-08,2023-11-15,1,0.0626946681967,0.525798525799,0.538144963145,0.52616446891,0.532154716027,1,0.5,2023-11-01,0.525798525799,historical_prior,7
2023-11-09,2023-11-16,0,-0.0146475213679,0.525798525799,0.538144963145,0.526185849898,0.532165406521,1,0.5,2023-11-01,0.525798525799,historical_prior,7
2023-11-10,2023-11-17,0,-0.0184364597472,0.525798525799,0.538144963145,0.526268669187,0.532206816166,1,0.5,2023-11-01,0.525798525799,historical_prior,7
2023-11-11,2023-11-18,0,-0.0151333153784,0.525798525799,0.538144963145,0.526656520198,0.532400741672,1,0.5,2023-11-01,0.525798525799,historical_prior,7
2023-11-12,2023-11-19,1,0.00797887337434,0.525798525799,0.538144963145,0.526549147955,0.53234705555,1,0.5,2023-11-01,0.525798525799,historical_prior,7
2023-11-13,2023-11-20,1,0.0270370483118,0.525798525799,0.538144963145,0.526816017025,0.532480490085,1,0.5,2023-11-01,0.525798525799,historical_prior,7
2023-11-14,2023-11-21,1,0.00535734528155,0.525798525799,0.538144963145,0.527205353464,0.532675158304,1,0.5,2023-11-01,0.525798525799,historical_prior,7
2023-11-15,2023-11-22,0,-0.0118827625191,0.525798525799,0.538144963145,0.526642804232,0.532393883688,1,0.5,2023-11-01,0.525798525799,historical_prior,7
2023-11-16,2023-11-23,1,0.0312682590822,0.525798525799,0.538144963145,0.528541679994,0.53334332157,1,0.5,2023-11-01,0.525798525799,historical_prior,7
2023-11-17,2023-11-24,1,0.0300336593296,0.525798525799,0.538144963145,0.529051035409,0.533597999277,1,0.5,2023-11-01,0.525798525799,historical_prior,7
2023-11-18,2023-11-25,1,0.0331592289454,0.525798525799,0.538144963145,0.528527270956,0.533336117051,1,0.5,2023-11-01,0.525798525799,historical_prior,7
2023-11-19,2023-11-26,1,0.00234395953304,0.525798525799,0.538144963145,0.527371565784,0.532758264464,1,0.5,2023-11-01,0.525798525799,historical_prior,7
2023-11-20,2023-11-27,0,-0.00550298300772,0.525798525799,0.538144963145,0.526709700989,0.532427332067,1,0.5,2023-11-01,0.525798525799,historical_prior,7
2023-11-21,2023-11-28,1,0.0581176302717,0.525798525799,0.538144963145,0.526882902584,0.532513932864,1,0.5,2023-11-01,0.525798525799,historical_prior,7
2023-11-22,2023-11-29,1,0.0119304946437,0.525798525799,0.538144963145,0.522916207193,0.530530585169,1,0.5,2023-11-01,0.525798525799,historical_prior,7
2023-11-23,2023-11-30,1,0.0115213378566,0.525798525799,0.538144963145,0.52071943328,0.529432198213,1,0.5,2023-11-01,0.525798525799,historical_prior,7
2023-11-24,2023-12-01,1,0.0256923436312,0.525798525799,0.538144963145,0.520512277128,0.529328620136,1,0.5,2023-11-01,0.525798525799,historical_prior,7
2023-11-25,2023-12-02,1,0.0441940283219,0.525798525799,0.538144963145,0.520717473238,0.529431218192,1,0.5,2023-11-01,0.525798525799,historical_prior,7
2023-11-26,2023-12-03,1,0.0674233185028,0.525798525799,0.538144963145,0.521510233752,0.529827598449,1,0.5,2023-11-01,0.525798525799,historical_prior,7
2023-11-27,2023-12-04,1,0.127498811848,0.525798525799,0.538144963145,0.521419606493,0.529782284819,1,0.5,2023-11-01,0.525798525799,historical_prior,7
2023-11-28,2023-12-05,1,0.165379081924,0.525798525799,0.538144963145,0.519853187045,0.528999075095,1,0.5,2023-11-01,0.525798525799,historical_prior,7
2023-11-29,2023-12-06,1,0.156072016535,0.525798525799,0.538144963145,0.521106439879,0.529625701512,1,0.5,2023-11-01,0.525798525799,historical_prior,7
2023-11-30,2023-12-07,1,0.147099615205,0.525798525799,0.538144963145,0.520888111893,0.529516537519,1,0.5,2023-11-01,0.525798525799,historical_prior,7
2023-12-01,2023-12-08,1,0.141885016798,0.530266343826,0.548431716345,0.526346786968,0.537389251657,1,0.5,2023-12-01,0.530266343826,historical_prior,7
2023-12-02,2023-12-09,1,0.108066214875,0.530266343826,0.548431716345,0.527084059287,0.537757887816,1,0.5,2023-12-01,0.530266343826,historical_prior,7
2023-12-03,2023-12-10,1,0.0954974775006,0.530266343826,0.548431716345,0.527214972735,0.53782334454,1,0.5,2023-12-01,0.530266343826,historical_prior,7
2023-12-04,2023-12-11,0,-0.0175680084589,0.530266343826,0.548431716345,0.527935218476,0.538183467411,1,0.5,2023-12-01,0.530266343826,historical_prior,7
2023-12-05,2023-12-12,0,-0.0585599178823,0.530266343826,0.548431716345,0.529464730051,0.538948223198,1,0.5,2023-12-01,0.530266343826,historical_prior,7
2023-12-06,2023-12-13,0,-0.0204205911474,0.530266343826,0.548431716345,0.529446517301,0.538939116823,1,0.5,2023-12-01,0.530266343826,historical_prior,7
2023-12-07,2023-12-14,0,-0.00579759176247,0.530266343826,0.548431716345,0.528994284242,0.538713000293,1,0.5,2023-12-01,0.530266343826,historical_prior,7
2023-12-08,2023-12-15,0,-0.0505012452743,0.530266343826,0.548431716345,0.529673060818,0.539052388581,1,0.5,2023-12-01,0.530266343826,historical_prior,7
2023-12-09,2023-12-16,0,-0.0328403517441,0.530266343826,0.548431716345,0.528888800767,0.538660258556,1,0.5,2023-12-01,0.530266343826,historical_prior,7
2023-12-10,2023-12-17,0,-0.0551469975343,0.530266343826,0.548431716345,0.528612688754,0.538522202549,1,0.5,2023-12-01,0.530266343826,historical_prior,7
2023-12-11,2023-12-18,1,0.0340432546166,0.530266343826,0.548431716345,0.530783430783,0.539607573564,1,0.5,2023-12-01,0.530266343826,historical_prior,7
2023-12-12,2023-12-19,1,0.0188853907909,0.530266343826,0.548431716345,0.532136970345,0.540284343345,1,0.5,2023-12-01,0.530266343826,historical_prior,7
2023-12-13,2023-12-20,1,0.0186591579049,0.530266343826,0.548431716345,0.532998239017,0.540714977681,1,0.5,2023-12-01,0.530266343826,historical_prior,7
2023-12-14,2023-12-21,1,0.0195140841044,0.530266343826,0.548431716345,0.53337627584,0.540903996092,1,0.5,2023-12-01,0.530266343826,historical_prior,7
2023-12-15,2023-12-22,1,0.0483720908053,0.530266343826,0.548431716345,0.530527548484,0.539479632415,1,0.5,2023-12-01,0.530266343826,historical_prior,7
2023-12-16,2023-12-23,1,0.033684871315,0.530266343826,0.548431716345,0.531154260812,0.539792988579,1,0.5,2023-12-01,0.530266343826,historical_prior,7
2023-12-17,2023-12-24,1,0.0390782761909,0.530266343826,0.548431716345,0.530756091467,0.539593903906,1,0.5,2023-12-01,0.530266343826,historical_prior,7
2023-12-18,2023-12-25,1,0.0215278331278,0.530266343826,0.548431716345,0.529815292854,0.539123504599,1,0.5,2023-12-01,0.530266343826,historical_prior,7
2023-12-19,2023-12-26,1,0.00550998332623,0.530266343826,0.548431716345,0.529051868939,0.538741792642,1,0.5,2023-12-01,0.530266343826,historical_prior,7
2023-12-20,2023-12-27,0,-0.00549773030848,0.530266343826,0.548431716345,0.530393549158,0.539412632752,1,0.5,2023-12-01,0.530266343826,historical_prior,7
2023-12-21,2023-12-28,0,-0.0295938607171,0.530266343826,0.548431716345,0.531257931626,0.539844823986,1,0.5,2023-12-01,0.530266343826,historical_prior,7
2023-12-22,2023-12-29,0,-0.0432597573202,0.530266343826,0.548431716345,0.528361707281,0.538396711813,1,0.5,2023-12-01,0.530266343826,historical_prior,7
2023-12-23,2023-12-30,0,-0.0357391945844,0.530266343826,0.548431716345,0.52864575575,0.538538736048,1,0.5,2023-12-01,0.530266343826,historical_prior,7
2023-12-24,2023-12-31,0,-0.0164665108219,0.530266343826,0.548431716345,0.527680871151,0.538056293748,1,0.5,2023-12-01,0.530266343826,historical_prior,7
2023-12-25,2024-01-01,1,0.0138474894397,0.530266343826,0.548431716345,0.528562732121,0.538497224233,1,0.5,2023-12-01,0.530266343826,historical_prior,7
2023-12-26,2024-01-02,1,0.057352184588,0.530266343826,0.548431716345,0.528674803486,0.538553259916,1,0.5,2023-12-01,0.530266343826,historical_prior,7
2023-12-27,2024-01-03,0,-0.0134385322199,0.530266343826,0.548431716345,0.529990199816,0.539210958081,1,0.5,2023-12-01,0.530266343826,historical_prior,7
2023-12-28,2024-01-04,1,0.0372932278539,0.530266343826,0.548431716345,0.529521346716,0.538976531531,1,0.5,2023-12-01,0.530266343826,historical_prior,7
2023-12-29,2024-01-05,1,0.0494012520518,0.530266343826,0.548431716345,0.529519552394,0.53897563437,1,0.5,2023-12-01,0.530266343826,historical_prior,7
2023-12-30,2024-01-06,1,0.0433798731285,0.530266343826,0.548431716345,0.529495318991,0.538963517668,1,0.5,2023-12-01,0.530266343826,historical_prior,7
2023-12-31,2024-01-07,1,0.0389143965577,0.530266343826,0.548431716345,0.52801240174,0.538222059043,1,0.5,2023-12-01,0.530266343826,historical_prior,7
2024-01-01,2024-01-08,1,0.0627324180531,0.531488549618,0.550678423465,0.530196242994,0.540437333229,1,0.5,2024-01-01,0.531488549618,historical_prior,7
2024-01-02,2024-01-09,1,0.0258769735228,0.531488549618,0.550678423465,0.528852004696,0.539765214081,1,0.5,2024-01-01,0.531488549618,historical_prior,7
2024-01-03,2024-01-10,1,0.0888957767294,0.531488549618,0.550678423465,0.52788608491,0.539282254188,1,0.5,2024-01-01,0.531488549618,historical_prior,7
2024-01-04,2024-01-11,1,0.0495584481474,0.531488549618,0.550678423465,0.524887623993,0.537783023729,1,0.5,2024-01-01,0.531488549618,historical_prior,7
2024-01-05,2024-01-12,0,-0.0308614023161,0.531488549618,0.550678423465,0.524707181614,0.53769280254,1,0.5,2024-01-01,0.531488549618,historical_prior,7
2024-01-06,2024-01-13,0,-0.0254803913363,0.531488549618,0.550678423465,0.525146109652,0.537912266558,1,0.5,2024-01-01,0.531488549618,historical_prior,7
2024-01-07,2024-01-14,0,-0.0500049853149,0.531488549618,0.550678423465,0.524361211891,0.537519817678,1,0.5,2024-01-01,0.531488549618,historical_prior,7
2024-01-08,2024-01-15,0,-0.094565317403,0.531488549618,0.550678423465,0.527757454498,0.539217938981,1,0.5,2024-01-01,0.531488549618,historical_prior,7
2024-01-09,2024-01-16,0,-0.0644556495337,0.531488549618,0.550678423465,0.528437766109,0.539558094787,1,0.5,2024-01-01,0.531488549618,historical_prior,7
2024-01-10,2024-01-17,0,-0.0831202218717,0.531488549618,0.550678423465,0.52765519835,0.539166810908,1,0.5,2024-01-01,0.531488549618,historical_prior,7
2024-01-11,2024-01-18,0,-0.108151723078,0.531488549618,0.550678423465,0.528564734893,0.539621579179,1,0.5,2024-01-01,0.531488549618,historical_prior,7
2024-01-12,2024-01-19,0,-0.0262652710568,0.531488549618,0.550678423465,0.529152469921,0.539915446693,1,0.5,2024-01-01,0.531488549618,historical_prior,7
2024-01-13,2024-01-20,0,-0.0268845749824,0.531488549618,0.550678423465,0.528873233516,0.539775828491,1,0.5,2024-01-01,0.531488549618,historical_prior,7
2024-01-14,2024-01-21,0,-0.00364273758847,0.531488549618,0.550678423465,0.529787076352,0.540232749909,1,0.5,2024-01-01,0.531488549618,historical_prior,7
2024-01-15,2024-01-22,0,-0.0692308597049,0.531488549618,0.550678423465,0.531987835107,0.541333129286,1,0.5,2024-01-01,0.531488549618,historical_prior,7
2024-01-16,2024-01-23,0,-0.0751159941536,0.531488549618,0.550678423465,0.532049072647,0.541363748056,1,0.5,2024-01-01,0.531488549618,historical_prior,7
2024-01-17,2024-01-24,0,-0.0629141039038,0.531488549618,0.550678423465,0.531097633924,0.540888028694,1,0.5,2024-01-01,0.531488549618,historical_prior,7
2024-01-18,2024-01-25,0,-0.0330629725969,0.531488549618,0.550678423465,0.531497286444,0.541087854954,1,0.5,2024-01-01,0.531488549618,historical_prior,7
2024-01-19,2024-01-26,1,0.00394824363409,0.531488549618,0.550678423465,0.527097388619,0.538887906042,1,0.5,2024-01-01,0.531488549618,historical_prior,7
2024-01-20,2024-01-27,1,0.0101829814054,0.531488549618,0.550678423465,0.526981088198,0.538829755832,1,0.5,2024-01-01,0.531488549618,historical_prior,7
2024-01-21,2024-01-28,1,0.0108399813085,0.531488549618,0.550678423465,0.525928921059,0.538303672262,1,0.5,2024-01-01,0.531488549618,historical_prior,7
2024-01-22,2024-01-29,1,0.0943863251181,0.531488549618,0.550678423465,0.527454567715,0.53906649559,1,0.5,2024-01-01,0.531488549618,historical_prior,7
2024-01-23,2024-01-30,1,0.0762827839269,0.531488549618,0.550678423465,0.528580385804,0.539629404634,1,0.5,2024-01-01,0.531488549618,historical_prior,7
2024-01-24,2024-01-31,1,0.0622459141701,0.531488549618,0.550678423465,0.527717363703,0.539197893584,1,0.5,2024-01-01,0.531488549618,historical_prior,7
2024-01-25,2024-02-01,1,0.0781222434123,0.531488549618,0.550678423465,0.527241261121,0.538959842293,1,0.5,2024-01-01,0.531488549618,historical_prior,7
2024-01-26,2024-02-02,1,0.0329118718156,0.531488549618,0.550678423465,0.527250572685,0.538964498075,1,0.5,2024-01-01,0.531488549618,historical_prior,7
2024-01-27,2024-02-03,1,0.0211407094338,0.531488549618,0.550678423465,0.527943850548,0.539311137007,1,0.5,2024-01-01,0.531488549618,historical_prior,7
2024-01-28,2024-02-04,1,0.0131288623223,0.531488549618,0.550678423465,0.528240892977,0.539459658221,1,0.5,2024-01-01,0.531488549618,historical_prior,7
2024-01-29,2024-02-05,0,-0.0137173894468,0.531488549618,0.550678423465,0.526639099916,0.53865876169,1,0.5,2024-01-01,0.531488549618,historical_prior,7
2024-01-30,2024-02-06,1,0.00367596545035,0.531488549618,0.550678423465,0.526831873941,0.538755148703,1,0.5,2024-01-01,0.531488549618,historical_prior,7
2024-01-31,2024-02-07,1,0.0415594175669,0.531488549618,0.550678423465,0.524828357693,0.537753390579,1,0.5,2024-01-01,0.531488549618,historical_prior,7
2024-02-01,2024-02-08,1,0.0511968310426,0.531264692055,0.549524204435,0.523700236232,0.536612220334,1,0.5,2024-02-01,0.531264692055,historical_prior,7
2024-02-02,2024-02-09,1,0.0910363425926,0.531264692055,0.549524204435,0.526513357458,0.538018780947,1,0.5,2024-02-01,0.531264692055,historical_prior,7
2024-02-03,2024-02-10,1,0.110204135724,0.531264692055,0.549524204435,0.52537497258,0.537449588507,1,0.5,2024-02-01,0.531264692055,historical_prior,7
2024-02-04,2024-02-11,1,0.134258415589,0.531264692055,0.549524204435,0.525333664547,0.537428934491,1,0.5,2024-02-01,0.531264692055,historical_prior,7
2024-02-05,2024-02-12,1,0.168784580191,0.531264692055,0.549524204435,0.526592420757,0.538058312596,1,0.5,2024-02-01,0.531264692055,historical_prior,7
2024-02-06,2024-02-13,1,0.153150830821,0.531264692055,0.491084156088,0.526341953697,0.508713054893,1,0.5,2024-02-01,0.531264692055,historical_prior,7
2024-02-07,2024-02-14,1,0.167883588578,0.531264692055,0.549524204435,0.522297808692,0.535911006563,1,0.5,2024-02-01,0.531264692055,historical_prior,7
2024-02-08,2024-02-15,1,0.145540880552,0.531264692055,0.549524204435,0.523472978275,0.536498591355,1,0.5,2024-02-01,0.531264692055,historical_prior,7
2024-02-09,2024-02-16,1,0.105899568389,0.531264692055,0.549524204435,0.523606894363,0.536565549399,1,0.5,2024-02-01,0.531264692055,historical_prior,7
2024-02-10,2024-02-17,1,0.0814965689788,0.531264692055,0.549524204435,0.523723898618,0.536624051527,1,0.5,2024-02-01,0.531264692055,historical_prior,7
2024-02-11,2024-02-18,1,0.0794550889141,0.531264692055,0.549524204435,0.523861459939,0.536692832187,1,0.5,2024-02-01,0.531264692055,historical_prior,7
2024-02-12,2024-02-19,1,0.0372107689383,0.531264692055,0.549524204435,0.524220478191,0.536872341313,1,0.5,2024-02-01,0.531264692055,historical_prior,7
2024-02-13,2024-02-20,1,0.0514939861677,0.531264692055,0.549524204435,0.525174586249,0.537349395342,1,0.5,2024-02-01,0.531264692055,historical_prior,7
2024-02-14,2024-02-21,1,0.00104681575521,0.531264692055,0.549524204435,0.525960787267,0.537742495851,1,0.5,2024-02-01,0.531264692055,historical_prior,7
2024-02-15,2024-02-22,0,-0.0114028527371,0.531264692055,0.549524204435,0.526174311596,0.537849258015,1,0.5,2024-02-01,0.531264692055,historical_prior,7
2024-02-16,2024-02-23,0,-0.0264745047925,0.531264692055,0.549524204435,0.527882983371,0.538703593903,1,0.5,2024-02-01,0.531264692055,historical_prior,7
2024-02-17,2024-02-24,0,-0.00144105723487,0.531264692055,0.549524204435,0.5290573031,0.539290753768,1,0.5,2024-02-01,0.531264692055,historical_prior,7
2024-02-18,2024-02-25,0,-0.0078411635963,0.531264692055,0.549524204435,0.529180442631,0.539352323533,1,0.5,2024-02-01,0.531264692055,historical_prior,7
2024-02-19,2024-02-26,1,0.0521825995037,0.531264692055,0.549524204435,0.530446492519,0.539985348477,1,0.5,2024-02-01,0.531264692055,historical_prior,7
2024-02-20,2024-02-27,1,0.0914394928933,0.531264692055,0.549524204435,0.530341915572,0.539933060003,1,0.5,2024-02-01,0.531264692055,historical_prior,7
2024-02-21,2024-02-28,1,0.204104812033,0.531264692055,0.549524204435,0.532289709423,0.540906956929,1,0.5,2024-02-01,0.531264692055,historical_prior,7
2024-02-22,2024-02-29,1,0.191906087183,0.531264692055,0.549524204435,0.532244418756,0.540884311595,1,0.5,2024-02-01,0.531264692055,historical_prior,7
2024-02-23,2024-03-01,1,0.2294599476,0.531264692055,0.549524204435,0.53242174612,0.540972975277,1,0.5,2024-02-01,0.531264692055,historical_prior,7
2024-02-24,2024-03-02,1,0.202044204745,0.531264692055,0.549524204435,0.532154157371,0.540839180903,1,0.5,2024-02-01,0.531264692055,historical_prior,7
2024-02-25,2024-03-03,1,0.220092269594,0.531264692055,0.549524204435,0.530088114136,0.539806159286,1,0.5,2024-02-01,0.531264692055,historical_prior,7
2024-02-26,2024-03-04,1,0.252755731052,0.531264692055,0.549524204435,0.530502942353,0.540013573394,1,0.5,2024-02-01,0.531264692055,historical_prior,7
2024-02-27,2024-03-05,1,0.117233201969,0.531264692055,0.549524204435,0.531448341246,0.54048627284,1,0.5,2024-02-01,0.531264692055,historical_prior,7
2024-02-28,2024-03-06,1,0.0583344145079,0.531264692055,0.549524204435,0.532299333405,0.54091176892,1,0.5,2024-02-01,0.531264692055,historical_prior,7
2024-02-29,2024-03-07,1,0.0931146531595,0.531264692055,0.549524204435,0.53246913268,0.540996668557,1,0.5,2024-02-01,0.531264692055,historical_prior,7
2024-03-01,2024-03-08,1,0.0919455535448,0.535250463822,0.557541937229,0.538064156202,0.547803046716,1,0.5,2024-03-01,0.535250463822,historical_prior,7
2024-03-02,2024-03-09,1,0.102053034106,0.535250463822,0.557541937229,0.538252162723,0.547897049976,1,0.5,2024-03-01,0.535250463822,historical_prior,7
2024-03-03,2024-03-10,1,0.0925612823912,0.535250463822,0.557541937229,0.538307194401,0.547924565815,1,0.5,2024-03-01,0.535250463822,historical_prior,7
2024-03-04,2024-03-11,1,0.0561557642231,0.535250463822,0.557541937229,0.541482097371,0.5495120173,1,0.5,2024-03-01,0.535250463822,historical_prior,7
2024-03-05,2024-03-12,1,0.121272970737,0.535250463822,0.557541937229,0.54449448442,0.551018210825,1,0.5,2024-03-01,0.535250463822,historical_prior,7
2024-03-06,2024-03-13,1,0.105917089374,0.535250463822,0.557541937229,0.547503436317,0.552522686773,1,0.5,2024-03-01,0.535250463822,historical_prior,7
2024-03-07,2024-03-14,1,0.0683261509444,0.535250463822,0.557541937229,0.54656033362,0.552051135424,1,0.5,2024-03-01,0.535250463822,historical_prior,7
2024-03-08,2024-03-15,1,0.0201934144098,0.535250463822,0.557541937229,0.546290350373,0.551916143801,1,0.5,2024-03-01,0.535250463822,historical_prior,7
2024-03-09,2024-03-16,0,-0.044100362931,0.535250463822,0.557541937229,0.545403521492,0.551472729361,1,0.5,2024-03-01,0.535250463822,historical_prior,7
2024-03-10,2024-03-17,0,-0.00815593971102,0.535250463822,0.557541937229,0.544520146152,0.551031041691,1,0.5,2024-03-01,0.535250463822,historical_prior,7
2024-03-11,2024-03-18,0,-0.0619898415746,0.535250463822,0.557541937229,0.546982454553,0.552262195891,1,0.5,2024-03-01,0.535250463822,historical_prior,7
2024-03-12,2024-03-19,0,-0.1331608446,0.535250463822,0.557541937229,0.544467760234,0.551004848732,1,0.5,2024-03-01,0.535250463822,historical_prior,7
2024-03-13,2024-03-20,0,-0.0715988428464,0.535250463822,0.557541937229,0.54454493528,0.551043436255,1,0.5,2024-03-01,0.535250463822,historical_prior,7
2024-03-14,2024-03-21,0,-0.0824731393967,0.535250463822,0.557541937229,0.545145611446,0.551343774338,1,0.5,2024-03-01,0.535250463822,historical_prior,7
2024-03-15,2024-03-22,0,-0.0820607526491,0.535250463822,0.557541937229,0.544365674755,0.550953805992,1,0.5,2024-03-01,0.535250463822,historical_prior,7
2024-03-16,2024-03-23,0,-0.0200705567465,0.535250463822,0.557541937229,0.545168305063,0.551355121146,1,0.5,2024-03-01,0.535250463822,historical_prior,7
2024-03-17,2024-03-24,0,-0.0173041348386,0.535250463822,0.557541937229,0.545778146323,0.551660041776,1,0.5,2024-03-01,0.535250463822,historical_prior,7
2024-03-18,2024-03-25,1,0.0335752157337,0.535250463822,0.557541937229,0.547447891441,0.552494914335,1,0.5,2024-03-01,0.535250463822,historical_prior,7
2024-03-19,2024-03-26,1,0.129979624589,0.535250463822,0.557541937229,0.548157819522,0.552849878376,1,0.5,2024-03-01,0.535250463822,historical_prior,7
2024-03-20,2024-03-27,1,0.0240192769777,0.535250463822,0.557541937229,0.550611873463,0.554076905346,1,0.5,2024-03-01,0.535250463822,historical_prior,7
2024-03-21,2024-03-28,1,0.0805988952581,0.535250463822,0.557541937229,0.549708619372,0.553625278301,1,0.5,2024-03-01,0.535250463822,historical_prior,7
2024-03-22,2024-03-29,1,0.0948937122707,0.535250463822,0.557541937229,0.549139482943,0.553340710086,1,0.5,2024-03-01,0.535250463822,historical_prior,7
2024-03-23,2024-03-30,1,0.0873912974853,0.535250463822,0.557541937229,0.547466581273,0.552504259251,1,0.5,2024-03-01,0.535250463822,historical_prior,7
2024-03-24,2024-03-31,1,0.0605567713966,0.535250463822,0.557541937229,0.549683302922,0.553612620076,1,0.5,2024-03-01,0.535250463822,historical_prior,7
2024-03-25,2024-04-01,0,-0.00329436129159,0.535250463822,0.557541937229,0.549061957483,0.553301947356,1,0.5,2024-03-01,0.535250463822,historical_prior,7
2024-03-26,2024-04-02,0,-0.0646397953935,0.535250463822,0.557541937229,0.546164488283,0.551853212756,1,0.5,2024-03-01,0.535250463822,historical_prior,7
2024-03-27,2024-04-03,0,-0.0504780553445,0.535250463822,0.557541937229,0.547060650523,0.552301293876,1,0.5,2024-03-01,0.535250463822,historical_prior,7
2024-03-28,2024-04-04,0,-0.0323931981362,0.535250463822,0.557541937229,0.544268215691,0.55090507646,1,0.5,2024-03-01,0.535250463822,historical_prior,7
2024-03-29,2024-04-05,0,-0.0290609063294,0.535250463822,0.557541937229,0.539199736538,0.548370836883,1,0.5,2024-03-01,0.535250463822,historical_prior,7
2024-03-30,2024-04-06,0,-0.00986143291285,0.535250463822,0.557541937229,0.539867126959,0.548704532094,1,0.5,2024-03-01,0.535250463822,historical_prior,7
2024-03-31,2024-04-07,0,-0.0269306920692,0.535250463822,0.557541937229,0.540872342434,0.549207139832,1,0.5,2024-03-01,0.535250463822,historical_prior,7
2024-04-01,2024-04-08,1,0.0282872312627,0.537722908093,0.562353361322,0.545300431378,0.55382689635,1,0.5,2024-04-01,0.537722908093,historical_prior,7
2024-04-02,2024-04-09,1,0.0562448148975,0.537722908093,0.562353361322,0.544729258098,0.55354130971,1,0.5,2024-04-01,0.537722908093,historical_prior,7
2024-04-03,2024-04-10,1,0.0707636127251,0.537722908093,0.562353361322,0.540721734856,0.551537548089,1,0.5,2024-04-01,0.537722908093,historical_prior,7
2024-04-04,2024-04-11,1,0.0221709592323,0.537722908093,0.562353361322,0.543547817189,0.552950589255,1,0.5,2024-04-01,0.537722908093,historical_prior,7
2024-04-05,2024-04-12,0,-0.010381798338,0.537722908093,0.562353361322,0.541515093502,0.551934227412,1,0.5,2024-04-01,0.537722908093,historical_prior,7
2024-04-06,2024-04-13,0,-0.0721593416163,0.537722908093,0.562353361322,0.541127486904,0.551740424113,1,0.5,2024-04-01,0.537722908093,historical_prior,7
2024-04-07,2024-04-14,0,-0.0533236621074,0.537722908093,0.562353361322,0.541173245484,0.551763303403,1,0.5,2024-04-01,0.537722908093,historical_prior,7
2024-04-08,2024-04-15,0,-0.114493297961,0.537722908093,0.562353361322,0.540787008488,0.551570184905,1,0.5,2024-04-01,0.537722908093,historical_prior,7
2024-04-09,2024-04-16,0,-0.0774102623434,0.537722908093,0.562353361322,0.538350906318,0.55035213382,1,0.5,2024-04-01,0.537722908093,historical_prior,7
2024-04-10,2024-04-17,0,-0.132430510761,0.537722908093,0.562353361322,0.536884170411,0.549618765866,1,0.5,2024-04-01,0.537722908093,historical_prior,7
2024-04-11,2024-04-18,0,-0.0933652619203,0.537722908093,0.562353361322,0.538288037249,0.550320699285,1,0.5,2024-04-01,0.537722908093,historical_prior,7
2024-04-12,2024-04-19,0,-0.0491460224696,0.537722908093,0.562353361322,0.536937698699,0.549645530011,1,0.5,2024-04-01,0.537722908093,historical_prior,7
2024-04-13,2024-04-20,1,0.0158949986476,0.537722908093,0.562353361322,0.538120882116,0.550237121719,1,0.5,2024-04-01,0.537722908093,historical_prior,7
2024-04-14,2024-04-21,0,-0.0109757813671,0.537722908093,0.562353361322,0.539583680079,0.5509685207,1,0.5,2024-04-01,0.537722908093,historical_prior,7
2024-04-15,2024-04-22,1,0.0536002922738,0.537722908093,0.562353361322,0.542097797826,0.552225579574,1,0.5,2024-04-01,0.537722908093,historical_prior,7
2024-04-16,2024-04-23,1,0.0410796479071,0.537722908093,0.562353361322,0.53893955577,0.550646458546,1,0.5,2024-04-01,0.537722908093,historical_prior,7
2024-04-17,2024-04-24,1,0.0491571358236,0.537722908093,0.562353361322,0.539904529933,0.551128945628,1,0.5,2024-04-01,0.537722908093,historical_prior,7
2024-04-18,2024-04-25,1,0.0162007043319,0.537722908093,0.562353361322,0.541975802104,0.552164581713,1,0.5,2024-04-01,0.537722908093,historical_prior,7
2024-04-19,2024-04-26,0,-0.000752138777126,0.537722908093,0.562353361322,0.535626549739,0.548989955531,1,0.5,2024-04-01,0.537722908093,historical_prior,7
2024-04-20,2024-04-27,0,-0.0227686567061,0.537722908093,0.562353361322,0.535322406823,0.548837884073,1,0.5,2024-04-01,0.537722908093,historical_prior,7
2024-04-21,2024-04-28,0,-0.0280643320914,0.537722908093,0.562353361322,0.536959584303,0.549656472812,1,0.5,2024-04-01,0.537722908093,historical_prior,7
2024-04-22,2024-04-29,0,-0.0441985940593,0.537722908093,0.562353361322,0.536156045195,0.549254703259,1,0.5,2024-04-01,0.537722908093,historical_prior,7
2024-04-23,2024-04-30,0,-0.0864576745867,0.537722908093,0.562353361322,0.53393867345,0.548146017386,1,0.5,2024-04-01,0.537722908093,historical_prior,7
2024-04-24,2024-05-01,0,-0.092155199621,0.537722908093,0.562353361322,0.530769622709,0.546561492015,1,0.5,2024-04-01,0.537722908093,historical_prior,7
2024-04-25,2024-05-02,0,-0.0843080612617,0.537722908093,0.562353361322,0.531847013185,0.547100187253,1,0.5,2024-04-01,0.537722908093,historical_prior,7
2024-04-26,2024-05-03,0,-0.0139250409401,0.537722908093,0.562353361322,0.532192334056,0.547272847689,1,0.5,2024-04-01,0.537722908093,historical_prior,7
2024-04-27,2024-05-04,1,0.00677665588121,0.537722908093,0.562353361322,0.531888851738,0.54712110653,1,0.5,2024-04-01,0.537722908093,historical_prior,7
2024-04-28,2024-05-05,1,0.0141539849889,0.537722908093,0.562353361322,0.532290804408,0.547322082865,1,0.5,2024-04-01,0.537722908093,historical_prior,7
2024-04-29,2024-05-06,0,-0.0109731312435,0.537722908093,0.562353361322,0.533477391044,0.547915376183,1,0.5,2024-04-01,0.537722908093,historical_prior,7
2024-04-30,2024-05-07,1,0.0270319092827,0.537722908093,0.562353361322,0.532295598284,0.547324479803,1,0.5,2024-04-01,0.537722908093,historical_prior,7
2024-05-01,2024-05-08,1,0.0484547494842,0.53450608931,0.492618691158,0.528997541949,0.510808116554,1,0.5,2024-05-01,0.53450608931,historical_prior,7
2024-05-02,2024-05-09,1,0.0679539205572,0.53450608931,0.492618691158,0.530789975792,0.511704333475,1,0.5,2024-05-01,0.53450608931,historical_prior,7
2024-05-03,2024-05-10,0,-0.0331099467081,0.53450608931,0.5545784798,0.530848930046,0.542713704923,1,0.5,2024-05-01,0.53450608931,historical_prior,7
2024-05-04,2024-05-11,0,-0.0479879809754,0.53450608931,0.5545784798,0.528902083787,0.541740281793,1,0.5,2024-05-01,0.53450608931,historical_prior,7
2024-05-05,2024-05-12,0,-0.0394927513591,0.53450608931,0.5545784798,0.529049618426,0.541814049113,1,0.5,2024-05-01,0.53450608931,historical_prior,7
2024-05-06,2024-05-13,0,-0.0035638300146,0.53450608931,0.492618691158,0.528902216678,0.510760453918,1,0.5,2024-05-01,0.53450608931,historical_prior,7
2024-05-07,2024-05-14,0,-0.0117888858789,0.53450608931,0.492618691158,0.526620672607,0.509619681883,1,0.5,2024-05-01,0.53450608931,historical_prior,7
2024-05-08,2024-05-15,1,0.0819287752216,0.53450608931,0.492618691158,0.523612261179,0.508115476169,1,0.5,2024-05-01,0.53450608931,historical_prior,7
2024-05-09,2024-05-16,1,0.0342645092646,0.53450608931,0.492618691158,0.525426960981,0.50902282607,1,0.5,2024-05-01,0.53450608931,historical_prior,7
2024-05-10,2024-05-17,1,0.102368602363,0.53450608931,0.492618691158,0.527308808692,0.509963749925,1,0.5,2024-05-01,0.53450608931,historical_prior,7
2024-05-11,2024-05-18,1,0.100108687092,0.53450608931,0.492618691158,0.528293342372,0.510456016765,1,0.5,2024-05-01,0.53450608931,historical_prior,7
2024-05-12,2024-05-19,1,0.0779067851647,0.53450608931,0.492618691158,0.529677019778,0.511147855468,1,0.5,2024-05-01,0.53450608931,historical_prior,7
2024-05-13,2024-05-20,1,0.135152989955,0.53450608931,0.492618691158,0.530588816302,0.51160375373,1,0.5,2024-05-01,0.53450608931,historical_prior,7
2024-05-14,2024-05-21,1,0.139188037707,0.53450608931,0.492618691158,0.528973573039,0.510796132098,1,0.5,2024-05-01,0.53450608931,historical_prior,7
2024-05-15,2024-05-22,1,0.0447104136301,0.53450608931,0.492618691158,0.530383141366,0.511500916262,1,0.5,2024-05-01,0.53450608931,historical_prior,7
2024-05-16,2024-05-23,1,0.041916627539,0.53450608931,0.492618691158,0.53145749941,0.512038095284,1,0.5,2024-05-01,0.53450608931,historical_prior,7
2024-05-17,2024-05-24,1,0.0227678145142,0.53450608931,0.492618691158,0.531217229281,0.511917960219,1,0.5,2024-05-01,0.53450608931,historical_prior,7
2024-05-18,2024-05-25,1,0.0354982126632,0.53450608931,0.5545784798,0.529644930477,0.542111705138,1,0.5,2024-05-01,0.53450608931,historical_prior,7
2024-05-19,2024-05-26,1,0.0337034080177,0.53450608931,0.492618691158,0.529915462414,0.511267076786,1,0.5,2024-05-01,0.53450608931,historical_prior,7
2024-05-20,2024-05-27,0,-0.028135550709,0.53450608931,0.5545784798,0.53112947969,0.542853979745,1,0.5,2024-05-01,0.53450608931,historical_prior,7
2024-05-21,2024-05-28,0,-0.0249464206851,0.53450608931,0.5545784798,0.530389369652,0.542483924726,1,0.5,2024-05-01,0.53450608931,historical_prior,7
2024-05-22,2024-05-29,0,-0.0218920629633,0.53450608931,0.5545784798,0.532137802163,0.543358140981,1,0.5,2024-05-01,0.53450608931,historical_prior,7
2024-05-23,2024-05-30,1,0.00562780593986,0.53450608931,0.5545784798,0.531882512591,0.543230496196,1,0.5,2024-05-01,0.53450608931,historical_prior,7
2024-05-24,2024-05-31,0,-0.0147334813616,0.53450608931,0.5545784798,0.533964940339,0.544271710069,1,0.5,2024-05-01,0.53450608931,historical_prior,7
2024-05-25,2024-06-01,0,-0.0219902939173,0.53450608931,0.5545784798,0.533767865402,0.544173172601,1,0.5,2024-05-01,0.53450608931,historical_prior,7
2024-05-26,2024-06-02,0,-0.0108314879195,0.53450608931,0.5545784798,0.533846932952,0.544212706376,1,0.5,2024-05-01,0.53450608931,historical_prior,7
2024-05-27,2024-06-03,0,-0.00902307333485,0.53450608931,0.492618691158,0.537020429566,0.514819560362,1,0.5,2024-05-01,0.53450608931,historical_prior,7
2024-05-28,2024-06-04,1,0.0312792450232,0.53450608931,0.492618691158,0.536585514501,0.51460210283,1,0.5,2024-05-01,0.53450608931,historical_prior,7
2024-05-29,2024-06-05,1,0.0510784388792,0.53450608931,0.492618691158,0.535616198225,0.514117444691,1,0.5,2024-05-01,0.53450608931,historical_prior,7
2024-05-30,2024-06-06,1,0.0357982782405,0.53450608931,0.492618691158,0.536240455414,0.514429573286,1,0.5,2024-05-01,0.53450608931,historical_prior,7
2024-05-31,2024-06-07,1,0.0268816957534,0.53450608931,0.492618691158,0.537733447835,0.515176069496,1,0.5,2024-05-01,0.53450608931,historical_prior,7
2024-06-01,2024-06-08,1,0.0227782462959,0.535142348754,0.50700253024,0.538465943621,0.52273423693,1,0.5,2024-06-01,0.535142348754,historical_prior,7
2024-06-02,2024-06-09,1,0.0277797166499,0.535142348754,0.50700253024,0.53487604669,0.520939288465,1,0.5,2024-06-01,0.535142348754,historical_prior,7
2024-06-03,2024-06-10,1,0.0106103918186,0.535142348754,0.50700253024,0.534767639985,0.520885085112,1,0.5,2024-06-01,0.535142348754,historical_prior,7
2024-06-04,2024-06-11,0,-0.0457002936296,0.535142348754,0.550856306002,0.534034507122,0.542445406562,1,0.5,2024-06-01,0.535142348754,historical_prior,7
2024-06-05,2024-06-12,0,-0.0399956404343,0.535142348754,0.550856306002,0.533954420035,0.542405363019,1,0.5,2024-06-01,0.535142348754,historical_prior,7
2024-06-06,2024-06-13,0,-0.0568658679932,0.535142348754,0.550856306002,0.534860995584,0.542858650793,1,0.5,2024-06-01,0.535142348754,historical_prior,7
2024-06-07,2024-06-14,0,-0.0477482712283,0.535142348754,0.550856306002,0.535169850043,0.543013078022,1,0.5,2024-06-01,0.535142348754,historical_prior,7
2024-06-08,2024-06-15,0,-0.0444696226226,0.535142348754,0.550856306002,0.534031192139,0.542443749071,1,0.5,2024-06-01,0.535142348754,historical_prior,7
2024-06-09,2024-06-16,0,-0.0426611536216,0.535142348754,0.550856306002,0.534951701562,0.542904003782,1,0.5,2024-06-01,0.535142348754,historical_prior,7
2024-06-10,2024-06-17,0,-0.043653580673,0.535142348754,0.50700253024,0.535598181688,0.521300355964,1,0.5,2024-06-01,0.535142348754,historical_prior,7
2024-06-11,2024-06-18,0,-0.0317751489135,0.535142348754,0.50700253024,0.536751814978,0.521877172609,1,0.5,2024-06-01,0.535142348754,historical_prior,7
2024-06-12,2024-06-19,0,-0.0481896824373,0.535142348754,0.50700253024,0.536076370459,0.52153945035,1,0.5,2024-06-01,0.535142348754,historical_prior,7
2024-06-13,2024-06-20,0,-0.0284998384826,0.535142348754,0.50700253024,0.536828086346,0.521915308293,1,0.5,2024-06-01,0.535142348754,historical_prior,7
2024-06-14,2024-06-21,0,-0.0287752148227,0.535142348754,0.50700253024,0.532016191524,0.519509360882,1,0.5,2024-06-01,0.535142348754,historical_prior,7
2024-06-15,2024-06-22,0,-0.0296888412422,0.535142348754,0.550856306002,0.532455845563,0.541656075782,1,0.5,2024-06-01,0.535142348754,historical_prior,7
2024-06-16,2024-06-23,0,-0.0519949421741,0.535142348754,0.550856306002,0.531417915687,0.541137110844,1,0.5,2024-06-01,0.535142348754,historical_prior,7
2024-06-17,2024-06-24,0,-0.0933928662991,0.535142348754,0.550856306002,0.531428561981,0.541142433991,1,0.5,2024-06-01,0.535142348754,historical_prior,7
2024-06-18,2024-06-25,0,-0.0516961021442,0.535142348754,0.550856306002,0.530612736127,0.540734521064,1,0.5,2024-06-01,0.535142348754,historical_prior,7
2024-06-19,2024-06-26,0,-0.0632461692203,0.535142348754,0.550856306002,0.526314265799,0.538585285901,1,0.5,2024-06-01,0.535142348754,historical_prior,7
2024-06-20,2024-06-27,0,-0.0487670801244,0.535142348754,0.550856306002,0.525959919979,0.53840811299,1,0.5,2024-06-01,0.535142348754,historical_prior,7
2024-06-21,2024-06-28,0,-0.0579281848404,0.535142348754,0.550856306002,0.526054365232,0.538455335617,1,0.5,2024-06-01,0.535142348754,historical_prior,7
2024-06-22,2024-06-29,0,-0.0509683715153,0.535142348754,0.50700253024,0.526711206266,0.516856868253,1,0.5,2024-06-01,0.535142348754,historical_prior,7
2024-06-23,2024-06-30,0,-0.00692928224501,0.535142348754,0.50700253024,0.526816005697,0.516909267969,1,0.5,2024-06-01,0.535142348754,historical_prior,7
2024-06-24,2024-07-01,1,0.0432334936054,0.535142348754,0.50700253024,0.527291987294,0.517147258767,1,0.5,2024-06-01,0.535142348754,historical_prior,7
2024-06-25,2024-07-02,1,0.00533054956953,0.535142348754,0.50700253024,0.527014588215,0.517008559227,1,0.5,2024-06-01,0.535142348754,historical_prior,7
2024-06-26,2024-07-03,0,-0.0107846891949,0.535142348754,0.50700253024,0.52640634297,0.516704436605,1,0.5,2024-06-01,0.535142348754,historical_prior,7
2024-06-27,2024-07-04,0,-0.0754614548523,0.535142348754,0.50700253024,0.526889844792,0.516946187516,1,0.5,2024-06-01,0.535142348754,historical_prior,7
2024-06-28,2024-07-05,0,-0.0628692006863,0.535142348754,0.50700253024,0.527027728106,0.517015129173,1,0.5,2024-06-01,0.535142348754,historical_prior,7
2024-06-29,2024-07-06,0,-0.0451992139923,0.535142348754,0.50700253024,0.526662177524,0.516832353882,1,0.5,2024-06-01,0.535142348754,historical_prior,7
2024-06-30,2024-07-07,0,-0.110147819068,0.535142348754,0.50700253024,0.526579277116,0.516790903678,1,0.5,2024-06-01,0.535142348754,historical_prior,7
2024-07-01,2024-07-08,0,-0.0983365816115,0.531167690957,0.505306703227,0.518766944919,0.512036824073,1,0.5,2024-07-01,0.531167690957,historical_prior,7
2024-07-02,2024-07-09,0,-0.0657510114593,0.531167690957,0.542922548964,0.519780001201,0.531351275083,1,0.5,2024-07-01,0.531167690957,historical_prior,7
2024-07-03,2024-07-10,0,-0.0412354850422,0.531167690957,0.542922548964,0.518820438128,0.530871493546,1,0.5,2024-07-01,0.531167690957,historical_prior,7
2024-07-04,2024-07-11,1,0.00508115598928,0.531167690957,0.529119774699,0.519038151307,0.524078963003,1,0.5,2024-07-01,0.531167690957,historical_prior,7
2024-07-05,2024-07-12,1,0.0222556406379,0.531167690957,0.529119774699,0.517828805087,0.523474289893,1,0.5,2024-07-01,0.531167690957,historical_prior,7
2024-07-06,2024-07-13,1,0.0167248467417,0.531167690957,0.529119774699,0.518816688331,0.523968231515,1,0.5,2024-07-01,0.531167690957,historical_prior,7
2024-07-07,2024-07-14,1,0.0884406316682,0.531167690957,0.529119774699,0.521176304172,0.525148039436,1,0.5,2024-07-01,0.531167690957,historical_prior,7
2024-07-08,2024-07-15,1,0.141224961042,0.531167690957,0.529119774699,0.521434522771,0.525277148735,1,0.5,2024-07-01,0.531167690957,historical_prior,7
2024-07-09,2024-07-16,1,0.120482170543,0.531167690957,0.529119774699,0.521024802244,0.525072288471,1,0.5,2024-07-01,0.531167690957,historical_prior,7
2024-07-10,2024-07-17,1,0.110213015486,0.531167690957,0.529119774699,0.519873109136,0.524496441918,1,0.5,2024-07-01,0.531167690957,historical_prior,7
2024-07-11,2024-07-18,1,0.11594075259,0.531167690957,0.529119774699,0.51881628349,0.523968029095,1,0.5,2024-07-01,0.531167690957,historical_prior,7
2024-07-12,2024-07-19,1,0.151512115407,0.531167690957,0.529119774699,0.517916668011,0.523518221355,1,0.5,2024-07-01,0.531167690957,historical_prior,7
2024-07-13,2024-07-20,1,0.134043938233,0.531167690957,0.505306703227,0.519993564904,0.512650134065,1,0.5,2024-07-01,0.531167690957,historical_prior,7
2024-07-14,2024-07-21,1,0.121179001054,0.531167690957,0.505306703227,0.519094295345,0.512200499286,1,0.5,2024-07-01,0.531167690957,historical_prior,7
2024-07-15,2024-07-22,1,0.0433821136905,0.531167690957,0.542922548964,0.52086816851,0.531895358737,1,0.5,2024-07-01,0.531167690957,historical_prior,7
2024-07-16,2024-07-23,1,0.0137141033322,0.531167690957,0.542922548964,0.521490177136,0.53220636305,1,0.5,2024-07-01,0.531167690957,historical_prior,7
2024-07-17,2024-07-24,1,0.020097525293,0.531167690957,0.505306703227,0.521457792476,0.513382247852,1,0.5,2024-07-01,0.531167690957,historical_prior,7
2024-07-18,2024-07-25,1,0.0283183138317,0.531167690957,0.505306703227,0.521877515453,0.51359210934,1,0.5,2024-07-01,0.531167690957,historical_prior,7
2024-07-19,2024-07-26,1,0.0187217221722,0.531167690957,0.505306703227,0.522822866673,0.51406478495,1,0.5,2024-07-01,0.531167690957,historical_prior,7
2024-07-20,2024-07-27,1,0.0112681032279,0.531167690957,0.542922548964,0.523753410958,0.533337979961,1,0.5,2024-07-01,0.531167690957,historical_prior,7
2024-07-21,2024-07-28,1,0.00124021973631,0.531167690957,0.542922548964,0.525204036538,0.534063292751,1,0.5,2024-07-01,0.531167690957,historical_prior,7
2024-07-22,2024-07-29,0,-0.0110661595886,0.531167690957,0.505306703227,0.527593691112,0.51645019717,1,0.5,2024-07-01,0.531167690957,historical_prior,7
2024-07-23,2024-07-30,1,0.00382173564946,0.531167690957,0.505306703227,0.52855974604,0.516933224634,1,0.5,2024-07-01,0.531167690957,historical_prior,7
2024-07-24,2024-07-31,0,-0.0114415075869,0.531167690957,0.505306703227,0.529137649975,0.517222176601,1,0.5,2024-07-01,0.531167690957,historical_prior,7
2024-07-25,2024-08-01,0,-0.00677705682147,0.531167690957,0.505306703227,0.527951905219,0.516629304223,1,0.5,2024-07-01,0.531167690957,historical_prior,7
2024-07-26,2024-08-02,0,-0.0943874203904,0.531167690957,0.505306703227,0.530237824745,0.517772263986,1,0.5,2024-07-01,0.531167690957,historical_prior,7
2024-07-27,2024-08-03,0,-0.106021812612,0.531167690957,0.505306703227,0.52995252503,0.517629614129,1,0.5,2024-07-01,0.531167690957,historical_prior,7
2024-07-28,2024-08-04,0,-0.14782267749,0.531167690957,0.505306703227,0.531154714927,0.518230709077,1,0.5,2024-07-01,0.531167690957,historical_prior,7
2024-07-29,2024-08-05,0,-0.191149797955,0.531167690957,0.505306703227,0.530664209761,0.517985456494,1,0.5,2024-07-01,0.531167690957,historical_prior,7
2024-07-30,2024-08-06,0,-0.153592645192,0.531167690957,0.505306703227,0.528454439277,0.516880571252,1,0.5,2024-07-01,0.531167690957,historical_prior,7
2024-07-31,2024-08-07,0,-0.146899795754,0.531167690957,0.505306703227,0.528284193715,0.516795448471,1,0.5,2024-07-01,0.531167690957,historical_prior,7
2024-08-01,2024-08-08,0,-0.0561255451463,0.533131225639,0.50520321265,0.531179057483,0.518191135066,1,0.5,2024-08-01,0.533131225639,historical_prior,7
2024-08-02,2024-08-09,0,-0.0107375273442,0.533131225639,0.50520321265,0.533998266878,0.519600739764,1,0.5,2024-08-01,0.533131225639,historical_prior,7
2024-08-03,2024-08-10,1,0.00371544428407,0.533131225639,0.533927815436,0.53503725119,0.534482533313,1,0.5,2024-08-01,0.533131225639,historical_prior,7
2024-08-04,2024-08-11,1,0.00948384656385,0.533131225639,0.533927815436,0.535951492563,0.534939654,1,0.5,2024-08-01,0.533131225639,historical_prior,7
2024-08-05,2024-08-12,1,0.0986291626935,0.533131225639,0.533927815436,0.535418412832,0.534673114134,1,0.5,2024-08-01,0.533131225639,historical_prior,7
2024-08-06,2024-08-13,1,0.0814883293191,0.533131225639,0.533927815436,0.536532291057,0.535230053247,1,0.5,2024-08-01,0.533131225639,historical_prior,7
2024-08-07,2024-08-14,1,0.0643744277595,0.533131225639,0.533927815436,0.535237993913,0.534582904675,1,0.5,2024-08-01,0.533131225639,historical_prior,7
2024-08-08,2024-08-15,0,-0.0671940257423,0.533131225639,0.533927815436,0.537558953831,0.535743384634,1,0.5,2024-08-01,0.533131225639,historical_prior,7
2024-08-09,2024-08-16,0,-0.0322724337211,0.533131225639,0.533927815436,0.53584112263,0.534884469033,1,0.5,2024-08-01,0.533131225639,historical_prior,7
2024-08-10,2024-08-17,0,-0.0234970046867,0.533131225639,0.533927815436,0.535640766823,0.53478429113,1,0.5,2024-08-01,0.533131225639,historical_prior,7
2024-08-11,2024-08-18,0,-0.00485824249961,0.533131225639,0.533927815436,0.534203556312,0.534065685874,1,0.5,2024-08-01,0.533131225639,historical_prior,7
2024-08-12,2024-08-19,1,0.00154785511025,0.533131225639,0.533927815436,0.531006860634,0.532467338035,1,0.5,2024-08-01,0.533131225639,historical_prior,7
2024-08-13,2024-08-20,0,-0.0259683777831,0.533131225639,0.533927815436,0.531225150891,0.532576483164,1,0.5,2024-08-01,0.533131225639,historical_prior,7
2024-08-14,2024-08-21,1,0.0421352617836,0.533131225639,0.533927815436,0.527886130605,0.53090697302,1,0.5,2024-08-01,0.533131225639,historical_prior,7
2024-08-15,2024-08-22,1,0.049265342001,0.533131225639,0.533927815436,0.531336889117,0.532632352277,1,0.5,2024-08-01,0.533131225639,historical_prior,7
2024-08-16,2024-08-23,1,0.0876887486284,0.533131225639,0.533927815436,0.531539516925,0.532733666181,1,0.5,2024-08-01,0.533131225639,historical_prior,7
2024-08-17,2024-08-24,1,0.0784142537508,0.533131225639,0.533927815436,0.531683323734,0.532805569585,1,0.5,2024-08-01,0.533131225639,historical_prior,7
2024-08-18,2024-08-25,1,0.0991427815912,0.533131225639,0.533927815436,0.528718365368,0.531323090402,1,0.5,2024-08-01,0.533131225639,historical_prior,7
2024-08-19,2024-08-26,1,0.057126273375,0.533131225639,0.533927815436,0.52890182949,0.531414822463,1,0.5,2024-08-01,0.533131225639,historical_prior,7
2024-08-20,2024-08-27,1,0.00679840986346,0.533131225639,0.533927815436,0.528961202316,0.531444508876,1,0.5,2024-08-01,0.533131225639,historical_prior,7
2024-08-21,2024-08-28,0,-0.0346839060678,0.533131225639,0.533927815436,0.528614568082,0.531271191759,1,0.5,2024-08-01,0.533131225639,historical_prior,7
2024-08-22,2024-08-29,0,-0.016841670443,0.533131225639,0.533927815436,0.528726215204,0.53132701532,1,0.5,2024-08-01,0.533131225639,historical_prior,7
2024-08-23,2024-08-30,0,-0.0767248869564,0.533131225639,0.50520321265,0.530539245177,0.517871228914,1,0.5,2024-08-01,0.533131225639,historical_prior,7
2024-08-24,2024-08-31,0,-0.0807864955053,0.533131225639,0.50520321265,0.530646679561,0.517924946106,1,0.5,2024-08-01,0.533131225639,historical_prior,7
2024-08-25,2024-09-01,0,-0.107725630645,0.533131225639,0.543663285197,0.52877567876,0.536219481978,1,0.5,2024-08-01,0.533131225639,historical_prior,7
2024-08-26,2024-09-02,0,-0.0589150778241,0.533131225639,0.50520321265,0.529394004778,0.517298608714,1,0.5,2024-08-01,0.533131225639,historical_prior,7
2024-08-27,2024-09-03,0,-0.032437431625,0.533131225639,0.533927815436,0.529469363711,0.531698589574,1,0.5,2024-08-01,0.533131225639,historical_prior,7
2024-08-28,2024-09-04,0,-0.0180232371021,0.533131225639,0.533927815436,0.531292775275,0.532610295356,1,0.5,2024-08-01,0.533131225639,historical_prior,7
2024-08-29,2024-09-05,0,-0.0535556438694,0.533131225639,0.533927815436,0.531206797358,0.532567306397,1,0.5,2024-08-01,0.533131225639,historical_prior,7
2024-08-30,2024-09-06,0,-0.0872914700107,0.533131225639,0.533927815436,0.533821581028,0.533874698232,1,0.5,2024-08-01,0.533131225639,historical_prior,7
2024-08-31,2024-09-07,0,-0.0816144541009,0.533131225639,0.533927815436,0.53345800631,0.533692910873,1,0.5,2024-08-01,0.533131225639,historical_prior,7
2024-09-01,2024-09-08,0,-0.0424403326524,0.531623931624,0.536444068752,0.534450496346,0.535447282549,1,0.5,2024-09-01,0.531623931624,historical_prior,7
2024-09-02,2024-09-09,0,-0.0353467734039,0.531623931624,0.536444068752,0.533996448137,0.535220258444,1,0.5,2024-09-01,0.531623931624,historical_prior,7
2024-09-03,2024-09-10,1,0.00257898511561,0.531623931624,0.536444068752,0.533209921765,0.534826995258,1,0.5,2024-09-01,0.531623931624,historical_prior,7
2024-09-04,2024-09-11,0,-0.0109175465622,0.531623931624,0.536444068752,0.534128261209,0.53528616498,1,0.5,2024-09-01,0.531623931624,historical_prior,7
2024-09-05,2024-09-12,1,0.0347511569954,0.531623931624,0.536444068752,0.533334159117,0.534889113935,1,0.5,2024-09-01,0.531623931624,historical_prior,7
2024-09-06,2024-09-13,1,0.121102118731,0.531623931624,0.536444068752,0.534298703429,0.53537138609,1,0.5,2024-09-01,0.531623931624,historical_prior,7
2024-09-07,2024-09-14,1,0.10768237432,0.531623931624,0.536444068752,0.527164076835,0.531804072793,1,0.5,2024-09-01,0.531623931624,historical_prior,7
2024-09-08,2024-09-15,1,0.0776754853977,0.531623931624,0.536444068752,0.5264517187,0.531447893726,1,0.5,2024-09-01,0.531623931624,historical_prior,7
2024-09-09,2024-09-16,1,0.0205460888468,0.531623931624,0.492295848878,0.527844050181,0.51006994953,1,0.5,2024-09-01,0.531623931624,historical_prior,7
2024-09-10,2024-09-17,1,0.0464640236075,0.531623931624,0.536444068752,0.527564488218,0.532004278485,1,0.5,2024-09-01,0.531623931624,historical_prior,7
2024-09-11,2024-09-18,1,0.0771214552304,0.531623931624,0.536444068752,0.527543649908,0.53199385933,1,0.5,2024-09-01,0.531623931624,historical_prior,7
2024-09-12,2024-09-19,1,0.0828398040883,0.531623931624,0.492295848878,0.525455133158,0.508875491018,1,0.5,2024-09-01,0.531623931624,historical_prior,7
2024-09-13,2024-09-20,1,0.0446799894211,0.531623931624,0.492295848878,0.524806329735,0.508551089307,1,0.5,2024-09-01,0.531623931624,historical_prior,7
2024-09-14,2024-09-21,1,0.0559386648749,0.531623931624,0.492295848878,0.525563089739,0.508929469308,1,0.5,2024-09-01,0.531623931624,historical_prior,7
2024-09-15,2024-09-22,1,0.0752005682203,0.531623931624,0.536444068752,0.525349256189,0.530896662471,1,0.5,2024-09-01,0.531623931624,historical_prior,7
2024-09-16,2024-09-23,1,0.088054435025,0.531623931624,0.536444068752,0.526678753596,0.531561411174,1,0.5,2024-09-01,0.531623931624,historical_prior,7
2024-09-17,2024-09-24,1,0.0654692219832,0.531623931624,0.536444068752,0.527679852562,0.532061960657,1,0.5,2024-09-01,0.531623931624,historical_prior,7
2024-09-18,2024-09-25,1,0.0225391875873,0.531623931624,0.536444068752,0.526806005096,0.531625036924,1,0.5,2024-09-01,0.531623931624,historical_prior,7
2024-09-19,2024-09-26,1,0.035362527064,0.531623931624,0.536444068752,0.527503313769,0.531973691261,1,0.5,2024-09-01,0.531623931624,historical_prior,7
2024-09-20,2024-09-27,1,0.0406464766013,0.531623931624,0.536444068752,0.52753785279,0.531990960771,1,0.5,2024-09-01,0.531623931624,historical_prior,7
2024-09-21,2024-09-28,1,0.0396066486332,0.531623931624,0.536444068752,0.527557659065,0.532000863908,1,0.5,2024-09-01,0.531623931624,historical_prior,7
2024-09-22,2024-09-29,1,0.0318227345107,0.531623931624,0.536444068752,0.524000152238,0.530222110495,1,0.5,2024-09-01,0.531623931624,historical_prior,7
2024-09-23,2024-09-30,0,-0.000195768897343,0.531623931624,0.536444068752,0.523353450898,0.529898759825,1,0.5,2024-09-01,0.531623931624,historical_prior,7
2024-09-24,2024-10-01,0,-0.0537935692089,0.531623931624,0.492295848878,0.524673201015,0.508484524946,1,0.5,2024-09-01,0.531623931624,historical_prior,7
2024-09-25,2024-10-02,0,-0.039630250882,0.531623931624,0.536444068752,0.526398279658,0.531421174205,1,0.5,2024-09-01,0.531623931624,historical_prior,7
2024-09-26,2024-10-03,0,-0.0678381053546,0.531623931624,0.492295848878,0.527957072103,0.51012646049,1,0.5,2024-09-01,0.531623931624,historical_prior,7
2024-09-27,2024-10-04,0,-0.0560126623177,0.531623931624,0.492295848878,0.528236243991,0.510266046434,1,0.5,2024-09-01,0.531623931624,historical_prior,7
2024-09-28,2024-10-05,0,-0.0576998997844,0.531623931624,0.492295848878,0.528137242478,0.510216545678,1,0.5,2024-09-01,0.531623931624,historical_prior,7
2024-09-29,2024-10-06,0,-0.0424087615608,0.531623931624,0.492295848878,0.528438125145,0.510366987011,1,0.5,2024-09-01,0.531623931624,historical_prior,7
2024-09-30,2024-10-07,0,-0.0174266855884,0.531623931624,0.536444068752,0.529117545727,0.532780807239,1,0.5,2024-09-01,0.531623931624,historical_prior,7
2024-10-01,2024-10-08,1,0.0222792964748,0.532911392405,0.538748543084,0.532920103219,0.535834323152,1,0.5,2024-10-01,0.532911392405,historical_prior,7
2024-10-02,2024-10-09,0,-0.000218634087659,0.532911392405,0.538748543084,0.531023143873,0.534885843479,1,0.5,2024-10-01,0.532911392405,historical_prior,7
2024-10-03,2024-10-10,0,-0.00701730013361,0.532911392405,0.538748543084,0.532791344587,0.535769943835,1,0.5,2024-10-01,0.532911392405,historical_prior,7
2024-10-04,2024-10-11,1,0.00731243758657,0.532911392405,0.495870180914,0.532857961663,0.514364071289,1,0.5,2024-10-01,0.532911392405,historical_prior,7
2024-10-05,2024-10-12,1,0.0185023687518,0.532911392405,0.495870180914,0.533605966551,0.514738073732,1,0.5,2024-10-01,0.532911392405,historical_prior,7
2024-10-06,2024-10-13,1,0.000797677042199,0.532911392405,0.495870180914,0.534164773329,0.515017477122,1,0.5,2024-10-01,0.532911392405,historical_prior,7
2024-10-07,2024-10-14,1,0.0620337811777,0.532911392405,0.495870180914,0.532923662796,0.514396921855,1,0.5,2024-10-01,0.532911392405,historical_prior,7
2024-10-08,2024-10-15,1,0.0790478002989,0.532911392405,0.495870180914,0.531074201316,0.513472191115,1,0.5,2024-10-01,0.532911392405,historical_prior,7
2024-10-09,2024-10-16,1,0.115178898615,0.532911392405,0.495870180914,0.529599512569,0.512734846742,1,0.5,2024-10-01,0.532911392405,historical_prior,7
2024-10-10,2024-10-17,1,0.117616684837,0.532911392405,0.538748543084,0.529318116396,0.53403332974,1,0.5,2024-10-01,0.532911392405,historical_prior,7
2024-10-11,2024-10-18,1,0.0941477454429,0.532911392405,0.495870180914,0.530485723401,0.513177952158,1,0.5,2024-10-01,0.532911392405,historical_prior,7
2024-10-12,2024-10-19,1,0.0818239091026,0.532911392405,0.495870180914,0.5299552514,0.512912716157,1,0.5,2024-10-01,0.532911392405,historical_prior,7
2024-10-13,2024-10-20,1,0.0980112619656,0.532911392405,0.495870180914,0.528597886998,0.512234033956,1,0.5,2024-10-01,0.532911392405,historical_prior,7
2024-10-14,2024-10-21,1,0.0195737273128,0.532911392405,0.543145551691,0.529090484344,0.536118018017,1,0.5,2024-10-01,0.532911392405,historical_prior,7
2024-10-15,2024-10-22,1,0.00524583692016,0.532911392405,0.543145551691,0.529423306297,0.536284428994,1,0.5,2024-10-01,0.532911392405,historical_prior,7
2024-10-16,2024-10-23,0,-0.0140692082122,0.532911392405,0.543145551691,0.528933732866,0.536039642278,1,0.5,2024-10-01,0.532911392405,historical_prior,7
2024-10-17,2024-10-24,1,0.0115170498317,0.532911392405,0.543145551691,0.527280044792,0.535212798241,1,0.5,2024-10-01,0.532911392405,historical_prior,7
2024-10-18,2024-10-25,0,-0.0252772256971,0.532911392405,0.543145551691,0.527588269576,0.535366910633,1,0.5,2024-10-01,0.532911392405,historical_prior,7
2024-10-19,2024-10-26,0,-0.0187961040101,0.532911392405,0.543145551691,0.527237843032,0.535191697362,1,0.5,2024-10-01,0.532911392405,historical_prior,7
2024-10-20,2024-10-27,0,-0.0146350988868,0.532911392405,0.543145551691,0.526901386546,0.535023469118,1,0.5,2024-10-01,0.532911392405,historical_prior,7
2024-10-21,2024-10-28,1,0.0383616192349,0.532911392405,0.543145551691,0.528872198461,0.536008875076,1,0.5,2024-10-01,0.532911392405,historical_prior,7
2024-10-22,2024-10-29,1,0.0787592323436,0.532911392405,0.543145551691,0.529262333846,0.536203942768,1,0.5,2024-10-01,0.532911392405,historical_prior,7
2024-10-23,2024-10-30,1,0.0851388171202,0.532911392405,0.543145551691,0.529752988494,0.536449270092,1,0.5,2024-10-01,0.532911392405,historical_prior,7
2024-10-24,2024-10-31,1,0.0307006276405,0.532911392405,0.543145551691,0.529179901522,0.536162726606,1,0.5,2024-10-01,0.532911392405,historical_prior,7
2024-10-25,2024-11-01,1,0.0419452780902,0.532911392405,0.543145551691,0.530417791276,0.536781671483,1,0.5,2024-10-01,0.532911392405,historical_prior,7
2024-10-26,2024-11-02,1,0.0340123136982,0.532911392405,0.543145551691,0.529026410603,0.536085981147,1,0.5,2024-10-01,0.532911392405,historical_prior,7
2024-10-27,2024-11-03,1,0.0110889613168,0.532911392405,0.543145551691,0.529035638166,0.536090594928,1,0.5,2024-10-01,0.532911392405,historical_prior,7
2024-10-28,2024-11-04,0,-0.0301905843169,0.532911392405,0.543145551691,0.528286123243,0.535715837467,1,0.5,2024-10-01,0.532911392405,historical_prior,7
2024-10-29,2024-11-05,0,-0.0462548198,0.532911392405,0.543145551691,0.528702220343,0.535923886017,1,0.5,2024-10-01,0.532911392405,historical_prior,7
2024-10-30,2024-11-06,1,0.0446093247415,0.532911392405,0.543145551691,0.529054621882,0.536100086786,1,0.5,2024-10-01,0.532911392405,historical_prior,7
2024-10-31,2024-11-07,1,0.0791822569877,0.532911392405,0.543145551691,0.53099020424,0.537067877966,1,0.5,2024-10-01,0.532911392405,historical_prior,7
2024-11-01,2024-11-08,1,0.100923347974,0.533527696793,0.544115964143,0.53137253348,0.537744248812,1,0.5,2024-11-01,0.533527696793,historical_prior,7
2024-11-02,2024-11-09,1,0.105264826938,0.533527696793,0.544115964143,0.531568884692,0.537842424417,1,0.5,2024-11-01,0.533527696793,historical_prior,7
2024-11-03,2024-11-10,1,0.168576562838,0.533527696793,0.544115964143,0.531369213538,0.53774258884,1,0.5,2024-11-01,0.533527696793,historical_prior,7
2024-11-04,2024-11-11,1,0.306528768382,0.533527696793,0.544115964143,0.532673969509,0.538394966826,1,0.5,2024-11-01,0.533527696793,historical_prior,7
2024-11-05,2024-11-12,1,0.26783136311,0.533527696793,0.544115964143,0.533707516947,0.538911740545,1,0.5,2024-11-01,0.533527696793,historical_prior,7
2024-11-06,2024-11-13,1,0.195882230969,0.533527696793,0.544115964143,0.534929341705,0.539522652924,1,0.5,2024-11-01,0.533527696793,historical_prior,7
2024-11-07,2024-11-14,1,0.15117346396,0.533527696793,0.544115964143,0.533796092012,0.538956028078,1,0.5,2024-11-01,0.533527696793,historical_prior,7
2024-11-08,2024-11-15,1,0.189809590356,0.533527696793,0.544115964143,0.533892678401,0.539004321272,1,0.5,2024-11-01,0.533527696793,historical_prior,7
2024-11-09,2024-11-16,1,0.181402200855,0.533527696793,0.544115964143,0.533952990341,0.539034477242,1,0.5,2024-11-01,0.533527696793,historical_prior,7
2024-11-10,2024-11-17,1,0.118028851807,0.533527696793,0.544115964143,0.532193663154,0.538154813648,1,0.5,2024-11-01,0.533527696793,historical_prior,7
2024-11-11,2024-11-18,1,0.02048653331,0.533527696793,0.544115964143,0.532295103471,0.538205533807,1,0.5,2024-11-01,0.533527696793,historical_prior,7
2024-11-12,2024-11-19,1,0.0495586172505,0.533527696793,0.544115964143,0.53344016781,0.538778065977,1,0.5,2024-11-01,0.533527696793,historical_prior,7
2024-11-13,2024-11-20,1,0.0432791296727,0.533527696793,0.544115964143,0.534601204817,0.53935858448,1,0.5,2024-11-01,0.533527696793,historical_prior,7
2024-11-14,2024-11-21,1,0.125868373749,0.533527696793,0.544115964143,0.534906171153,0.539511067648,1,0.5,2024-11-01,0.533527696793,historical_prior,7
2024-11-15,2024-11-22,1,0.0863424285529,0.533527696793,0.544115964143,0.534846869719,0.539481416931,1,0.5,2024-11-01,0.533527696793,historical_prior,7
2024-11-16,2024-11-23,1,0.0782174733394,0.533527696793,0.544115964143,0.535092599555,0.539604281849,1,0.5,2024-11-01,0.533527696793,historical_prior,7
2024-11-17,2024-11-24,1,0.0895215778047,0.533527696793,0.544115964143,0.536552988465,0.540334476304,1,0.5,2024-11-01,0.533527696793,historical_prior,7
2024-11-18,2024-11-25,1,0.0281429933295,0.533527696793,0.544115964143,0.540355732659,0.542235848401,1,0.5,2024-11-01,0.533527696793,historical_prior,7
2024-11-19,2024-11-26,0,-0.00374419935091,0.533527696793,0.544115964143,0.539587541598,0.54185175287,1,0.5,2024-11-01,0.533527696793,historical_prior,7
2024-11-20,2024-11-27,1,0.0167208348677,0.533527696793,0.544115964143,0.541111188525,0.542613576334,1,0.5,2024-11-01,0.533527696793,historical_prior,7
2024-11-21,2024-11-28,0,-0.0271889575285,0.533527696793,0.544115964143,0.539567305558,0.54184163485,1,0.5,2024-11-01,0.533527696793,historical_prior,7
2024-11-22,2024-11-29,0,-0.0144804433119,0.533527696793,0.544115964143,0.541439875092,0.542777919617,1,0.5,2024-11-01,0.533527696793,historical_prior,7
2024-11-23,2024-11-30,0,-0.0129454175386,0.533527696793,0.544115964143,0.540679111897,0.54239753802,1,0.5,2024-11-01,0.533527696793,historical_prior,7
2024-11-24,2024-12-01,0,-0.00730193777245,0.533527696793,0.544115964143,0.540902047467,0.542509005805,1,0.5,2024-11-01,0.533527696793,historical_prior,7
2024-11-25,2024-12-02,1,0.0304333909866,0.533527696793,0.544115964143,0.542151555027,0.543133759585,1,0.5,2024-11-01,0.533527696793,historical_prior,7
2024-11-26,2024-12-03,1,0.0422391479556,0.533527696793,0.544115964143,0.542650500499,0.543383232321,1,0.5,2024-11-01,0.533527696793,historical_prior,7
2024-11-27,2024-12-04,1,0.0284177093775,0.533527696793,0.544115964143,0.542307175779,0.543211569961,1,0.5,2024-11-01,0.533527696793,historical_prior,7
2024-11-28,2024-12-05,1,0.0136093249152,0.533527696793,0.544115964143,0.542497410702,0.543306687422,1,0.5,2024-11-01,0.533527696793,historical_prior,7
2024-11-29,2024-12-06,1,0.023402831931,0.533527696793,0.544115964143,0.542743737318,0.54342985073,1,0.5,2024-11-01,0.533527696793,historical_prior,7
2024-11-30,2024-12-07,1,0.03551572852,0.533527696793,0.544115964143,0.543145288552,0.543630626347,1,0.5,2024-11-01,0.533527696793,historical_prior,7
2024-12-01,2024-12-08,1,0.0403807452947,0.536816125051,0.551157398751,0.547351033525,0.549254216138,1,0.5,2024-12-01,0.536816125051,historical_prior,7
2024-12-02,2024-12-09,1,0.0149816434827,0.536816125051,0.551157398751,0.545883190764,0.548520294757,1,0.5,2024-12-01,0.536816125051,historical_prior,7
2024-12-03,2024-12-10,1,0.0077549546587,0.536816125051,0.551157398751,0.545819639772,0.548488519261,1,0.5,2024-12-01,0.536816125051,historical_prior,7
2024-12-04,2024-12-11,1,0.0257404299052,0.536816125051,0.551157398751,0.547611752468,0.54938457561,1,0.5,2024-12-01,0.536816125051,historical_prior,7
2024-12-05,2024-12-12,1,0.0315502617292,0.536816125051,0.551157398751,0.546812848441,0.548985123596,1,0.5,2024-12-01,0.536816125051,historical_prior,7
2024-12-06,2024-12-13,1,0.0168778406117,0.536816125051,0.551157398751,0.543371765459,0.547264582105,1,0.5,2024-12-01,0.536816125051,historical_prior,7
2024-12-07,2024-12-14,1,0.0159068250568,0.536816125051,0.551157398751,0.542911519449,0.5470344591,1,0.5,2024-12-01,0.536816125051,historical_prior,7
2024-12-08,2024-12-15,1,0.0331758837119,0.536816125051,0.551157398751,0.542877864156,0.547017631454,1,0.5,2024-12-01,0.536816125051,historical_prior,7
2024-12-09,2024-12-16,1,0.0902807225632,0.536816125051,0.551157398751,0.542685707806,0.546921553278,1,0.5,2024-12-01,0.536816125051,historical_prior,7
2024-12-10,2024-12-17,1,0.0987725818641,0.536816125051,0.551157398751,0.54068922762,0.545923313185,1,0.5,2024-12-01,0.536816125051,historical_prior,7
2024-12-11,2024-12-18,0,-0.00910744128554,0.536816125051,0.551157398751,0.536671202258,0.543914300504,1,0.5,2024-12-01,0.536816125051,historical_prior,7
2024-12-12,2024-12-19,0,-0.0254232093443,0.536816125051,0.551157398751,0.536449148611,0.543803273681,1,0.5,2024-12-01,0.536816125051,historical_prior,7
2024-12-13,2024-12-20,0,-0.0356799286167,0.536816125051,0.551157398751,0.536266902256,0.543712150504,1,0.5,2024-12-01,0.536816125051,historical_prior,7
2024-12-14,2024-12-21,0,-0.0407021297574,0.536816125051,0.551157398751,0.537265328326,0.544211363539,1,0.5,2024-12-01,0.536816125051,historical_prior,7
2024-12-15,2024-12-22,0,-0.0888126138012,0.536816125051,0.551157398751,0.536006913351,0.543582156051,1,0.5,2024-12-01,0.536816125051,historical_prior,7
2024-12-16,2024-12-23,0,-0.105386867984,0.536816125051,0.551157398751,0.535019459203,0.543088428977,1,0.5,2024-12-01,0.536816125051,historical_prior,7
2024-12-17,2024-12-24,0,-0.0703844036779,0.536816125051,0.551157398751,0.535078349959,0.543117874355,1,0.5,2024-12-01,0.536816125051,historical_prior,7
2024-12-18,2024-12-25,0,-0.00772833342698,0.536816125051,0.551157398751,0.536998103956,0.544077751353,1,0.5,2024-12-01,0.536816125051,historical_prior,7
2024-12-19,2024-12-26,0,-0.0171375756629,0.536816125051,0.551157398751,0.535973377929,0.54356538834,1,0.5,2024-12-01,0.536816125051,historical_prior,7
2024-12-20,2024-12-27,0,-0.0358508688269,0.536816125051,0.551157398751,0.535561706401,0.543359552576,1,0.5,2024-12-01,0.536816125051,historical_prior,7
2024-12-21,2024-12-28,0,-0.0204743473743,0.536816125051,0.551157398751,0.533643307125,0.542400352938,1,0.5,2024-12-01,0.536816125051,historical_prior,7
2024-12-22,2024-12-29,0,-0.0152130133894,0.536816125051,0.551157398751,0.534397363811,0.542777381281,1,0.5,2024-12-01,0.536816125051,historical_prior,7
2024-12-23,2024-12-30,0,-0.0220213704531,0.536816125051,0.551157398751,0.535309446323,0.543233422537,1,0.5,2024-12-01,0.536816125051,historical_prior,7
2024-12-24,2024-12-31,0,-0.0515649239567,0.536816125051,0.551157398751,0.535653051169,0.54340522496,1,0.5,2024-12-01,0.536816125051,historical_prior,7
2024-12-25,2025-01-01,0,-0.0486556317234,0.536816125051,0.551157398751,0.535223609243,0.543190503997,1,0.5,2024-12-01,0.536816125051,historical_prior,7
2024-12-26,2025-01-02,1,0.0124561026228,0.536816125051,0.551157398751,0.534998328126,0.543077863439,1,0.5,2024-12-01,0.536816125051,historical_prior,7
2024-12-27,2025-01-03,1,0.0410942721256,0.536816125051,0.551157398751,0.533222559041,0.542189978896,1,0.5,2024-12-01,0.536816125051,historical_prior,7
2024-12-28,2025-01-04,1,0.0306453305352,0.536816125051,0.551157398751,0.53319911375,0.542178256251,1,0.5,2024-12-01,0.536816125051,historical_prior,7
2024-12-29,2025-01-05,1,0.0493439174211,0.536816125051,0.551157398751,0.531751389157,0.541454393954,1,0.5,2024-12-01,0.536816125051,historical_prior,7
2024-12-30,2025-01-06,1,0.101771110779,0.536816125051,0.551157398751,0.532038268833,0.541597833792,1,0.5,2024-12-01,0.536816125051,historical_prior,7
2024-12-31,2025-01-07,1,0.036105518509,0.536816125051,0.551157398751,0.532990833363,0.542074116057,1,0.5,2024-12-01,0.536816125051,historical_prior,7
2025-01-01,2025-01-08,1,0.00495624408841,0.536555645816,0.55019245673,0.5322772553,0.541234856015,1,0.5,2025-01-01,0.536555645816,historical_prior,7
2025-01-02,2025-01-09,0,-0.0457009805352,0.536555645816,0.55019245673,0.531367043903,0.540779750317,1,0.5,2025-01-01,0.536555645816,historical_prior,7
2025-01-03,2025-01-10,0,-0.0351219638402,0.536555645816,0.55019245673,0.529507799955,0.539850128343,1,0.5,2025-01-01,0.536555645816,historical_prior,7
2025-01-04,2025-01-11,0,-0.0368610422468,0.536555645816,0.55019245673,0.530544102077,0.540368279404,1,0.5,2025-01-01,0.536555645816,historical_prior,7
2025-01-05,2025-01-12,0,-0.0388207590185,0.536555645816,0.55019245673,0.528539137514,0.539365797122,1,0.5,2025-01-01,0.536555645816,historical_prior,7
2025-01-06,2025-01-13,0,-0.0753113396899,0.536555645816,0.55019245673,0.52877862956,0.539485543145,1,0.5,2025-01-01,0.536555645816,historical_prior,7
2025-01-07,2025-01-14,0,-0.00406117873095,0.536555645816,0.55019245673,0.528883045356,0.539537751043,1,0.5,2025-01-01,0.536555645816,historical_prior,7
2025-01-08,2025-01-15,1,0.0571923533838,0.536555645816,0.55019245673,0.530605611778,0.540399034254,1,0.5,2025-01-01,0.536555645816,historical_prior,7
2025-01-09,2025-01-16,1,0.0803307398861,0.536555645816,0.55019245673,0.531753335681,0.540972896206,1,0.5,2025-01-01,0.536555645816,historical_prior,7
2025-01-10,2025-01-17,1,0.0987200888963,0.536555645816,0.55019245673,0.529838189605,0.540015323168,1,0.5,2025-01-01,0.536555645816,historical_prior,7
2025-01-11,2025-01-18,1,0.105245677087,0.536555645816,0.55019245673,0.530336444767,0.540264450749,1,0.5,2025-01-01,0.536555645816,historical_prior,7
2025-01-12,2025-01-19,1,0.0717806937771,0.536555645816,0.55019245673,0.529698589046,0.539945522888,1,0.5,2025-01-01,0.536555645816,historical_prior,7
2025-01-13,2025-01-20,1,0.0817032858347,0.536555645816,0.55019245673,0.530976324027,0.540584390378,1,0.5,2025-01-01,0.536555645816,historical_prior,7
2025-01-14,2025-01-21,1,0.0992426952287,0.536555645816,0.55019245673,0.527932692561,0.539062574646,1,0.5,2025-01-01,0.536555645816,historical_prior,7
2025-01-15,2025-01-22,1,0.0319342748839,0.536555645816,0.55019245673,0.527224924096,0.538708690413,1,0.5,2025-01-01,0.536555645816,historical_prior,7
2025-01-16,2025-01-23,1,0.0392353828936,0.536555645816,0.55019245673,0.526308599669,0.5382505282,1,0.5,2025-01-01,0.536555645816,historical_prior,7
2025-01-17,2025-01-24,1,0.00761951576844,0.536555645816,0.55019245673,0.52944222694,0.539817341835,1,0.5,2025-01-01,0.536555645816,historical_prior,7
2025-01-18,2025-01-25,1,0.00182313382952,0.536555645816,0.55019245673,0.530447127984,0.540319792357,1,0.5,2025-01-01,0.536555645816,historical_prior,7
2025-01-19,2025-01-26,1,0.0127149909944,0.536555645816,0.55019245673,0.53042031594,0.540306386335,1,0.5,2025-01-01,0.536555645816,historical_prior,7
2025-01-20,2025-01-27,0,-0.00173264211494,0.536555645816,0.55019245673,0.530724111312,0.540458284021,1,0.5,2025-01-01,0.536555645816,historical_prior,7
2025-01-21,2025-01-28,0,-0.0452998582489,0.536555645816,0.55019245673,0.532761974834,0.541477215782,1,0.5,2025-01-01,0.536555645816,historical_prior,7
2025-01-22,2025-01-29,1,0.000256299836481,0.536555645816,0.55019245673,0.534280680318,0.542236568524,1,0.5,2025-01-01,0.536555645816,historical_prior,7
2025-01-23,2025-01-30,1,0.00782020345617,0.536555645816,0.55019245673,0.532055123782,0.541123790256,1,0.5,2025-01-01,0.536555645816,historical_prior,7
2025-01-24,2025-01-31,0,-0.0232757543828,0.536555645816,0.55019245673,0.533094130602,0.541643293666,1,0.5,2025-01-01,0.536555645816,historical_prior,7
2025-01-25,2025-02-01,0,-0.0392489129745,0.536555645816,0.55019245673,0.534498035415,0.542345246073,1,0.5,2025-01-01,0.536555645816,historical_prior,7
2025-01-26,2025-02-02,0,-0.0479381212239,0.536555645816,0.55019245673,0.534142756205,0.542167606468,1,0.5,2025-01-01,0.536555645816,historical_prior,7
2025-01-27,2025-02-03,0,-0.00738919561693,0.536555645816,0.55019245673,0.533960106524,0.542076281627,1,0.5,2025-01-01,0.536555645816,historical_prior,7
2025-01-28,2025-02-04,0,-0.0352530879597,0.536555645816,0.55019245673,0.535817761688,0.543005109209,1,0.5,2025-01-01,0.536555645816,historical_prior,7
2025-01-29,2025-02-05,0,-0.0686454023802,0.536555645816,0.55019245673,0.535720930897,0.542956693813,1,0.5,2025-01-01,0.536555645816,historical_prior,7
2025-01-30,2025-02-06,0,-0.0780019162946,0.536555645816,0.55019245673,0.535482587144,0.542837521937,1,0.5,2025-01-01,0.536555645816,historical_prior,7
2025-01-31,2025-02-07,0,-0.0578227613201,0.536555645816,0.55019245673,0.53535873405,0.54277559539,1,0.5,2025-01-01,0.536555645816,historical_prior,7
2025-02-01,2025-02-08,0,-0.0416443874512,0.538307260329,0.553618289558,0.53679568654,0.545206988049,1,0.5,2025-02-01,0.538307260329,historical_prior,7
2025-02-02,2025-02-09,0,-0.012669729016,0.538307260329,0.553618289558,0.535697473308,0.544657881433,1,0.5,2025-02-01,0.538307260329,historical_prior,7
2025-02-03,2025-02-10,0,-0.0384659718705,0.538307260329,0.553618289558,0.535824125608,0.544721207583,1,0.5,2025-02-01,0.538307260329,historical_prior,7
2025-02-04,2025-02-11,0,-0.0203034620516,0.538307260329,0.553618289558,0.535757365404,0.544687827481,1,0.5,2025-02-01,0.538307260329,historical_prior,7
2025-02-05,2025-02-12,1,0.0130165445585,0.538307260329,0.500673567405,0.534678890145,0.517676228775,1,0.5,2025-02-01,0.538307260329,historical_prior,7
2025-02-06,2025-02-13,1,0.000557095563276,0.538307260329,0.500673567405,0.53661359265,0.518643580028,1,0.5,2025-02-01,0.538307260329,historical_prior,7
2025-02-07,2025-02-14,1,0.0102964765177,0.538307260329,0.500673567405,0.536532478636,0.51860302302,1,0.5,2025-02-01,0.538307260329,historical_prior,7
2025-02-08,2025-02-15,1,0.0116638813065,0.538307260329,0.500673567405,0.536813478425,0.518743522915,1,0.5,2025-02-01,0.538307260329,historical_prior,7
2025-02-09,2025-02-16,0,-0.00357267442614,0.538307260329,0.500673567405,0.534636293214,0.517654930309,1,0.5,2025-02-01,0.538307260329,historical_prior,7
2025-02-10,2025-02-17,0,-0.016943509251,0.538307260329,0.553618289558,0.536071605895,0.544844947727,1,0.5,2025-02-01,0.538307260329,historical_prior,7
2025-02-11,2025-02-18,0,-0.00111152642251,0.538307260329,0.500673567405,0.534849461596,0.5177615145,1,0.5,2025-02-01,0.538307260329,historical_prior,7
2025-02-12,2025-02-19,0,-0.0125229398716,0.538307260329,0.500673567405,0.534559342483,0.517616454944,1,0.5,2025-02-01,0.538307260329,historical_prior,7
2025-02-13,2025-02-20,1,0.0175643584485,0.538307260329,0.500673567405,0.533583267632,0.517128417518,1,0.5,2025-02-01,0.538307260329,historical_prior,7
2025-02-14,2025-02-21,0,-0.0135230103483,0.538307260329,0.500673567405,0.531503756787,0.516088662096,1,0.5,2025-02-01,0.538307260329,historical_prior,7
2025-02-15,2025-02-22,0,-0.0104402331626,0.538307260329,0.500673567405,0.531697453629,0.516185510517,1,0.5,2025-02-01,0.538307260329,historical_prior,7
2025-02-16,2025-02-23,1,0.00145529271692,0.538307260329,0.500673567405,0.529571038086,0.515122302745,1,0.5,2025-02-01,0.538307260329,historical_prior,7
2025-02-17,2025-02-24,0,-0.0441336395907,0.538307260329,0.500673567405,0.529734215918,0.515203891661,1,0.5,2025-02-01,0.538307260329,historical_prior,7
2025-02-18,2025-02-25,0,-0.073076333722,0.538307260329,0.500673567405,0.530170590242,0.515422078823,1,0.5,2025-02-01,0.538307260329,historical_prior,7
2025-02-19,2025-02-26,0,-0.128246270321,0.538307260329,0.500673567405,0.530612156782,0.515642862093,1,0.5,2025-02-01,0.538307260329,historical_prior,7
2025-02-20,2025-02-27,0,-0.138308529576,0.538307260329,0.553618289558,0.528221840267,0.540920064913,1,0.5,2025-02-01,0.538307260329,historical_prior,7
2025-02-21,2025-02-28,0,-0.123017222145,0.538307260329,0.500673567405,0.529500361128,0.515086964266,1,0.5,2025-02-01,0.538307260329,historical_prior,7
2025-02-22,2025-03-01,0,-0.10861077476,0.538307260329,0.500673567405,0.52946514451,0.515069355957,1,0.5,2025-02-01,0.538307260329,historical_prior,7
2025-02-23,2025-03-02,0,-0.0206528288558,0.538307260329,0.553618289558,0.528486739717,0.541052514638,1,0.5,2025-02-01,0.538307260329,historical_prior,7
2025-02-24,2025-03-03,0,-0.0582425151453,0.538307260329,0.500673567405,0.529023833056,0.514848700231,1,0.5,2025-02-01,0.538307260329,historical_prior,7
2025-02-25,2025-03-04,0,-0.015769211686,0.538307260329,0.500673567405,0.529943701102,0.515308634253,1,0.5,2025-02-01,0.538307260329,historical_prior,7
2025-02-26,2025-03-05,1,0.0754411063537,0.538307260329,0.500673567405,0.53103098272,0.515852275062,1,0.5,2025-02-01,0.538307260329,historical_prior,7
2025-02-27,2025-03-06,1,0.0616621126219,0.538307260329,0.500673567405,0.532015270997,0.516344419201,1,0.5,2025-02-01,0.538307260329,historical_prior,7
2025-02-28,2025-03-07,1,0.0290671220394,0.538307260329,0.500673567405,0.529994766796,0.5153341671,1,0.5,2025-02-01,0.538307260329,historical_prior,7
2025-03-01,2025-03-08,1,0.001834902253,0.534708449028,0.497278110128,0.524638120096,0.510958115112,1,0.5,2025-03-01,0.534708449028,historical_prior,7
2025-03-02,2025-03-09,0,-0.143583642728,0.534708449028,0.547428831855,0.528471201758,0.537950016807,1,0.5,2025-03-01,0.534708449028,historical_prior,7
2025-03-03,2025-03-10,0,-0.0884330324269,0.534708449028,0.497278110128,0.528895863522,0.513086986825,1,0.5,2025-03-01,0.534708449028,historical_prior,7
2025-03-04,2025-03-11,0,-0.0498268943945,0.534708449028,0.497278110128,0.529080309447,0.513179209788,1,0.5,2025-03-01,0.534708449028,historical_prior,7
2025-03-05,2025-03-12,0,-0.0764396313225,0.534708449028,0.497278110128,0.525864545011,0.51157132757,1,0.5,2025-03-01,0.534708449028,historical_prior,7
2025-03-06,2025-03-13,0,-0.098030965434,0.534708449028,0.497278110128,0.527383640289,0.512330875209,1,0.5,2025-03-01,0.534708449028,historical_prior,7
2025-03-07,2025-03-14,0,-0.0324711195339,0.534708449028,0.497278110128,0.527851319616,0.512564714872,1,0.5,2025-03-01,0.534708449028,historical_prior,7
2025-03-08,2025-03-15,0,-0.0218505737195,0.534708449028,0.497278110128,0.528556508591,0.512917309359,1,0.5,2025-03-01,0.534708449028,historical_prior,7
2025-03-09,2025-03-16,1,0.0227927709103,0.534708449028,0.53747752918,0.532259484533,0.534868506857,1,0.5,2025-03-01,0.534708449028,historical_prior,7
2025-03-10,2025-03-17,1,0.0688861983316,0.534708449028,0.53747752918,0.529169244848,0.533323387014,1,0.5,2025-03-01,0.534708449028,historical_prior,7
2025-03-11,2025-03-18,0,-0.00262814592842,0.534708449028,0.53747752918,0.530545662316,0.534011595748,1,0.5,2025-03-01,0.534708449028,historical_prior,7
2025-03-12,2025-03-19,1,0.037832402726,0.534708449028,0.497278110128,0.531435026843,0.514356568485,1,0.5,2025-03-01,0.534708449028,historical_prior,7
2025-03-13,2025-03-20,1,0.0383107947677,0.534708449028,0.53747752918,0.531908264411,0.534692896796,1,0.5,2025-03-01,0.534708449028,historical_prior,7
2025-03-14,2025-03-21,1,0.00125727526458,0.534708449028,0.497278110128,0.530058381381,0.513668245754,1,0.5,2025-03-01,0.534708449028,historical_prior,7
2025-03-15,2025-03-22,0,-0.00590300223718,0.534708449028,0.497278110128,0.530428903395,0.513853506761,1,0.5,2025-03-01,0.534708449028,historical_prior,7
2025-03-16,2025-03-23,1,0.0424824700788,0.534708449028,0.53747752918,0.527675903537,0.532576716359,1,0.5,2025-03-01,0.534708449028,historical_prior,7
2025-03-17,2025-03-24,1,0.0415203994095,0.534708449028,0.53747752918,0.526888483384,0.532183006282,1,0.5,2025-03-01,0.534708449028,historical_prior,7
2025-03-18,2025-03-25,1,0.0565536880057,0.534708449028,0.53747752918,0.529353128676,0.533415328928,1,0.5,2025-03-01,0.534708449028,historical_prior,7
2025-03-19,2025-03-26,1,0.000728070880458,0.534708449028,0.497278110128,0.530564492104,0.513921301116,1,0.5,2025-03-01,0.534708449028,historical_prior,7
2025-03-20,2025-03-27,1,0.0357219057556,0.534708449028,0.53747752918,0.529552718993,0.533515124087,1,0.5,2025-03-01,0.534708449028,historical_prior,7
2025-03-21,2025-03-28,1,0.00399090057069,0.534708449028,0.53747752918,0.530270403604,0.533873966392,1,0.5,2025-03-01,0.534708449028,historical_prior,7
2025-03-22,2025-03-29,0,-0.0142180535705,0.534708449028,0.53747752918,0.529569719823,0.533523624502,1,0.5,2025-03-01,0.534708449028,historical_prior,7
2025-03-23,2025-03-30,0,-0.0428950135045,0.534708449028,0.497278110128,0.530045544409,0.513661827268,1,0.5,2025-03-01,0.534708449028,historical_prior,7
2025-03-24,2025-03-31,0,-0.056551474911,0.534708449028,0.497278110128,0.53061211826,0.513945114194,1,0.5,2025-03-01,0.534708449028,historical_prior,7
2025-03-25,2025-04-01,0,-0.0255687906805,0.534708449028,0.497278110128,0.530215952499,0.513747031313,1,0.5,2025-03-01,0.534708449028,historical_prior,7
2025-03-26,2025-04-02,0,-0.0505456443779,0.534708449028,0.497278110128,0.533677430714,0.515477770421,1,0.5,2025-03-01,0.534708449028,historical_prior,7
2025-03-27,2025-04-03,0,-0.0460716198102,0.534708449028,0.497278110128,0.533875015579,0.515576562853,1,0.5,2025-03-01,0.534708449028,historical_prior,7
2025-03-28,2025-04-04,0,-0.00633122801731,0.534708449028,0.53747752918,0.535650353045,0.536563941113,1,0.5,2025-03-01,0.534708449028,historical_prior,7
2025-03-29,2025-04-05,1,0.0107618355993,0.534708449028,0.53747752918,0.535302765616,0.536390147398,1,0.5,2025-03-01,0.534708449028,historical_prior,7
2025-03-30,2025-04-06,0,-0.048063969907,0.534708449028,0.53747752918,0.536391987809,0.536934758494,1,0.5,2025-03-01,0.534708449028,historical_prior,7
2025-03-31,2025-04-07,0,-0.0410268878223,0.534708449028,0.53747752918,0.535997810974,0.536737670077,1,0.5,2025-03-01,0.534708449028,historical_prior,7
2025-04-01,2025-04-08,0,-0.103758715823,0.534090909091,0.540227272727,0.53010253928,0.535164906004,1,0.5,2025-04-01,0.534090909091,historical_prior,7
2025-04-02,2025-04-09,1,0.00119891478398,0.534090909091,0.540227272727,0.532281770064,0.536254521395,1,0.5,2025-04-01,0.534090909091,historical_prior,7
2025-04-03,2025-04-10,0,-0.0433320046161,0.534090909091,0.540227272727,0.531858375322,0.536042824025,1,0.5,2025-04-01,0.534090909091,historical_prior,7
2025-04-04,2025-04-11,0,-0.00555525953253,0.534090909091,0.540227272727,0.528465991648,0.534346632188,1,0.5,2025-04-01,0.534090909091,historical_prior,7
2025-04-05,2025-04-12,1,0.0208157988958,0.534090909091,0.540227272727,0.52794329481,0.534085283768,1,0.5,2025-04-01,0.534090909091,historical_prior,7
2025-04-06,2025-04-13,1,0.0679586892771,0.534090909091,0.540227272727,0.530153439969,0.535190356348,1,0.5,2025-04-01,0.534090909091,historical_prior,7
2025-04-07,2025-04-14,1,0.0685714733252,0.534090909091,0.540227272727,0.530564224414,0.535395748571,1,0.5,2025-04-01,0.534090909091,historical_prior,7
2025-04-08,2025-04-15,1,0.0959294791753,0.534090909091,0.540227272727,0.534050447623,0.537138860175,1,0.5,2025-04-01,0.534090909091,historical_prior,7
2025-04-09,2025-04-16,1,0.0171295313382,0.534090909091,0.540227272727,0.535329244176,0.537778258452,1,0.5,2025-04-01,0.534090909091,historical_prior,7
2025-04-10,2025-04-17,1,0.0670869380069,0.534090909091,0.540227272727,0.532951552179,0.536589412453,1,0.5,2025-04-01,0.534090909091,historical_prior,7
2025-04-11,2025-04-18,1,0.0125965191725,0.534090909091,0.540227272727,0.533361629169,0.536794450948,1,0.5,2025-04-01,0.534090909091,historical_prior,7
2025-04-12,2025-04-19,0,-0.00234401109796,0.534090909091,0.540227272727,0.534424515553,0.53732589414,1,0.5,2025-04-01,0.534090909091,historical_prior,7
2025-04-13,2025-04-20,1,0.0169441260745,0.534090909091,0.540227272727,0.53014575022,0.535186511474,1,0.5,2025-04-01,0.534090909091,historical_prior,7
2025-04-14,2025-04-21,1,0.0345737719995,0.534090909091,0.540227272727,0.530347888244,0.535287580486,1,0.5,2025-04-01,0.534090909091,historical_prior,7
2025-04-15,2025-04-22,1,0.117151274108,0.534090909091,0.540227272727,0.529749662766,0.534988467747,1,0.5,2025-04-01,0.534090909091,historical_prior,7
2025-04-16,2025-04-23,1,0.114966753691,0.534090909091,0.540227272727,0.532127886658,0.536177579693,1,0.5,2025-04-01,0.534090909091,historical_prior,7
2025-04-17,2025-04-24,1,0.106330573642,0.534090909091,0.540227272727,0.531273764235,0.535750518481,1,0.5,2025-04-01,0.534090909091,historical_prior,7
2025-04-18,2025-04-25,1,0.120319944353,0.534090909091,0.540227272727,0.530410276088,0.535318774408,1,0.5,2025-04-01,0.534090909091,historical_prior,7
2025-04-19,2025-04-26,1,0.112262878068,0.534090909091,0.540227272727,0.532443686613,0.53633547967,1,0.5,2025-04-01,0.534090909091,historical_prior,7
2025-04-20,2025-04-27,1,0.100612074022,0.534090909091,0.540227272727,0.531792176995,0.536009724861,1,0.5,2025-04-01,0.534090909091,historical_prior,7
2025-04-21,2025-04-28,1,0.0856406863047,0.534090909091,0.540227272727,0.532473888375,0.536350580551,1,0.5,2025-04-01,0.534090909091,historical_prior,7
2025-04-22,2025-04-29,1,0.0087093745609,0.534090909091,0.492213804714,0.531610178779,0.511911991746,1,0.5,2025-04-01,0.534090909091,historical_prior,7
2025-04-23,2025-04-30,1,0.0051330393459,0.534090909091,0.492213804714,0.531026735894,0.511620270304,1,0.5,2025-04-01,0.534090909091,historical_prior,7
2025-04-24,2025-05-01,1,0.0267017179208,0.534090909091,0.492213804714,0.531523388689,0.511868596702,1,0.5,2025-04-01,0.534090909091,historical_prior,7
2025-04-25,2025-05-02,1,0.023758361803,0.534090909091,0.492213804714,0.53153152777,0.511872666242,1,0.5,2025-04-01,0.534090909091,historical_prior,7
2025-04-26,2025-05-03,1,0.012981569937,0.534090909091,0.492213804714,0.531666910754,0.511940357734,1,0.5,2025-04-01,0.534090909091,historical_prior,7
2025-04-27,2025-05-04,1,0.0056354554114,0.534090909091,0.492213804714,0.532926838317,0.512570321515,1,0.5,2025-04-01,0.534090909091,historical_prior,7
2025-04-28,2025-05-05,0,-0.00292070891026,0.534090909091,0.546487603306,0.534822084761,0.540654844033,1,0.5,2025-04-01,0.534090909091,historical_prior,7
2025-04-29,2025-05-06,1,0.0273423185717,0.534090909091,0.546487603306,0.537663875789,0.542075739548,1,0.5,2025-04-01,0.534090909091,historical_prior,7
2025-04-30,2025-05-07,1,0.0303540330459,0.534090909091,0.546487603306,0.537701930193,0.54209476675,1,0.5,2025-04-01,0.534090909091,historical_prior,7
2025-05-01,2025-05-08,1,0.0701802913901,0.535631293571,0.546515086801,0.538103606325,0.542309346563,1,0.5,2025-05-01,0.535631293571,historical_prior,7
2025-05-02,2025-05-09,1,0.0628034845491,0.535631293571,0.546515086801,0.539471073613,0.542993080207,1,0.5,2025-05-01,0.535631293571,historical_prior,7
2025-05-03,2025-05-10,1,0.0934012557531,0.535631293571,0.546515086801,0.539156075054,0.542835580928,1,0.5,2025-05-01,0.535631293571,historical_prior,7
2025-05-04,2025-05-11,1,0.104376627242,0.535631293571,0.546515086801,0.538549607222,0.542532347011,1,0.5,2025-05-01,0.535631293571,historical_prior,7
2025-05-05,2025-05-12,1,0.0850557056371,0.535631293571,0.546515086801,0.539234727888,0.542874907344,1,0.5,2025-05-01,0.535631293571,historical_prior,7
2025-05-06,2025-05-13,1,0.075073822196,0.535631293571,0.546515086801,0.540643772593,0.543579429697,1,0.5,2025-05-01,0.535631293571,historical_prior,7
2025-05-07,2025-05-14,1,0.0667555047124,0.535631293571,0.546515086801,0.540210924287,0.543363005544,1,0.5,2025-05-01,0.535631293571,historical_prior,7
2025-05-08,2025-05-15,1,0.00486250455155,0.535631293571,0.546515086801,0.543002033412,0.544758560107,1,0.5,2025-05-01,0.535631293571,historical_prior,7
2025-05-09,2025-05-16,1,0.00477712434226,0.535631293571,0.546515086801,0.538269855631,0.542392471216,1,0.5,2025-05-01,0.535631293571,historical_prior,7
2025-05-10,2025-05-17,0,-0.0160565551625,0.535631293571,0.546515086801,0.53891867479,0.542716880796,1,0.5,2025-05-01,0.535631293571,historical_prior,7
2025-05-11,2025-05-18,1,0.0224385793043,0.535631293571,0.546515086801,0.535789354464,0.541152220633,1,0.5,2025-05-01,0.535631293571,historical_prior,7
2025-05-12,2025-05-19,1,0.0270686279736,0.535631293571,0.546515086801,0.535054881642,0.540784984222,1,0.5,2025-05-01,0.535631293571,historical_prior,7
2025-05-13,2025-05-20,1,0.0263801331979,0.535631293571,0.546515086801,0.5364952944,0.541505190601,1,0.5,2025-05-01,0.535631293571,historical_prior,7
2025-05-14,2025-05-21,1,0.0592821875681,0.535631293571,0.546515086801,0.536198163089,0.541356624945,1,0.5,2025-05-01,0.535631293571,historical_prior,7
2025-05-15,2025-05-22,1,0.0764477291724,0.535631293571,0.546515086801,0.53893941812,0.542727252461,1,0.5,2025-05-01,0.535631293571,historical_prior,7
2025-05-16,2025-05-23,1,0.0372535734686,0.535631293571,0.546515086801,0.538674558622,0.542594822712,1,0.5,2025-05-01,0.535631293571,historical_prior,7
2025-05-17,2025-05-24,1,0.0449472566015,0.535631293571,0.546515086801,0.538892610506,0.542703848654,1,0.5,2025-05-01,0.535631293571,historical_prior,7
2025-05-18,2025-05-25,1,0.0239532922403,0.535631293571,0.546515086801,0.539062010811,0.542788548806,1,0.5,2025-05-01,0.535631293571,historical_prior,7
2025-05-19,2025-05-26,1,0.0365720680162,0.535631293571,0.546515086801,0.538364736623,0.542439911712,1,0.5,2025-05-01,0.535631293571,historical_prior,7
2025-05-20,2025-05-27,1,0.0195430996297,0.535631293571,0.546515086801,0.538793727752,0.542654407277,1,0.5,2025-05-01,0.535631293571,historical_prior,7
2025-05-21,2025-05-28,0,-0.0169841502485,0.535631293571,0.546515086801,0.537360529324,0.541937808063,1,0.5,2025-05-01,0.535631293571,historical_prior,7
2025-05-22,2025-05-29,0,-0.0546702524643,0.535631293571,0.546515086801,0.533282816568,0.539898951685,1,0.5,2025-05-01,0.535631293571,historical_prior,7
2025-05-23,2025-05-30,0,-0.0310554677068,0.535631293571,0.546515086801,0.533875501951,0.540195294376,1,0.5,2025-05-01,0.535631293571,historical_prior,7
2025-05-24,2025-05-31,0,-0.0294169804526,0.535631293571,0.546515086801,0.533628298894,0.540071692848,1,0.5,2025-05-01,0.535631293571,historical_prior,7
2025-05-25,2025-06-01,0,-0.0308360623569,0.535631293571,0.546515086801,0.534534271319,0.54052467906,1,0.5,2025-05-01,0.535631293571,historical_prior,7
2025-05-26,2025-06-02,0,-0.0326843045068,0.535631293571,0.546515086801,0.534231211861,0.540373149331,1,0.5,2025-05-01,0.535631293571,historical_prior,7
2025-05-27,2025-06-03,0,-0.0326908373805,0.535631293571,0.546515086801,0.535073187065,0.540794136933,1,0.5,2025-05-01,0.535631293571,historical_prior,7
2025-05-28,2025-06-04,0,-0.0286219062257,0.535631293571,0.546515086801,0.535514907549,0.541014997175,1,0.5,2025-05-01,0.535631293571,historical_prior,7
2025-05-29,2025-06-05,0,-0.038650247775,0.535631293571,0.546515086801,0.536744489049,0.541629787925,1,0.5,2025-05-01,0.535631293571,historical_prior,7
2025-05-30,2025-06-06,1,0.00291348369022,0.535631293571,0.546515086801,0.535407709727,0.540961398264,1,0.5,2025-05-01,0.535631293571,historical_prior,7
2025-05-31,2025-06-07,1,0.00918111425093,0.535631293571,0.546515086801,0.534321267918,0.540418177359,1,0.5,2025-05-01,0.535631293571,historical_prior,7
2025-06-01,2025-06-08,1,0.000862054848346,0.538844240337,0.551757250039,0.538416495387,0.545086872713,1,0.5,2025-06-01,0.538844240337,historical_prior,7
2025-06-02,2025-06-09,1,0.0416126359475,0.538844240337,0.551757250039,0.539043186806,0.545400218423,1,0.5,2025-06-01,0.538844240337,historical_prior,7
2025-06-03,2025-06-10,1,0.0464760347359,0.538844240337,0.551757250039,0.539572448129,0.545664849084,1,0.5,2025-06-01,0.538844240337,historical_prior,7
2025-06-04,2025-06-11,1,0.0377113506556,0.538844240337,0.551757250039,0.538958573534,0.545357911787,1,0.5,2025-06-01,0.538844240337,historical_prior,7
2025-06-05,2025-06-12,1,0.0410117637231,0.538844240337,0.551757250039,0.537231348594,0.544494299317,1,0.5,2025-06-01,0.538844240337,historical_prior,7
2025-06-06,2025-06-13,1,0.017050307781,0.538844240337,0.551757250039,0.536915302247,0.544336276143,1,0.5,2025-06-01,0.538844240337,historical_prior,7
2025-06-07,2025-06-14,0,-0.00130276834721,0.538844240337,0.551757250039,0.532865135955,0.542311192997,1,0.5,2025-06-01,0.538844240337,historical_prior,7
2025-06-08,2025-06-15,0,-0.00132398282482,0.538844240337,0.551757250039,0.533374833125,0.542566041582,1,0.5,2025-06-01,0.538844240337,historical_prior,7
2025-06-09,2025-06-16,0,-0.0314565118931,0.538844240337,0.551757250039,0.533271300565,0.542514275302,1,0.5,2025-06-01,0.538844240337,historical_prior,7
2025-06-10,2025-06-17,0,-0.0518998110078,0.538844240337,0.551757250039,0.533416791295,0.542587020667,1,0.5,2025-06-01,0.538844240337,historical_prior,7
2025-06-11,2025-06-18,0,-0.034592810059,0.538844240337,0.551757250039,0.533782676006,0.542769963023,1,0.5,2025-06-01,0.538844240337,historical_prior,7
2025-06-12,2025-06-19,0,-0.00958761629056,0.538844240337,0.551757250039,0.532156268658,0.541956759349,1,0.5,2025-06-01,0.538844240337,historical_prior,7
2025-06-13,2025-06-20,0,-0.0261024701558,0.538844240337,0.551757250039,0.53343137303,0.542594311534,1,0.5,2025-06-01,0.538844240337,historical_prior,7
2025-06-14,2025-06-21,0,-0.0312540079822,0.538844240337,0.551757250039,0.533736948379,0.542747099209,1,0.5,2025-06-01,0.538844240337,historical_prior,7
2025-06-15,2025-06-22,0,-0.0438485099676,0.538844240337,0.551757250039,0.533951386565,0.542854318302,1,0.5,2025-06-01,0.538844240337,historical_prior,7
2025-06-16,2025-06-23,0,-0.0136767304468,0.538844240337,0.551757250039,0.535717468632,0.543737359335,1,0.5,2025-06-01,0.538844240337,historical_prior,7
2025-06-17,2025-06-24,1,0.0146514859662,0.538844240337,0.551757250039,0.533870024913,0.542813637476,1,0.5,2025-06-01,0.538844240337,historical_prior,7
2025-06-18,2025-06-25,1,0.0233947500343,0.538844240337,0.551757250039,0.533745493459,0.542751371749,1,0.5,2025-06-01,0.538844240337,historical_prior,7
2025-06-19,2025-06-26,1,0.0218660503643,0.538844240337,0.551757250039,0.532084693988,0.541920972014,1,0.5,2025-06-01,0.538844240337,historical_prior,7
2025-06-20,2025-06-27,1,0.0362988669963,0.538844240337,0.551757250039,0.530663754461,0.54121050225,1,0.5,2025-06-01,0.538844240337,historical_prior,7
2025-06-21,2025-06-28,1,0.0506931011856,0.538844240337,0.551757250039,0.529332101489,0.540544675764,1,0.5,2025-06-01,0.538844240337,historical_prior,7
2025-06-22,2025-06-29,1,0.0732248080427,0.538844240337,0.551757250039,0.530807556284,0.541282403161,1,0.5,2025-06-01,0.538844240337,historical_prior,7
2025-06-23,2025-06-30,1,0.0172078455632,0.538844240337,0.551757250039,0.531944258969,0.541850754504,1,0.5,2025-06-01,0.538844240337,historical_prior,7
2025-06-24,2025-07-01,0,-0.00378816587012,0.538844240337,0.551757250039,0.530610508652,0.541183879346,1,0.5,2025-06-01,0.538844240337,historical_prior,7
2025-06-25,2025-07-02,1,0.0140582433969,0.538844240337,0.551757250039,0.530637378076,0.541197314058,1,0.5,2025-06-01,0.538844240337,historical_prior,7
2025-06-26,2025-07-03,1,0.0246637915993,0.538844240337,0.551757250039,0.5307681107,0.541262680369,1,0.5,2025-06-01,0.538844240337,historical_prior,7
2025-06-27,2025-07-04,1,0.00874984668034,0.538844240337,0.551757250039,0.530795824738,0.541276537388,1,0.5,2025-06-01,0.538844240337,historical_prior,7
2025-06-28,2025-07-05,1,0.00840034450238,0.538844240337,0.551757250039,0.531261305772,0.541509277905,1,0.5,2025-06-01,0.538844240337,historical_prior,7
2025-06-29,2025-07-06,1,0.00781592833979,0.538844240337,0.551757250039,0.531587863089,0.541672556564,1,0.5,2025-06-01,0.538844240337,historical_prior,7
2025-06-30,2025-07-07,1,0.0104197523951,0.538844240337,0.551757250039,0.532833701027,0.542295475533,1,0.5,2025-06-01,0.538844240337,historical_prior,7
2025-07-01,2025-07-08,1,0.0306756721209,0.53840332955,0.55049146671,0.532118883231,0.541305174971,1,0.5,2025-07-01,0.53840332955,historical_prior,7
2025-07-02,2025-07-09,1,0.0219053629963,0.53840332955,0.55049146671,0.532805709811,0.541648588261,1,0.5,2025-07-01,0.53840332955,historical_prior,7
2025-07-03,2025-07-10,1,0.0586324122748,0.53840332955,0.55049146671,0.532880986066,0.541686226388,1,0.5,2025-07-01,0.53840332955,historical_prior,7
2025-07-04,2025-07-11,1,0.0883778966264,0.53840332955,0.55049146671,0.533311454547,0.541901460629,1,0.5,2025-07-01,0.53840332955,historical_prior,7
2025-07-05,2025-07-12,1,0.0852314254628,0.53840332955,0.55049146671,0.534540881325,0.542516174018,1,0.5,2025-07-01,0.53840332955,historical_prior,7
2025-07-06,2025-07-13,1,0.0904986491318,0.53840332955,0.55049146671,0.533390364388,0.541940915549,1,0.5,2025-07-01,0.53840332955,historical_prior,7
2025-07-07,2025-07-14,1,0.106945553114,0.53840332955,0.55049146671,0.532341154543,0.541416310627,1,0.5,2025-07-01,0.53840332955,historical_prior,7
2025-07-08,2025-07-15,1,0.0811133701998,0.53840332955,0.55049146671,0.531711631187,0.541101548949,1,0.5,2025-07-01,0.53840332955,historical_prior,7
2025-07-09,2025-07-16,1,0.0664944231525,0.53840332955,0.55049146671,0.530315340997,0.540403403854,1,0.5,2025-07-01,0.53840332955,historical_prior,7
2025-07-10,2025-07-17,1,0.027304197914,0.53840332955,0.55049146671,0.531248278271,0.540869872491,1,0.5,2025-07-01,0.53840332955,historical_prior,7
2025-07-11,2025-07-18,1,0.00337945977994,0.53840332955,0.55049146671,0.531317400319,0.540904433515,1,0.5,2025-07-01,0.53840332955,historical_prior,7
2025-07-12,2025-07-19,1,0.00357690342361,0.53840332955,0.55049146671,0.53240178507,0.54144662589,1,0.5,2025-07-01,0.53840332955,historical_prior,7
2025-07-13,2025-07-20,0,-0.0152957544188,0.53840332955,0.55049146671,0.532633887438,0.541562677074,1,0.5,2025-07-01,0.53840332955,historical_prior,7
2025-07-14,2025-07-21,0,-0.0205340100957,0.53840332955,0.55049146671,0.53255076614,0.541521116425,1,0.5,2025-07-01,0.53840332955,historical_prior,7
2025-07-15,2025-07-22,1,0.0186512026477,0.53840332955,0.55049146671,0.53292745212,0.541709459415,1,0.5,2025-07-01,0.53840332955,historical_prior,7
2025-07-16,2025-07-23,1,0.00105841309013,0.53840332955,0.55049146671,0.533209203967,0.541850335339,1,0.5,2025-07-01,0.53840332955,historical_prior,7
2025-07-17,2025-07-24,0,-0.00701952615912,0.53840332955,0.55049146671,0.535706543651,0.54309900518,1,0.5,2025-07-01,0.53840332955,historical_prior,7
2025-07-18,2025-07-25,0,-0.00263328743969,0.53840332955,0.55049146671,0.536186787847,0.543339127279,1,0.5,2025-07-01,0.53840332955,historical_prior,7
2025-07-19,2025-07-26,1,0.000678801765105,0.53840332955,0.55049146671,0.536262649914,0.543377058312,1,0.5,2025-07-01,0.53840332955,historical_prior,7
2025-07-20,2025-07-27,1,0.0183381895657,0.53840332955,0.55049146671,0.537401927686,0.543946697198,1,0.5,2025-07-01,0.53840332955,historical_prior,7
2025-07-21,2025-07-28,1,0.00580983053724,0.53840332955,0.55049146671,0.538127830498,0.544309648604,1,0.5,2025-07-01,0.53840332955,historical_prior,7
2025-07-22,2025-07-29,0,-0.016703511217,0.53840332955,0.55049146671,0.537967067278,0.544229266994,1,0.5,2025-07-01,0.53840332955,historical_prior,7
2025-07-23,2025-07-30,0,-0.00771068474104,0.53840332955,0.55049146671,0.535675507168,0.543083486939,1,0.5,2025-07-01,0.53840332955,historical_prior,7
2025-07-24,2025-07-31,0,-0.0217752952717,0.53840332955,0.55049146671,0.535546666511,0.543019066611,1,0.5,2025-07-01,0.53840332955,historical_prior,7
2025-07-25,2025-08-01,0,-0.0366994458412,0.53840332955,0.55049146671,0.534560810551,0.542526138631,1,0.5,2025-07-01,0.53840332955,historical_prior,7
2025-07-26,2025-08-02,0,-0.0455702209608,0.53840332955,0.55049146671,0.534698427586,0.542594947148,1,0.5,2025-07-01,0.53840332955,historical_prior,7
2025-07-27,2025-08-03,0,-0.043601942963,0.53840332955,0.55049146671,0.534491341962,0.542491404336,1,0.5,2025-07-01,0.53840332955,historical_prior,7
2025-07-28,2025-08-04,0,-0.0254720557753,0.53840332955,0.55049146671,0.534539857791,0.542515662251,1,0.5,2025-07-01,0.53840332955,historical_prior,7
2025-07-29,2025-08-05,0,-0.0323949587099,0.53840332955,0.55049146671,0.534933153361,0.542712310036,1,0.5,2025-07-01,0.53840332955,historical_prior,7
2025-07-30,2025-08-06,0,-0.0241685569368,0.53840332955,0.55049146671,0.535003508961,0.542747487836,1,0.5,2025-07-01,0.53840332955,historical_prior,7
2025-07-31,2025-08-07,1,0.0147535401309,0.53840332955,0.55049146671,0.535630379417,0.543060923063,1,0.5,2025-07-01,0.53840332955,historical_prior,7
2025-08-01,2025-08-08,1,0.029804692813,0.540762902019,0.555222150943,0.537588233194,0.546405192068,1,0.5,2025-08-01,0.540762902019,historical_prior,7
2025-08-02,2025-08-09,1,0.03479366501,0.540762902019,0.555222150943,0.537379163795,0.546300657369,1,0.5,2025-08-01,0.540762902019,historical_prior,7
2025-08-03,2025-08-10,1,0.0445255531973,0.540762902019,0.555222150943,0.538536028126,0.546879089534,1,0.5,2025-08-01,0.540762902019,historical_prior,7
2025-08-04,2025-08-11,1,0.0315585507213,0.540762902019,0.555222150943,0.538038874309,0.546630512626,1,0.5,2025-08-01,0.540762902019,historical_prior,7
2025-08-05,2025-08-12,1,0.0526096832771,0.540762902019,0.555222150943,0.537579305013,0.546400727978,1,0.5,2025-08-01,0.540762902019,historical_prior,7
2025-08-06,2025-08-13,1,0.0723019034236,0.540762902019,0.555222150943,0.537935822957,0.54657898695,1,0.5,2025-08-01,0.540762902019,historical_prior,7
2025-08-07,2025-08-14,1,0.00700660523303,0.540762902019,0.555222150943,0.537132753887,0.546177452415,1,0.5,2025-08-01,0.540762902019,historical_prior,7
2025-08-08,2025-08-15,1,0.00571940421723,0.540762902019,0.555222150943,0.535232858955,0.545227504949,1,0.5,2025-08-01,0.540762902019,historical_prior,7
2025-08-09,2025-08-16,1,0.0078859029428,0.540762902019,0.555222150943,0.532320963737,0.54377155734,1,0.5,2025-08-01,0.540762902019,historical_prior,7
2025-08-10,2025-08-17,0,-0.0158348269121,0.540762902019,0.555222150943,0.532458061516,0.54384010623,1,0.5,2025-08-01,0.540762902019,historical_prior,7
2025-08-11,2025-08-18,0,-0.0207181133411,0.540762902019,0.555222150943,0.532794943229,0.544008547086,1,0.5,2025-08-01,0.540762902019,historical_prior,7
2025-08-12,2025-08-19,0,-0.0604419661765,0.540762902019,0.555222150943,0.531818193762,0.543520172352,1,0.5,2025-08-01,0.540762902019,historical_prior,7
2025-08-13,2025-08-20,0,-0.0732742809925,0.540762902019,0.555222150943,0.532075225291,0.543648688117,1,0.5,2025-08-01,0.540762902019,historical_prior,7
2025-08-14,2025-08-21,0,-0.0489884237799,0.540762902019,0.555222150943,0.534221032568,0.544721591755,1,0.5,2025-08-01,0.540762902019,historical_prior,7
2025-08-15,2025-08-22,0,-0.00346048155798,0.540762902019,0.555222150943,0.533619576703,0.544420863823,1,0.5,2025-08-01,0.540762902019,historical_prior,7
2025-08-16,2025-08-23,0,-0.0165496598843,0.540762902019,0.555222150943,0.533332488318,0.54427731963,1,0.5,2025-08-01,0.540762902019,historical_prior,7
2025-08-17,2025-08-24,0,-0.0333156140441,0.540762902019,0.555222150943,0.534705561273,0.544963856108,1,0.5,2025-08-01,0.540762902019,historical_prior,7
2025-08-18,2025-08-25,0,-0.0526131395402,0.540762902019,0.555222150943,0.534576650999,0.544899400971,1,0.5,2025-08-01,0.540762902019,historical_prior,7
2025-08-19,2025-08-26,0,-0.0098315858522,0.540762902019,0.555222150943,0.535502260314,0.545362205628,1,0.5,2025-08-01,0.540762902019,historical_prior,7
2025-08-20,2025-08-27,0,-0.0263340977135,0.540762902019,0.555222150943,0.536511864776,0.545867007859,1,0.5,2025-08-01,0.540762902019,historical_prior,7
2025-08-21,2025-08-28,1,0.000594666666667,0.540762902019,0.555222150943,0.533806395431,0.544514273187,1,0.5,2025-08-01,0.540762902019,historical_prior,7
2025-08-22,2025-08-29,0,-0.0731903839015,0.540762902019,0.555222150943,0.534495584378,0.54485886766,1,0.5,2025-08-01,0.540762902019,historical_prior,7
2025-08-23,2025-08-30,0,-0.0573616758079,0.540762902019,0.555222150943,0.534710339584,0.544966245263,1,0.5,2025-08-01,0.540762902019,historical_prior,7
2025-08-24,2025-08-31,0,-0.0462338005168,0.540762902019,0.555222150943,0.53506434246,0.545143246702,1,0.5,2025-08-01,0.540762902019,historical_prior,7
2025-08-25,2025-09-01,0,-0.00794246003023,0.540762902019,0.555222150943,0.53475404672,0.544988098832,1,0.5,2025-08-01,0.540762902019,historical_prior,7
2025-08-26,2025-09-02,0,-0.00468141486976,0.540762902019,0.555222150943,0.533102962709,0.544162556826,1,0.5,2025-08-01,0.540762902019,historical_prior,7
2025-08-27,2025-09-03,1,0.00398788409449,0.540762902019,0.555222150943,0.534082410864,0.544652280903,1,0.5,2025-08-01,0.540762902019,historical_prior,7
2025-08-28,2025-09-04,0,-0.016310567316,0.540762902019,0.555222150943,0.533609683541,0.544415917242,1,0.5,2025-08-01,0.540762902019,historical_prior,7
2025-08-29,2025-09-05,1,0.0210614943706,0.540762902019,0.555222150943,0.535399925786,0.545311038364,1,0.5,2025-08-01,0.540762902019,historical_prior,7
2025-08-30,2025-09-06,1,0.0126050933716,0.540762902019,0.555222150943,0.535714430635,0.545468290789,1,0.5,2025-08-01,0.540762902019,historical_prior,7
2025-08-31,2025-09-07,1,0.026707505611,0.540762902019,0.495668729177,0.535987904825,0.515828317001,1,0.5,2025-08-01,0.540762902019,historical_prior,7
2025-09-01,2025-09-08,1,0.0258868252289,0.538632162662,0.550394502636,0.532142494195,0.541268498415,1,0.5,2025-09-01,0.538632162662,historical_prior,7
2025-09-02,2025-09-09,1,0.00275422485129,0.538632162662,0.550394502636,0.532068385649,0.541231444142,1,0.5,2025-09-01,0.538632162662,historical_prior,7
2025-09-03,2025-09-10,1,0.0201806156552,0.538632162662,0.550394502636,0.531529962657,0.540962232647,1,0.5,2025-09-01,0.538632162662,historical_prior,7
2025-09-04,2025-09-11,1,0.0429132363902,0.538632162662,0.550394502636,0.532374060653,0.541384281644,1,0.5,2025-09-01,0.538632162662,historical_prior,7
2025-09-05,2025-09-12,1,0.048521873172,0.538632162662,0.550394502636,0.530522080131,0.540458291383,1,0.5,2025-09-01,0.538632162662,historical_prior,7
2025-09-06,2025-09-13,1,0.0520049511757,0.538632162662,0.550394502636,0.529451301702,0.539922902169,1,0.5,2025-09-01,0.538632162662,historical_prior,7
2025-09-07,2025-09-14,1,0.0371672562975,0.538632162662,0.550394502636,0.529632904465,0.54001370355,1,0.5,2025-09-01,0.538632162662,historical_prior,7
2025-09-08,2025-09-15,1,0.0293086446171,0.538632162662,0.550394502636,0.530124850302,0.540259676469,1,0.5,2025-09-01,0.538632162662,historical_prior,7
2025-09-09,2025-09-16,1,0.0469990109048,0.538632162662,0.550394502636,0.529417857071,0.539906179854,1,0.5,2025-09-01,0.538632162662,historical_prior,7
2025-09-10,2025-09-17,1,0.0218286240786,0.538632162662,0.550394502636,0.530049149641,0.540221826138,1,0.5,2025-09-01,0.538632162662,historical_prior,7
2025-09-11,2025-09-18,1,0.0137755710401,0.538632162662,0.495578334174,0.529149511113,0.512363922643,1,0.5,2025-09-01,0.538632162662,historical_prior,7
2025-09-12,2025-09-19,0,-0.0034218907584,0.538632162662,0.495578334174,0.527606367114,0.511592350644,1,0.5,2025-09-01,0.538632162662,historical_prior,7
2025-09-13,2025-09-20,0,-0.00200710345192,0.538632162662,0.495578334174,0.528907393548,0.512242863861,1,0.5,2025-09-01,0.538632162662,historical_prior,7
2025-09-14,2025-09-21,0,-0.000309886498431,0.538632162662,0.495578334174,0.529632924261,0.512605629217,1,0.5,2025-09-01,0.538632162662,historical_prior,7
2025-09-15,2025-09-22,0,-0.0233959842639,0.538632162662,0.495578334174,0.529952790463,0.512765562318,1,0.5,2025-09-01,0.538632162662,historical_prior,7
2025-09-16,2025-09-23,0,-0.0410155206451,0.538632162662,0.495578334174,0.529856096242,0.512717215208,1,0.5,2025-09-01,0.538632162662,historical_prior,7
2025-09-17,2025-09-24,0,-0.0269699870989,0.538632162662,0.495578334174,0.531153850708,0.513366092441,1,0.5,2025-09-01,0.538632162662,historical_prior,7
2025-09-18,2025-09-25,0,-0.0690082548976,0.538632162662,0.495578334174,0.532778340009,0.514178337091,1,0.5,2025-09-01,0.538632162662,historical_prior,7
2025-09-19,2025-09-26,0,-0.051792759087,0.538632162662,0.495578334174,0.532369659916,0.513973997045,1,0.5,2025-09-01,0.538632162662,historical_prior,7
2025-09-20,2025-09-27,0,-0.0522949998198,0.538632162662,0.495578334174,0.533006247361,0.514292290767,1,0.5,2025-09-01,0.538632162662,historical_prior,7
2025-09-21,2025-09-28,0,-0.0266274322935,0.538632162662,0.495578334174,0.530243269521,0.512910801847,1,0.5,2025-09-01,0.538632162662,historical_prior,7
2025-09-22,2025-09-29,1,0.014744388842,0.538632162662,0.495578334174,0.531039049342,0.513308691758,1,0.5,2025-09-01,0.538632162662,historical_prior,7
2025-09-23,2025-09-30,1,0.0183049282671,0.538632162662,0.495578334174,0.532244046585,0.513911190379,1,0.5,2025-09-01,0.538632162662,historical_prior,7
2025-09-24,2025-10-01,1,0.0466695791081,0.538632162662,0.495578334174,0.533258685746,0.51441850996,1,0.5,2025-09-01,0.538632162662,historical_prior,7
2025-09-25,2025-10-02,1,0.105829753412,0.538632162662,0.495578334174,0.53329435976,0.514436346967,1,0.5,2025-09-01,0.538632162662,historical_prior,7
2025-09-26,2025-10-03,1,0.114813414316,0.538632162662,0.495578334174,0.533075583016,0.514326958595,1,0.5,2025-09-01,0.538632162662,historical_prior,7
2025-09-27,2025-10-04,1,0.116341050852,0.538632162662,0.495578334174,0.532462151973,0.514020243074,1,0.5,2025-09-01,0.538632162662,historical_prior,7
2025-09-28,2025-10-05,1,0.100909071052,0.538632162662,0.495578334174,0.533787072549,0.514682703361,1,0.5,2025-09-01,0.538632162662,historical_prior,7
2025-09-29,2025-10-06,1,0.0905117889677,0.538632162662,0.495578334174,0.532907727108,0.514243030641,1,0.5,2025-09-01,0.538632162662,historical_prior,7
2025-09-30,2025-10-07,1,0.0638674996776,0.538632162662,0.495578334174,0.532936669396,0.514257501785,1,0.5,2025-09-01,0.538632162662,historical_prior,7
2025-10-01,2025-10-08,1,0.0397235161452,0.538939670932,0.553595833148,0.533987718638,0.543791775893,1,0.5,2025-10-01,0.538939670932,historical_prior,7
2025-10-02,2025-10-09,1,0.00940061487098,0.538939670932,0.553595833148,0.531480546094,0.542538189621,1,0.5,2025-10-01,0.538939670932,historical_prior,7
2025-10-03,2025-10-10,0,-0.0773733555861,0.538939670932,0.553595833148,0.531561889618,0.542578861383,1,0.5,2025-10-01,0.538939670932,historical_prior,7
2025-10-04,2025-10-11,0,-0.095976011308,0.538939670932,0.553595833148,0.531941949663,0.542768891405,1,0.5,2025-10-01,0.538939670932,historical_prior,7
2025-10-05,2025-10-12,0,-0.0690261625329,0.538939670932,0.553595833148,0.532909448039,0.543252640593,1,0.5,2025-10-01,0.538939670932,historical_prior,7
2025-10-06,2025-10-13,0,-0.076148332878,0.538939670932,0.553595833148,0.533876357164,0.543736095156,1,0.5,2025-10-01,0.538939670932,historical_prior,7
2025-10-07,2025-10-14,0,-0.0684464525094,0.538939670932,0.553595833148,0.533808462502,0.543702147825,1,0.5,2025-10-01,0.538939670932,historical_prior,7
2025-10-08,2025-10-15,0,-0.101720273142,0.538939670932,0.553595833148,0.535045502837,0.544320667992,1,0.5,2025-10-01,0.538939670932,historical_prior,7
2025-10-09,2025-10-16,0,-0.110700758821,0.538939670932,0.553595833148,0.536056153793,0.54482599347,1,0.5,2025-10-01,0.538939670932,historical_prior,7
2025-10-10,2025-10-17,0,-0.0562433883546,0.538939670932,0.489818729056,0.537544281708,0.513681505382,1,0.5,2025-10-01,0.538939670932,historical_prior,7
2025-10-11,2025-10-18,0,-0.0312658390303,0.538939670932,0.489818729056,0.537022607818,0.513420668437,1,0.5,2025-10-01,0.538939670932,historical_prior,7
2025-10-12,2025-10-19,0,-0.0549415964676,0.538939670932,0.489818729056,0.53754055626,0.513679642658,1,0.5,2025-10-01,0.538939670932,historical_prior,7
2025-10-13,2025-10-20,0,-0.0402367886355,0.538939670932,0.489818729056,0.53798423844,0.513901483748,1,0.5,2025-10-01,0.538939670932,historical_prior,7
2025-10-14,2025-10-21,0,-0.0418521440767,0.538939670932,0.489818729056,0.537271405077,0.513545067067,1,0.5,2025-10-01,0.538939670932,historical_prior,7
2025-10-15,2025-10-22,0,-0.0288528833743,0.538939670932,0.489818729056,0.538026855905,0.513922792481,1,0.5,2025-10-01,0.538939670932,historical_prior,7
2025-10-16,2025-10-23,1,0.0174121959128,0.538939670932,0.489818729056,0.536977312801,0.513398020928,1,0.5,2025-10-01,0.538939670932,historical_prior,7
2025-10-17,2025-10-24,1,0.0429685033629,0.538939670932,0.544941264707,0.534088495629,0.539514880168,1,0.5,2025-10-01,0.538939670932,historical_prior,7
2025-10-18,2025-10-25,1,0.0416220514417,0.538939670932,0.544941264707,0.533060200898,0.539000732803,1,0.5,2025-10-01,0.538939670932,historical_prior,7
2025-10-19,2025-10-26,1,0.0544593943564,0.538939670932,0.489818729056,0.535267231104,0.51254298008,1,0.5,2025-10-01,0.538939670932,historical_prior,7
2025-10-20,2025-10-27,1,0.0323486147778,0.538939670932,0.489818729056,0.535406947562,0.512612838309,1,0.5,2025-10-01,0.538939670932,historical_prior,7
2025-10-21,2025-10-28,1,0.0424827237742,0.538939670932,0.489818729056,0.534945471676,0.512382100366,1,0.5,2025-10-01,0.538939670932,historical_prior,7
2025-10-22,2025-10-29,1,0.0228122004205,0.538939670932,0.544941264707,0.535125492051,0.540033378379,1,0.5,2025-10-01,0.538939670932,historical_prior,7
2025-10-23,2025-10-30,0,-0.0159459395132,0.538939670932,0.489818729056,0.534585269107,0.512201999082,1,0.5,2025-10-01,0.538939670932,historical_prior,7
2025-10-24,2025-10-31,0,-0.0125839501305,0.538939670932,0.489818729056,0.533337673083,0.511578201069,1,0.5,2025-10-01,0.538939670932,historical_prior,7
2025-10-25,2025-11-01,0,-0.0138667418088,0.538939670932,0.489818729056,0.535132809101,0.512475769079,1,0.5,2025-10-01,0.538939670932,historical_prior,7
2025-10-26,2025-11-02,0,-0.0350797926665,0.538939670932,0.553595833148,0.535536487044,0.544566160096,1,0.5,2025-10-01,0.538939670932,historical_prior,7
2025-10-27,2025-11-03,0,-0.0659430809415,0.538939670932,0.553595833148,0.536269604995,0.544932719071,1,0.5,2025-10-01,0.538939670932,historical_prior,7
2025-10-28,2025-11-04,0,-0.10098659459,0.538939670932,0.553595833148,0.534259542996,0.543927688072,1,0.5,2025-10-01,0.538939670932,historical_prior,7
2025-10-29,2025-11-05,0,-0.0557722055431,0.538939670932,0.489818729056,0.533163205713,0.511490967384,1,0.5,2025-10-01,0.538939670932,historical_prior,7
2025-10-30,2025-11-06,0,-0.0644078148587,0.538939670932,0.544941264707,0.534290657445,0.539615961076,1,0.5,2025-10-01,0.538939670932,historical_prior,7
2025-10-31,2025-11-07,0,-0.0571940864541,0.538939670932,0.553595833148,0.532336145184,0.542965989166,1,0.5,2025-10-01,0.538939670932,historical_prior,7
2025-11-01,2025-11-08,0,-0.0707111203554,0.538684020246,0.551334113872,0.531727617518,0.541530865695,1,0.5,2025-11-01,0.538684020246,historical_prior,7
2025-11-02,2025-11-09,0,-0.052629674433,0.538684020246,0.551334113872,0.532116073923,0.541725093897,1,0.5,2025-11-01,0.538684020246,historical_prior,7
2025-11-03,2025-11-10,0,-0.00536586308666,0.538684020246,0.546331660966,0.532328519641,0.539330090304,1,0.5,2025-11-01,0.538684020246,historical_prior,7
2025-11-04,2025-11-11,1,0.0153873179975,0.538684020246,0.546331660966,0.532074631827,0.539203146397,1,0.5,2025-11-01,0.538684020246,historical_prior,7
2025-11-05,2025-11-12,0,-0.0214736156733,0.538684020246,0.546331660966,0.530555311421,0.538443486194,1,0.5,2025-11-01,0.538684020246,historical_prior,7
2025-11-06,2025-11-13,0,-0.0163205192823,0.538684020246,0.546331660966,0.531243408527,0.538787534747,1,0.5,2025-11-01,0.538684020246,historical_prior,7
2025-11-07,2025-11-14,0,-0.0846251002041,0.538684020246,0.546331660966,0.530959562094,0.53864561153,1,0.5,2025-11-01,0.538684020246,historical_prior,7
2025-11-08,2025-11-15,0,-0.0656485875589,0.538684020246,0.546331660966,0.531828843182,0.539080252074,1,0.5,2025-11-01,0.538684020246,historical_prior,7
2025-11-09,2025-11-16,0,-0.0998970999292,0.538684020246,0.546331660966,0.534369060495,0.54035036073,1,0.5,2025-11-01,0.538684020246,historical_prior,7
2025-11-10,2025-11-17,0,-0.130137184652,0.538684020246,0.546331660966,0.533602450826,0.539967055896,1,0.5,2025-11-01,0.538684020246,historical_prior,7
2025-11-11,2025-11-18,0,-0.0979842709501,0.538684020246,0.546331660966,0.529457363965,0.537894512465,1,0.5,2025-11-01,0.538684020246,historical_prior,7
2025-11-12,2025-11-19,0,-0.0993504755378,0.538684020246,0.546331660966,0.530470582908,0.538401121937,1,0.5,2025-11-01,0.538684020246,historical_prior,7
2025-11-13,2025-11-20,0,-0.130951203517,0.538684020246,0.546331660966,0.530359805743,0.538345733355,1,0.5,2025-11-01,0.538684020246,historical_prior,7
2025-11-14,2025-11-21,0,-0.100054654629,0.538684020246,0.546331660966,0.532950727892,0.539641194429,1,0.5,2025-11-01,0.538684020246,historical_prior,7
2025-11-15,2025-11-22,0,-0.113566182101,0.538684020246,0.546331660966,0.533561297721,0.539946479344,1,0.5,2025-11-01,0.538684020246,historical_prior,7
2025-11-16,2025-11-23,0,-0.0788386003863,0.538684020246,0.546331660966,0.535398981176,0.540865321071,1,0.5,2025-11-01,0.538684020246,historical_prior,7
2025-11-17,2025-11-24,0,-0.0424564773203,0.538684020246,0.546331660966,0.535717171173,0.54102441607,1,0.5,2025-11-01,0.538684020246,historical_prior,7
2025-11-18,2025-11-25,0,-0.0601422125857,0.538684020246,0.546331660966,0.533759433407,0.540045547187,1,0.5,2025-11-01,0.538684020246,historical_prior,7
2025-11-19,2025-11-26,0,-0.011697236283,0.538684020246,0.546331660966,0.532261405518,0.539296533242,1,0.5,2025-11-01,0.538684020246,historical_prior,7
2025-11-20,2025-11-27,1,0.0542113361658,0.538684020246,0.546331660966,0.533121092999,0.539726376983,1,0.5,2025-11-01,0.538684020246,historical_prior,7
2025-11-21,2025-11-28,1,0.0676765955087,0.538684020246,0.546331660966,0.531207462976,0.538769561971,1,0.5,2025-11-01,0.538684020246,historical_prior,7
2025-11-22,2025-11-29,1,0.0715449445561,0.538684020246,0.546331660966,0.530324761891,0.538328211428,1,0.5,2025-11-01,0.538684020246,historical_prior,7
2025-11-23,2025-11-30,1,0.0406541517909,0.538684020246,0.546331660966,0.529445950195,0.537888805581,1,0.5,2025-11-01,0.538684020246,historical_prior,7
2025-11-24,2025-12-01,0,-0.0228086044384,0.538684020246,0.546331660966,0.528262360607,0.537297010787,1,0.5,2025-11-01,0.538684020246,historical_prior,7
2025-11-25,2025-12-02,1,0.0447284169525,0.538684020246,0.546331660966,0.527108634347,0.536720147657,1,0.5,2025-11-01,0.538684020246,historical_prior,7
2025-11-26,2025-12-03,1,0.0325574615275,0.538684020246,0.546331660966,0.527000080378,0.536665870672,1,0.5,2025-11-01,0.538684020246,historical_prior,7
2025-11-27,2025-12-04,1,0.008147134773,0.538684020246,0.546331660966,0.525111773653,0.53572171731,1,0.5,2025-11-01,0.538684020246,historical_prior,7
2025-11-28,2025-12-05,0,-0.0171707336394,0.538684020246,0.546331660966,0.525492335679,0.535911998323,1,0.5,2025-11-01,0.538684020246,historical_prior,7
2025-11-29,2025-12-06,0,-0.0172423780683,0.538684020246,0.546331660966,0.526016269347,0.536173965157,1,0.5,2025-11-01,0.538684020246,historical_prior,7
2025-11-30,2025-12-07,1,0.000390770252324,0.538684020246,0.546331660966,0.526455898432,0.536393779699,1,0.5,2025-11-01,0.538684020246,historical_prior,7
2025-12-01,2025-12-08,1,0.0503943802709,0.53469241774,0.539228540773,0.521868981711,0.530548761242,1,0.5,2025-12-01,0.53469241774,historical_prior,7
2025-12-02,2025-12-09,1,0.0153478586488,0.53469241774,0.539228540773,0.522491579706,0.530860060239,1,0.5,2025-12-01,0.53469241774,historical_prior,7
2025-12-03,2025-12-10,0,-0.015140541122,0.53469241774,0.539228540773,0.525846119944,0.532537330358,1,0.5,2025-12-01,0.53469241774,historical_prior,7
2025-12-04,2025-12-11,1,0.00472772775621,0.53469241774,0.539228540773,0.528164253792,0.533696397282,1,0.5,2025-12-01,0.53469241774,historical_prior,7
2025-12-05,2025-12-12,1,0.010504640992,0.53469241774,0.539228540773,0.526664188121,0.532946364447,1,0.5,2025-12-01,0.53469241774,historical_prior,7
2025-12-06,2025-12-13,1,0.0112422241992,0.53469241774,0.539228540773,0.52776915138,0.533498846076,1,0.5,2025-12-01,0.53469241774,historical_prior,7
2025-12-07,2025-12-14,0,-0.0245935325627,0.53469241774,0.539228540773,0.526519873877,0.532874207325,1,0.5,2025-12-01,0.53469241774,historical_prior,7
2025-12-08,2025-12-15,0,-0.0463649870457,0.53469241774,0.539228540773,0.525102913199,0.532165726986,1,0.5,2025-12-01,0.53469241774,historical_prior,7
2025-12-09,2025-12-16,0,-0.0519577292757,0.53469241774,0.539228540773,0.526306646812,0.532767593792,1,0.5,2025-12-01,0.53469241774,historical_prior,7
2025-12-10,2025-12-17,0,-0.0627302808216,0.53469241774,0.539228540773,0.526555203538,0.532891872155,1,0.5,2025-12-01,0.53469241774,historical_prior,7
2025-12-11,2025-12-18,0,-0.0756319788554,0.53469241774,0.539228540773,0.527254576212,0.533241558492,1,0.5,2025-12-01,0.53469241774,historical_prior,7
2025-12-12,2025-12-19,0,-0.0236126875822,0.53469241774,0.539228540773,0.526715669828,0.5329721053,1,0.5,2025-12-01,0.53469241774,historical_prior,7
2025-12-13,2025-12-20,0,-0.0208234684371,0.53469241774,0.539228540773,0.527591894014,0.533410217393,1,0.5,2025-12-01,0.53469241774,historical_prior,7
2025-12-14,2025-12-21,1,0.00551976887945,0.53469241774,0.539228540773,0.530118626036,0.534673583404,1,0.5,2025-12-01,0.53469241774,historical_prior,7
2025-12-15,2025-12-22,1,0.0253228893716,0.53469241774,0.539228540773,0.529661896156,0.534445218464,1,0.5,2025-12-01,0.53469241774,historical_prior,7
2025-12-16,2025-12-23,0,-0.00429553049494,0.53469241774,0.539228540773,0.531433887082,0.535331213927,1,0.5,2025-12-01,0.53469241774,historical_prior,7
2025-12-17,2025-12-24,1,0.0165372999756,0.53469241774,0.539228540773,0.532157356584,0.535692948679,1,0.5,2025-12-01,0.53469241774,historical_prior,7
2025-12-18,2025-12-25,1,0.0199828313653,0.53469241774,0.539228540773,0.531916571132,0.535572555952,1,0.5,2025-12-01,0.53469241774,historical_prior,7
2025-12-19,2025-12-26,0,-0.00870667849372,0.53469241774,0.539228540773,0.532018057717,0.535623299245,1,0.5,2025-12-01,0.53469241774,historical_prior,7
2025-12-20,2025-12-27,0,-0.00547629098391,0.53469241774,0.539228540773,0.533862655495,0.536545598134,1,0.5,2025-12-01,0.53469241774,historical_prior,7
2025-12-21,2025-12-28,0,-0.00796479900599,0.53469241774,0.539228540773,0.533680015124,0.536454277948,1,0.5,2025-12-01,0.53469241774,historical_prior,7
2025-12-22,2025-12-29,0,-0.0156132663679,0.53469241774,0.539228540773,0.533065285317,0.536146913045,1,0.5,2025-12-01,0.53469241774,historical_prior,7
2025-12-23,2025-12-30,1,0.0114245707885,0.53469241774,0.539228540773,0.532341203077,0.535784871925,1,0.5,2025-12-01,0.53469241774,historical_prior,7
2025-12-24,2025-12-31,0,-0.000242159612043,0.53469241774,0.539228540773,0.530609224608,0.53491888269,1,0.5,2025-12-01,0.53469241774,historical_prior,7
2025-12-25,2026-01-01,1,0.0185011751755,0.53469241774,0.539228540773,0.53074656702,0.534987553896,1,0.5,2025-12-01,0.53469241774,historical_prior,7
2025-12-26,2026-01-02,1,0.030051313066,0.53469241774,0.539228540773,0.5297597577,0.534494149236,1,0.5,2025-12-01,0.53469241774,historical_prior,7
2025-12-27,2026-01-03,1,0.0313051160935,0.53469241774,0.539228540773,0.529374316567,0.53430142867,1,0.5,2025-12-01,0.53469241774,historical_prior,7
2025-12-28,2026-01-04,1,0.0406698099467,0.53469241774,0.539228540773,0.529756634064,0.534492587419,1,0.5,2025-12-01,0.53469241774,historical_prior,7
2025-12-29,2026-01-05,1,0.0759146936631,0.53469241774,0.539228540773,0.529777711517,0.534503126145,1,0.5,2025-12-01,0.53469241774,historical_prior,7
2025-12-30,2026-01-06,1,0.0594728016989,0.53469241774,0.539228540773,0.529602878786,0.534415709779,1,0.5,2025-12-01,0.53469241774,historical_prior,7
2025-12-31,2026-01-07,1,0.0423960691957,0.53469241774,0.539228540773,0.531231488241,0.535230014507,1,0.5,2025-12-01,0.53469241774,historical_prior,7
2026-01-01,2026-01-08,1,0.0254499598375,0.533781393704,0.5365755667,0.525653236676,0.531114401688,1,0.5,2026-01-01,0.533781393704,historical_prior,7
2026-01-02,2026-01-09,1,0.00717983295318,0.533781393704,0.5365755667,0.524339749795,0.530457658248,1,0.5,2026-01-01,0.533781393704,historical_prior,7
2026-01-03,2026-01-10,0,-0.00136061687772,0.533781393704,0.5365755667,0.525264139828,0.530919853264,1,0.5,2026-01-01,0.533781393704,historical_prior,7
2026-01-04,2026-01-11,0,-0.00563838656576,0.533781393704,0.5365755667,0.526372366642,0.531473966671,1,0.5,2026-01-01,0.533781393704,historical_prior,7
2026-01-05,2026-01-12,0,-0.0273121449022,0.533781393704,0.5365755667,0.526362493132,0.531469029916,1,0.5,2026-01-01,0.533781393704,historical_prior,7
2026-01-06,2026-01-13,1,0.0177713714761,0.533781393704,0.5365755667,0.526275378069,0.531425472384,1,0.5,2026-01-01,0.533781393704,historical_prior,7
2026-01-07,2026-01-14,1,0.0611576793351,0.533781393704,0.5365755667,0.526092054879,0.53133381079,1,0.5,2026-01-01,0.533781393704,historical_prior,7
2026-01-08,2026-01-15,1,0.0494490723874,0.533781393704,0.5365755667,0.52530498788,0.53094027729,1,0.5,2026-01-01,0.533781393704,historical_prior,7
2026-01-09,2026-01-16,1,0.0541658281966,0.533781393704,0.5365755667,0.526228870926,0.531402218813,1,0.5,2026-01-01,0.533781393704,historical_prior,7
2026-01-10,2026-01-17,1,0.0513019765824,0.533781393704,0.5365755667,0.526245776353,0.531410671527,1,0.5,2026-01-01,0.533781393704,historical_prior,7
2026-01-11,2026-01-18,1,0.0292207817179,0.533781393704,0.5365755667,0.527613628221,0.532094597461,1,0.5,2026-01-01,0.533781393704,historical_prior,7
2026-01-12,2026-01-19,1,0.0146205428046,0.533781393704,0.5365755667,0.528749194833,0.532662380767,1,0.5,2026-01-01,0.533781393704,historical_prior,7
2026-01-13,2026-01-20,0,-0.0732213302031,0.533781393704,0.5365755667,0.530490668945,0.533533117823,1,0.5,2026-01-01,0.533781393704,historical_prior,7
2026-01-14,2026-01-21,0,-0.0773276158519,0.533781393704,0.5365755667,0.530142931229,0.533359248964,1,0.5,2026-01-01,0.533781393704,historical_prior,7
2026-01-15,2026-01-22,0,-0.0632304026576,0.533781393704,0.5365755667,0.529256652593,0.532916109647,1,0.5,2026-01-01,0.533781393704,historical_prior,7
2026-01-16,2026-01-23,0,-0.0622775662908,0.533781393704,0.490961149562,0.529724715983,0.510342932772,1,0.5,2026-01-01,0.533781393704,historical_prior,7
2026-01-17,2026-01-24,0,-0.0622445486636,0.533781393704,0.5365755667,0.530038338694,0.533306952697,1,0.5,2026-01-01,0.533781393704,historical_prior,7
2026-01-18,2026-01-25,0,-0.0747576092784,0.533781393704,0.5365755667,0.528540436486,0.532558001593,1,0.5,2026-01-01,0.533781393704,historical_prior,7
2026-01-19,2026-01-26,0,-0.0462471526811,0.533781393704,0.490961149562,0.52864444186,0.509802795711,1,0.5,2026-01-01,0.533781393704,historical_prior,7
2026-01-20,2026-01-27,1,0.00929957888742,0.533781393704,0.5365755667,0.531570492854,0.534073029777,1,0.5,2026-01-01,0.533781393704,historical_prior,7
2026-01-21,2026-01-28,0,-0.00172981350455,0.533781393704,0.5365755667,0.532357532618,0.534466549659,1,0.5,2026-01-01,0.533781393704,historical_prior,7
2026-01-22,2026-01-29,0,-0.0548183127517,0.533781393704,0.490961149562,0.532294719432,0.511627934497,1,0.5,2026-01-01,0.533781393704,historical_prior,7
2026-01-23,2026-01-30,0,-0.0595954743881,0.533781393704,0.490961149562,0.532157860263,0.511559504912,1,0.5,2026-01-01,0.533781393704,historical_prior,7
2026-01-24,2026-01-31,0,-0.117503054626,0.533781393704,0.490961149562,0.53221619594,0.511588672751,1,0.5,2026-01-01,0.533781393704,historical_prior,7
2026-01-25,2026-02-01,0,-0.111943114117,0.533781393704,0.5365755667,0.531822107635,0.534198837167,1,0.5,2026-01-01,0.533781393704,historical_prior,7
2026-01-26,2026-02-02,0,-0.108758206836,0.533781393704,0.490961149562,0.531169691576,0.511065420569,1,0.5,2026-01-01,0.533781393704,historical_prior,7
2026-01-27,2026-02-03,0,-0.151034061625,0.533781393704,0.490961149562,0.529089228917,0.51002518924,1,0.5,2026-01-01,0.533781393704,historical_prior,7
2026-01-28,2026-02-04,0,-0.180673704443,0.533781393704,0.5365755667,0.529974177121,0.53327487191,1,0.5,2026-01-01,0.533781393704,historical_prior,7
2026-01-29,2026-02-05,0,-0.256825267666,0.533781393704,0.5365755667,0.530358493356,0.533467030028,1,0.5,2026-01-01,0.533781393704,historical_prior,7
2026-01-30,2026-02-06,0,-0.162356402152,0.533781393704,0.5365755667,0.530826657127,0.533701111914,1,0.5,2026-01-01,0.533781393704,historical_prior,7
2026-01-31,2026-02-07,0,-0.120035295422,0.533781393704,0.5365755667,0.531323549656,0.533949558178,1,0.5,2026-01-01,0.533781393704,historical_prior,7
2026-02-01,2026-02-08,0,-0.0862411897068,0.533939818055,0.539463326565,0.529862122749,0.534662724657,1,0.5,2026-02-01,0.533939818055,historical_prior,7
2026-02-02,2026-02-09,0,-0.109229893695,0.533939818055,0.539463326565,0.530536794487,0.535000060526,1,0.5,2026-02-01,0.533939818055,historical_prior,7
2026-02-03,2026-02-10,0,-0.0914464932854,0.533939818055,0.539463326565,0.530778315522,0.535120821044,1,0.5,2026-02-01,0.533939818055,historical_prior,7
2026-02-04,2026-02-11,0,-0.0831441398259,0.533939818055,0.539463326565,0.52949527923,0.534479302898,1,0.5,2026-02-01,0.533939818055,historical_prior,7
2026-02-05,2026-02-12,1,0.0534464708712,0.533939818055,0.539463326565,0.532101879024,0.535782602794,1,0.5,2026-02-01,0.533939818055,historical_prior,7
2026-02-06,2026-02-13,0,-0.0244586800899,0.533939818055,0.539463326565,0.536137899111,0.537800612838,1,0.5,2026-02-01,0.533939818055,historical_prior,7
2026-02-07,2026-02-14,1,0.00770060289181,0.533939818055,0.539463326565,0.533315487451,0.536389407008,1,0.5,2026-02-01,0.533939818055,historical_prior,7
2026-02-08,2026-02-15,0,-0.0212966288537,0.533939818055,0.539463326565,0.532645693384,0.536054509974,1,0.5,2026-02-01,0.533939818055,historical_prior,7
2026-02-09,2026-02-16,0,-0.0177588468448,0.533939818055,0.539463326565,0.533700431172,0.536581878868,1,0.5,2026-02-01,0.533939818055,historical_prior,7
2026-02-10,2026-02-17,0,-0.0194326689695,0.533939818055,0.539463326565,0.531716330225,0.535589828395,1,0.5,2026-02-01,0.533939818055,historical_prior,7
2026-02-11,2026-02-18,0,-0.00926500674095,0.533939818055,0.539463326565,0.530038040579,0.534750683572,1,0.5,2026-02-01,0.533939818055,historical_prior,7
2026-02-12,2026-02-19,1,0.0110387210801,0.533939818055,0.539463326565,0.520704966366,0.530084146465,1,0.5,2026-02-01,0.533939818055,historical_prior,7
2026-02-13,2026-02-20,0,-0.0121118669137,0.533939818055,0.539463326565,0.525276078321,0.532369702443,1,0.5,2026-02-01,0.533939818055,historical_prior,7
2026-02-14,2026-02-21,0,-0.0264529069597,0.533939818055,0.539463326565,0.525240411687,0.532351869126,1,0.5,2026-02-01,0.533939818055,historical_prior,7
2026-02-15,2026-02-22,0,-0.0172764118387,0.533939818055,0.539463326565,0.525897233129,0.532680279847,1,0.5,2026-02-01,0.533939818055,historical_prior,7
2026-02-16,2026-02-23,0,-0.0614931132492,0.533939818055,0.539463326565,0.525987594586,0.532725460575,1,0.5,2026-02-01,0.533939818055,historical_prior,7
2026-02-17,2026-02-24,0,-0.0510398568845,0.533939818055,0.539463326565,0.525931845231,0.532697585898,1,0.5,2026-02-01,0.533939818055,historical_prior,7
2026-02-18,2026-02-25,1,0.0229764824484,0.533939818055,0.539463326565,0.525333437497,0.532398382031,1,0.5,2026-02-01,0.533939818055,historical_prior,7
2026-02-19,2026-02-26,1,0.00718542087135,0.533939818055,0.539463326565,0.5268752474,0.533169286983,1,0.5,2026-02-01,0.533939818055,historical_prior,7
2026-02-20,2026-02-27,0,-0.0315776195858,0.533939818055,0.539463326565,0.528005238903,0.533734282734,1,0.5,2026-02-01,0.533939818055,historical_prior,7
2026-02-21,2026-02-28,0,-0.0147503682554,0.533939818055,0.539463326565,0.528543848823,0.534003587694,1,0.5,2026-02-01,0.533939818055,historical_prior,7
2026-02-22,2026-03-01,0,-0.0275995884299,0.533939818055,0.539463326565,0.527870717449,0.533667022007,1,0.5,2026-02-01,0.533939818055,historical_prior,7
2026-02-23,2026-03-02,1,0.0645576390257,0.533939818055,0.539463326565,0.528312871927,0.533888099246,1,0.5,2026-02-01,0.533939818055,historical_prior,7
2026-02-24,2026-03-03,1,0.0668119513286,0.533939818055,0.539463326565,0.528758487577,0.534110907071,1,0.5,2026-02-01,0.533939818055,historical_prior,7
2026-02-25,2026-03-04,1,0.0688169566294,0.533939818055,0.539463326565,0.5278073094,0.533635317982,1,0.5,2026-02-01,0.533939818055,historical_prior,7
2026-02-26,2026-03-05,1,0.0504635239915,0.533939818055,0.539463326565,0.527595788853,0.533529557709,1,0.5,2026-02-01,0.533939818055,historical_prior,7
2026-02-27,2026-03-06,1,0.0340344394668,0.533939818055,0.539463326565,0.528236461875,0.53384989422,1,0.5,2026-02-01,0.533939818055,historical_prior,7
2026-02-28,2026-03-07,1,0.00432486039951,0.533939818055,0.539463326565,0.530565880986,0.535014603776,1,0.5,2026-02-01,0.533939818055,historical_prior,7
2026-03-01,2026-03-08,1,0.00296048115686,0.530492030492,0.531062172336,0.525467531223,0.52826485178,1,0.5,2026-03-01,0.530492030492,historical_prior,7
2026-03-02,2026-03-09,0,-0.00578090444785,0.530492030492,0.531062172336,0.527663497994,0.529362835165,1,0.5,2026-03-01,0.530492030492,historical_prior,7
2026-03-03,2026-03-10,1,0.02356858556,0.530492030492,0.531062172336,0.528344221268,0.529703196802,1,0.5,2026-03-01,0.530492030492,historical_prior,7
2026-03-04,2026-03-11,0,-0.0340583460638,0.530492030492,0.531062172336,0.530639254296,0.530850713316,1,0.5,2026-03-01,0.530492030492,historical_prior,7
2026-03-05,2026-03-12,0,-0.00492843068881,0.530492030492,0.531062172336,0.531905020968,0.531483596652,1,0.5,2026-03-01,0.530492030492,historical_prior,7
2026-03-06,2026-03-13,1,0.041342149531,0.530492030492,0.531062172336,0.532412641346,0.531737406841,1,0.5,2026-03-01,0.530492030492,historical_prior,7
2026-03-07,2026-03-14,1,0.058710513714,0.530492030492,0.531062172336,0.536122631618,0.533592401977,1,0.5,2026-03-01,0.530492030492,historical_prior,7
2026-03-08,2026-03-15,1,0.103742845363,0.530492030492,0.531062172336,0.526082753677,0.528572463007,1,0.5,2026-03-01,0.530492030492,historical_prior,7
2026-03-09,2026-03-16,1,0.0942906083923,0.530492030492,0.531062172336,0.529408220858,0.530235196597,1,0.5,2026-03-01,0.530492030492,historical_prior,7
2026-03-10,2026-03-17,1,0.0566234106372,0.530492030492,0.531062172336,0.528709504567,0.529885838452,1,0.5,2026-03-01,0.530492030492,historical_prior,7
2026-03-11,2026-03-18,1,0.0150256739172,0.530492030492,0.531062172336,0.531079216511,0.531070694423,1,0.5,2026-03-01,0.530492030492,historical_prior,7
2026-03-12,2026-03-19,0,-0.00866640752784,0.530492030492,0.531062172336,0.531102788204,0.53108248027,1,0.5,2026-03-01,0.530492030492,historical_prior,7
2026-03-13,2026-03-20,0,-0.00591103905259,0.530492030492,0.531062172336,0.530849389631,0.530955780984,1,0.5,2026-03-01,0.530492030492,historical_prior,7
2026-03-14,2026-03-21,0,-0.0322113072314,0.530492030492,0.531062172336,0.531002086684,0.53103212951,1,0.5,2026-03-01,0.530492030492,historical_prior,7
2026-03-15,2026-03-22,0,-0.068065970805,0.530492030492,0.531062172336,0.528337786252,0.529699979294,1,0.5,2026-03-01,0.530492030492,historical_prior,7
2026-03-16,2026-03-23,0,-0.0531246248398,0.530492030492,0.531062172336,0.529400644039,0.530231408188,1,0.5,2026-03-01,0.530492030492,historical_prior,7
2026-03-17,2026-03-24,0,-0.0453612370612,0.530492030492,0.531062172336,0.53074808536,0.530905128848,1,0.5,2026-03-01,0.530492030492,historical_prior,7
2026-03-18,2026-03-25,1,0.00126307888074,0.530492030492,0.531062172336,0.530821393714,0.530941783025,1,0.5,2026-03-01,0.530492030492,historical_prior,7
2026-03-19,2026-03-26,0,-0.0158685828686,0.530492030492,0.531062172336,0.53179734374,0.531429758038,1,0.5,2026-03-01,0.530492030492,historical_prior,7
2026-03-20,2026-03-27,0,-0.058196107174,0.530492030492,0.531062172336,0.5328073466,0.531934759468,1,0.5,2026-03-01,0.530492030492,historical_prior,7
2026-03-21,2026-03-28,0,-0.0368711450632,0.530492030492,0.531062172336,0.532412791316,0.531737481826,1,0.5,2026-03-01,0.530492030492,historical_prior,7
2026-03-22,2026-03-29,0,-0.0272339704387,0.530492030492,0.531062172336,0.532259224291,0.531660698314,1,0.5,2026-03-01,0.530492030492,historical_prior,7
2026-03-23,2026-03-30,0,-0.0579507223955,0.530492030492,0.531062172336,0.534305879522,0.532684025929,1,0.5,2026-03-01,0.530492030492,historical_prior,7
2026-03-24,2026-03-31,0,-0.032204719209,0.530492030492,0.531062172336,0.534023458599,0.532542815468,1,0.5,2026-03-01,0.530492030492,historical_prior,7
2026-03-25,2026-04-01,0,-0.045174751281,0.530492030492,0.531062172336,0.534541790908,0.532801981622,1,0.5,2026-03-01,0.530492030492,historical_prior,7
2026-03-26,2026-04-02,0,-0.0278743295402,0.530492030492,0.531062172336,0.534302871755,0.532682522046,1,0.5,2026-03-01,0.530492030492,historical_prior,7
2026-03-27,2026-04-03,1,0.00838793578053,0.530492030492,0.531062172336,0.53053397724,0.530798074788,1,0.5,2026-03-01,0.530492030492,historical_prior,7
2026-03-28,2026-04-04,1,0.0139112882875,0.530492030492,0.531062172336,0.530069728263,0.5305659503,1,0.5,2026-03-01,0.530492030492,historical_prior,7
2026-03-29,2026-04-05,1,0.0457992335512,0.530492030492,0.531062172336,0.530522292995,0.530792232666,1,0.5,2026-03-01,0.530492030492,historical_prior,7
2026-03-30,2026-04-06,1,0.0307839964358,0.530492030492,0.531062172336,0.531333271437,0.531197721887,1,0.5,2026-03-01,0.530492030492,historical_prior,7
2026-03-31,2026-04-07,1,0.0533025952603,0.530492030492,0.531062172336,0.532358723901,0.531710448119,1,0.5,2026-03-01,0.530492030492,historical_prior,7
2026-04-01,2026-04-08,1,0.0433980308284,0.52999657182,0.529739612216,0.528956167,0.529347889608,1,0.5,2026-04-01,0.52999657182,historical_prior,7
2026-04-02,2026-04-09,1,0.0730319083184,0.52999657182,0.529739612216,0.527927681326,0.528833646771,1,0.5,2026-04-01,0.52999657182,historical_prior,7
2026-04-03,2026-04-10,1,0.0895760875571,0.52999657182,0.529739612216,0.522375885728,0.526057748972,1,0.5,2026-04-01,0.52999657182,historical_prior,7
2026-04-04,2026-04-11,1,0.0853299281045,0.52999657182,0.529739612216,0.523393546883,0.526566579549,1,0.5,2026-04-01,0.52999657182,historical_prior,7
2026-04-05,2026-04-12,1,0.0247239845537,0.52999657182,0.529739612216,0.524948457647,0.527344034931,1,0.5,2026-04-01,0.52999657182,historical_prior,7
2026-04-06,2026-04-13,1,0.080813859423,0.52999657182,0.529739612216,0.525879681401,0.527809646808,1,0.5,2026-04-01,0.52999657182,historical_prior,7
2026-04-07,2026-04-14,1,0.0306896619803,0.52999657182,0.529739612216,0.528410240581,0.529074926399,1,0.5,2026-04-01,0.52999657182,historical_prior,7
2026-04-08,2026-04-15,1,0.0526250694211,0.52999657182,0.529739612216,0.526118812384,0.5279292123,1,0.5,2026-04-01,0.52999657182,historical_prior,7
2026-04-09,2026-04-16,1,0.0468925364514,0.52999657182,0.484413273758,0.52436720385,0.504390238804,1,0.5,2026-04-01,0.52999657182,historical_prior,7
2026-04-10,2026-04-17,1,0.0563205583127,0.52999657182,0.484413273758,0.524440064242,0.504426669,1,0.5,2026-04-01,0.52999657182,historical_prior,7
2026-04-11,2026-04-18,1,0.0362607532314,0.52999657182,0.484413273758,0.524382547545,0.504397910652,1,0.5,2026-04-01,0.52999657182,historical_prior,7
2026-04-12,2026-04-19,1,0.0432678484239,0.52999657182,0.484413273758,0.525178872622,0.50479607319,1,0.5,2026-04-01,0.52999657182,historical_prior,7
2026-04-13,2026-04-20,1,0.0191214516812,0.52999657182,0.484413273758,0.526153664032,0.505283468895,1,0.5,2026-04-01,0.52999657182,historical_prior,7
2026-04-14,2026-04-21,1,0.0297390247472,0.52999657182,0.484413273758,0.526501311829,0.505457292794,1,0.5,2026-04-01,0.52999657182,historical_prior,7
2026-04-15,2026-04-22,1,0.0450239333009,0.52999657182,0.484413273758,0.524567054153,0.504490163956,1,0.5,2026-04-01,0.52999657182,historical_prior,7
2026-04-16,2026-04-23,1,0.0412909229799,0.52999657182,0.484413273758,0.525521378366,0.504967326062,1,0.5,2026-04-01,0.52999657182,historical_prior,7
2026-04-17,2026-04-24,1,0.00473751816483,0.52999657182,0.484413273758,0.527696607111,0.506054940435,1,0.5,2026-04-01,0.52999657182,historical_prior,7
2026-04-18,2026-04-25,1,0.0255409571663,0.52999657182,0.484413273758,0.528465621408,0.506439447583,1,0.5,2026-04-01,0.52999657182,historical_prior,7
2026-04-19,2026-04-26,1,0.0657946101307,0.52999657182,0.484413273758,0.526972763469,0.505693018614,1,0.5,2026-04-01,0.52999657182,historical_prior,7
2026-04-20,2026-04-27,1,0.0201784075283,0.52999657182,0.484413273758,0.530073514011,0.507243393885,1,0.5,2026-04-01,0.52999657182,historical_prior,7
2026-04-21,2026-04-28,1,8.67216908373e-05,0.52999657182,0.484413273758,0.530576430575,0.507494852167,1,0.5,2026-04-01,0.52999657182,historical_prior,7
2026-04-22,2026-04-29,0,-0.0306764427898,0.52999657182,0.484413273758,0.528553807035,0.506483540397,1,0.5,2026-04-01,0.52999657182,historical_prior,7
2026-04-23,2026-04-30,0,-0.0244182409145,0.52999657182,0.484413273758,0.528926988333,0.506670131045,1,0.5,2026-04-01,0.52999657182,historical_prior,7
2026-04-24,2026-05-01,1,0.0102534791772,0.52999657182,0.484413273758,0.529279521271,0.506846397515,1,0.5,2026-04-01,0.52999657182,historical_prior,7
2026-04-25,2026-05-02,1,0.0136792270531,0.52999657182,0.484413273758,0.529731911393,0.507072592576,1,0.5,2026-04-01,0.52999657182,historical_prior,7
2026-04-26,2026-05-03,0,-0.00113123279329,0.52999657182,0.484413273758,0.529937520773,0.507175397266,1,0.5,2026-04-01,0.52999657182,historical_prior,7
2026-04-27,2026-05-04,1,0.0321784609594,0.52999657182,0.484413273758,0.531003179707,0.507708226733,1,0.5,2026-04-01,0.52999657182,historical_prior,7
2026-04-28,2026-05-05,1,0.0597666288504,0.52999657182,0.484413273758,0.531487829826,0.507950551792,1,0.5,2026-04-01,0.52999657182,historical_prior,7
2026-04-29,2026-05-06,1,0.0747823964107,0.52999657182,0.484413273758,0.531766533682,0.50808990372,1,0.5,2026-04-01,0.52999657182,historical_prior,7
2026-04-30,2026-05-07,1,0.0479318193339,0.52999657182,0.484413273758,0.53068149222,0.507547382989,1,0.5,2026-04-01,0.52999657182,historical_prior,7
2026-05-01,2026-05-08,1,0.0250800416663,0.533423820835,0.494930978691,0.535460795026,0.515195886859,1,0.5,2026-05-01,0.533423820835,historical_prior,7
2026-05-02,2026-05-09,1,0.0253098198746,0.533423820835,0.494930978691,0.53624914766,0.515590063176,1,0.5,2026-05-01,0.533423820835,historical_prior,7
2026-05-03,2026-05-10,1,0.0463480498627,0.533423820835,0.494930978691,0.536601136203,0.515766057447,1,0.5,2026-05-01,0.533423820835,historical_prior,7
2026-05-04,2026-05-11,1,0.0235990003132,0.533423820835,0.494930978691,0.536035534392,0.515483256542,1,0.5,2026-05-01,0.533423820835,historical_prior,7
2026-05-05,2026-05-12,0,-0.0049570165299,0.533423820835,0.494930978691,0.534380094385,0.514655536538,1,0.5,2026-05-01,0.533423820835,historical_prior,7
2026-05-06,2026-05-13,0,-0.0261937178541,0.533423820835,0.494930978691,0.534303196123,0.514617087407,1,0.5,2026-05-01,0.533423820835,historical_prior,7
2026-05-07,2026-05-14,1,0.0135488588356,0.533423820835,0.494930978691,0.531853208067,0.513392093379,1,0.5,2026-05-01,0.533423820835,historical_prior,7
2026-05-08,2026-05-15,0,-0.0134669822879,0.533423820835,0.494930978691,0.533106155407,0.514018567049,1,0.5,2026-05-01,0.533423820835,historical_prior,7
2026-05-09,2026-05-16,0,-0.0313634132556,0.533423820835,0.494930978691,0.532837967864,0.513884473278,1,0.5,2026-05-01,0.533423820835,historical_prior,7
2026-05-10,2026-05-17,0,-0.0578080033261,0.533423820835,0.494930978691,0.532206682593,0.513568830642,1,0.5,2026-05-01,0.533423820835,historical_prior,7
2026-05-11,2026-05-18,0,-0.0580309777951,0.533423820835,0.494930978691,0.532633703855,0.513782341273,1,0.5,2026-05-01,0.533423820835,historical_prior,7
2026-05-12,2026-05-19,0,-0.0455888971134,0.533423820835,0.494930978691,0.534040505291,0.514485741991,1,0.5,2026-05-01,0.533423820835,historical_prior,7
2026-05-13,2026-05-20,0,-0.0222077900628,0.533423820835,0.494930978691,0.530776299346,0.512853639019,1,0.5,2026-05-01,0.533423820835,historical_prior,7
2026-05-14,2026-05-21,0,-0.0428470887714,0.533423820835,0.494930978691,0.530765239998,0.512848109344,1,0.5,2026-05-01,0.533423820835,historical_prior,7
2026-05-15,2026-05-22,0,-0.0451721021053,0.533423820835,0.494930978691,0.530466035215,0.512698506953,1,0.5,2026-05-01,0.533423820835,historical_prior,7
2026-05-16,2026-05-23,0,-0.0178640413932,0.533423820835,0.494930978691,0.530381915071,0.512656446881,1,0.5,2026-05-01,0.533423820835,historical_prior,7
2026-05-17,2026-05-24,0,-0.00506999500501,0.533423820835,0.494930978691,0.529427705644,0.512179342167,1,0.5,2026-05-01,0.533423820835,historical_prior,7
2026-05-18,2026-05-25,1,0.00415756136831,0.533423820835,0.494930978691,0.529908797397,0.512419888044,1,0.5,2026-05-01,0.533423820835,historical_prior,7
2026-05-19,2026-05-26,0,-0.0117701247202,0.533423820835,0.494930978691,0.530281300954,0.512606139823,1,0.5,2026-05-01,0.533423820835,historical_prior,7
2026-05-20,2026-05-27,0,-0.0400108417256,0.533423820835,0.494930978691,0.528256999472,0.511593989081,1,0.5,2026-05-01,0.533423820835,historical_prior,7
2026-05-21,2026-05-28,0,-0.0515104453336,0.533423820835,0.494930978691,0.528616062627,0.511773520659,1,0.5,2026-05-01,0.533423820835,historical_prior,7
2026-05-22,2026-05-29,0,-0.0275183182309,0.533423820835,0.494930978691,0.52647873818,0.510704858436,1,0.5,2026-05-01,0.533423820835,historical_prior,7
2026-05-23,2026-05-30,0,-0.0373622788511,0.533423820835,0.494930978691,0.526334848966,0.510632913828,1,0.5,2026-05-01,0.533423820835,historical_prior,7
2026-05-24,2026-05-31,0,-0.0439962597788,0.533423820835,0.494930978691,0.526550108399,0.510740543545,1,0.5,2026-05-01,0.533423820835,historical_prior,7
2026-05-25,2026-06-01,0,-0.0764738267927,0.533423820835,0.494930978691,0.526272142879,0.510601560785,1,0.5,2026-05-01,0.533423820835,historical_prior,7
2026-05-26,2026-06-02,0,-0.120758314137,0.533423820835,0.494930978691,0.525433454832,0.510182216762,1,0.5,2026-05-01,0.533423820835,historical_prior,7
2026-05-27,2026-06-03,0,-0.138437164621,0.533423820835,0.494930978691,0.526369737425,0.510650358058,1,0.5,2026-05-01,0.533423820835,historical_prior,7
2026-05-28,2026-06-04,0,-0.132190290055,0.533423820835,0.494930978691,0.526891677396,0.510911328043,1,0.5,2026-05-01,0.533423820835,historical_prior,7
2026-05-29,2026-06-05,0,-0.16885622505,0.533423820835,0.494930978691,0.526340132361,0.510635555526,1,0.5,2026-05-01,0.533423820835,historical_prior,7
2026-05-30,2026-06-06,0,-0.17594733826,0.533423820835,0.494930978691,0.526514426964,0.510722702828,1,0.5,2026-05-01,0.533423820835,historical_prior,7
2026-05-31,2026-06-07,0,-0.140379581019,0.533423820835,0.494930978691,0.525071937211,0.510001457951,1,0.5,2026-05-01,0.533423820835,historical_prior,7
2026-06-01,2026-06-08,0,-0.116552838652,0.531900604433,0.489142217312,0.522360091649,0.505751154481,1,0.5,2026-06-01,0.531900604433,historical_prior,7
2026-06-02,2026-06-09,0,-0.0753560133989,0.531900604433,0.534251472713,0.523071699654,0.528661586183,1,0.5,2026-06-01,0.531900604433,historical_prior,7
2026-06-03,2026-06-10,0,-0.0410297344595,0.531900604433,0.534251472713,0.521446686646,0.52784907968,1,0.5,2026-06-01,0.531900604433,historical_prior,7
2026-06-04,2026-06-11,0,-0.00406974987787,0.531900604433,0.534251472713,0.520223536422,0.527237504568,1,0.5,2026-06-01,0.531900604433,historical_prior,7
2026-06-05,2026-06-12,1,0.0413312463036,0.531900604433,0.534251472713,0.519744194973,0.526997833843,1,0.5,2026-06-01,0.531900604433,historical_prior,7
2026-06-06,2026-06-13,1,0.0586911768522,0.531900604433,0.534251472713,0.520738282634,0.527494877674,1,0.5,2026-06-01,0.531900604433,historical_prior,7
2026-06-07,2026-06-14,1,0.0381235334233,0.531900604433,0.534251472713,0.52186818235,0.528059827531,1,0.5,2026-06-01,0.531900604433,historical_prior,7
2026-06-08,2026-06-15,1,0.0514020624865,0.531900604433,0.534251472713,0.520475962816,0.527363717764,1,0.5,2026-06-01,0.531900604433,historical_prior,7
2026-06-09,2026-06-16,1,0.063907500405,0.531900604433,0.534251472713,0.516955593553,0.525603533133,1,0.5,2026-06-01,0.531900604433,historical_prior,7
2026-06-10,2026-06-17,1,0.0487459232895,0.531900604433,0.534251472713,0.515942742381,0.525097107547,1,0.5,2026-06-01,0.531900604433,historical_prior,7
2026-06-11,2026-06-18,0,-0.0104985399834,0.531900604433,0.534251472713,0.517631376108,0.52594142441,1,0.5,2026-06-01,0.531900604433,historical_prior,7
2026-06-12,2026-06-19,0,-0.000567788523468,0.531900604433,0.534251472713,0.516928552016,0.525590012365,1,0.5,2026-06-01,0.531900604433,historical_prior,7
2026-06-13,2026-06-20,0,-0.00248223610999,0.531900604433,0.534251472713,0.515751838552,0.525001655633,1,0.5,2026-06-01,0.531900604433,historical_prior,7
2026-06-14,2026-06-21,0,-0.0370280068354,0.531900604433,0.534251472713,0.518556999921,0.526404236317,1,0.5,2026-06-01,0.531900604433,historical_prior,7
2026-06-15,2026-06-22,0,-0.0348073851546,0.531900604433,0.534251472713,0.51919206237,0.526721767542,1,0.5,2026-06-01,0.531900604433,historical_prior,7
2026-06-16,2026-06-23,0,-0.0447725854933,0.531900604433,0.534251472713,0.518826835014,0.526539153863,1,0.5,2026-06-01,0.531900604433,historical_prior,7
2026-06-17,2026-06-24,0,-0.0531924029676,0.531900604433,0.534251472713,0.518839323357,0.526545398035,1,0.5,2026-06-01,0.531900604433,historical_prior,7
2026-06-18,2026-06-25,0,-0.0502558768932,0.531900604433,0.534251472713,0.519813246619,0.527032359666,1,0.5,2026-06-01,0.531900604433,historical_prior,7
2026-06-19,2026-06-26,0,-0.0542402883298,0.531900604433,0.534251472713,0.519436568617,0.526844020665,1,0.5,2026-06-01,0.531900604433,historical_prior,7
2026-06-20,2026-06-27,0,-0.0663941232396,0.531900604433,0.534251472713,0.520052929332,0.527152201023,1,0.5,2026-06-01,0.531900604433,historical_prior,7
2026-06-21,2026-06-28,0,-0.058993249146,0.531900604433,0.534251472713,0.521674304007,0.52796288836,1,0.5,2026-06-01,0.531900604433,historical_prior,7
2026-06-22,2026-06-29,0,-0.0587285131633,0.531900604433,0.534251472713,0.521222692952,0.527737082833,1,0.5,2026-06-01,0.531900604433,historical_prior,7
2026-06-23,2026-06-30,0,-0.0655118860303,0.531900604433,0.534251472713,0.520494885703,0.527373179208,1,0.5,2026-06-01,0.531900604433,historical_prior,7
2026-06-24,2026-07-01,0,-0.0172564617794,0.531900604433,0.534251472713,0.519538898343,0.526895185528,1,0.5,2026-06-01,0.531900604433,historical_prior,7
2026-06-25,2026-07-02,1,0.0295347359267,0.531900604433,0.534251472713,0.519427461299,0.526839467006,1,0.5,2026-06-01,0.531900604433,historical_prior,7
2026-06-26,2026-07-03,1,0.0413661053156,0.531900604433,0.534251472713,0.520733021487,0.5274922471,1,0.5,2026-06-01,0.531900604433,historical_prior,7
2026-06-27,2026-07-04,1,0.0518917523197,0.531900604433,0.534251472713,0.521629604849,0.527940538781,1,0.5,2026-06-01,0.531900604433,historical_prior,7
2026-06-28,2026-07-05,1,0.068365129435,0.531900604433,0.534251472713,0.521141098895,0.527696285804,1,0.5,2026-06-01,0.531900604433,historical_prior,7
2026-06-29,2026-07-06,1,0.062757995699,0.531900604433,0.534251472713,0.521394047332,0.527822760022,1,0.5,2026-06-01,0.531900604433,historical_prior,7
2026-06-30,2026-07-07,1,0.0808409969107,0.531900604433,0.534251472713,0.520696224864,0.527473848789,1,0.5,2026-06-01,0.531900604433,historical_prior,7
2026-07-01,2026-07-08,1,0.0377515660403,0.528590425532,0.52919235355,0.51698670499,0.52308952927,1,0.5,2026-07-01,0.528590425532,historical_prior,7
2026-07-02,2026-07-09,1,0.0271280051982,0.528590425532,0.52919235355,0.518786291651,0.5239893226,1,0.5,2026-07-01,0.528590425532,historical_prior,7
2026-07-03,2026-07-10,1,0.0252217605794,0.528590425532,0.52919235355,0.520765887058,0.524979120304,1,0.5,2026-07-01,0.528590425532,historical_prior,7
2026-07-04,2026-07-11,1,0.0106896917063,0.528590425532,0.52919235355,0.521078717032,0.525135535291,1,0.5,2026-07-01,0.528590425532,historical_prior,7
2026-07-05,2026-07-12,1,0.00204241948154,0.528590425532,0.52919235355,0.52229230037,0.52574232696,1,0.5,2026-07-01,0.528590425532,historical_prior,7
2026-07-06,2026-07-13,0,-0.0266621821111,0.528590425532,0.52919235355,0.522915719504,0.526054036527,1,0.5,2026-07-01,0.528590425532,historical_prior,7
2026-07-07,2026-07-14,1,0.0265133240505,0.528590425532,0.52919235355,0.518962694473,0.524077524012,1,0.5,2026-07-01,0.528590425532,historical_prior,7
2026-07-08,2026-07-15,1,0.0395935142077,0.528590425532,0.52919235355,0.519939145639,0.524565749595,1,0.5,2026-07-01,0.528590425532,historical_prior,7
2026-07-09,2026-07-16,1,0.00949232959038,0.528590425532,0.52919235355,0.522021840386,0.525607096968,1,0.5,2026-07-01,0.528590425532,historical_prior,7
2026-07-10,2026-07-17,0,-0.00358547121243,0.528590425532,0.52919235355,0.523057297374,0.526124825462,1,0.5,2026-07-01,0.528590425532,historical_prior,7
2026-07-11,2026-07-18,1,0.0159078017518,0.528590425532,0.52919235355,0.520888632208,0.525040492879,1,0.5,2026-07-01,0.528590425532,historical_prior,7
2026-07-12,2026-07-19,1,0.0147779868297,0.528590425532,0.52919235355,0.521193932289,0.52519314292,1,0.5,2026-07-01,0.528590425532,historical_prior,7
2026-07-13,2026-07-20,1,0.0468599100466,0.528590425532,0.52919235355,0.520568677759,0.524880515654,1,0.5,2026-07-01,0.528590425532,historical_prior,7
2026-07-14,2026-07-21,1,0.0232485773472,0.528590425532,0.52919235355,0.520466656817,0.524829505183,1,0.5,2026-07-01,0.528590425532,historical_prior,7
2026-07-15,2026-07-22,1,0.0209741819635,0.528590425532,0.52919235355,0.519287984437,0.524240168993,1,0.5,2026-07-01,0.528590425532,historical_prior,7
2026-07-16,2026-07-23,1,0.019877268127,0.528590425532,0.52919235355,0.520217332169,0.52470484286,1,0.5,2026-07-01,0.528590425532,historical_prior,7
2026-07-17,2026-07-24,1,0.0032584789354,0.528590425532,0.52919235355,0.521541112501,0.525366733026,1,0.5,2026-07-01,0.528590425532,historical_prior,7
2026-07-18,2026-07-25,0,-0.00708298796531,0.528590425532,0.52919235355,0.522574361756,0.525883357653,1,0.5,2026-07-01,0.528590425532,historical_prior,7
2026-07-19,2026-07-26,1,0.010466987235,0.528590425532,0.52919235355,0.521993288221,0.525592820886,1,0.5,2026-07-01,0.528590425532,historical_prior,7
2026-07-20,2026-07-27,0,-0.0229812011277,0.528590425532,0.52919235355,0.520603301129,0.52489782734,1,0.5,2026-07-01,0.528590425532,historical_prior,7
2026-07-21,2026-07-28,0,-0.0396831788372,0.528590425532,0.52919235355,0.523205148308,0.526198750929,1,0.5,2026-07-01,0.528590425532,historical_prior,7
2026-07-22,2026-07-29,0,-0.0322200171248,0.528590425532,0.52919235355,0.522349578417,0.525770965983,1,0.5,2026-07-01,0.528590425532,historical_prior,7
2026-07-23,2026-07-30,0,-0.00489946307906,0.528590425532,0.52919235355,0.522618248317,0.525905300933,1,0.5,2026-07-01,0.528590425532,historical_prior,7
2026-07-24,2026-07-31,0,-0.0195215184786,0.528590425532,0.52919235355,0.523600857376,0.526396605463,1,0.5,2026-07-01,0.528590425532,historical_prior,7
2026-07-25,2026-08-01,0,-0.0240987961165,0.528590425532,0.52919235355,0.524937018487,0.527064686018,1,0.5,2026-07-01,0.528590425532,historical_prior,7
2026-07-26,2026-08-02,0,-0.0279815027495,0.528590425532,0.52919235355,0.524887967895,0.527040160722,1,0.5,2026-07-01,0.528590425532,historical_prior,7
2026-07-27,2026-08-03,0,-0.00369942464897,0.528590425532,0.52919235355,0.525371856728,0.527282105139,1,0.5,2026-07-01,0.528590425532,historical_prior,7
2026-07-28,2026-08-04,1,0.00299710553078,0.528590425532,0.52919235355,0.526438278936,0.527815316243,1,0.5,2026-07-01,0.528590425532,historical_prior,7
2026-07-29,2026-08-05,1,0.0106424578037,0.528590425532,0.52919235355,0.525550161322,0.527371257436,1,0.5,2026-07-01,0.528590425532,historical_prior,7
2026-07-30,2026-08-06,0,-0.00704553657131,0.528590425532,0.52919235355,0.52611518956,0.527653771555,1,0.5,2026-07-01,0.528590425532,historical_prior,7
2026-07-31,2026-08-07,1,0.0323641057705,0.528590425532,0.52919235355,0.524316313398,0.526754333474,1,0.5,2026-07-01,0.528590425532,historical_prior,7
2026-08-01,2026-08-08,1,0.0340470561718,0.530437643962,0.533958706026,0.52550008474,0.529729395383,1,0.5,2026-08-01,0.530437643962,historical_prior,7
2026-08-02,2026-08-09,1,0.0209468302658,0.530437643962,0.533958706026,0.525240390057,0.529599548042,1,0.5,2026-08-01,0.530437643962,historical_prior,7
2026-08-03,2026-08-10,1,0.00708454030227,0.530437643962,0.533958706026,0.523859427055,0.528909066541,1,0.5,2026-08-01,0.530437643962,historical_prior,7
2026-08-04,2026-08-11,0,-0.00790184343069,0.530437643962,0.533958706026,0.523628430779,0.528793568403,1,0.5,2026-08-01,0.530437643962,historical_prior,7
2026-08-05,2026-08-12,0,-0.0183288608113,0.530437643962,0.482469019498,0.523445254287,0.502957136892,1,0.5,2026-08-01,0.530437643962,historical_prior,7
2026-08-06,2026-08-13,0,-0.0129462572141,0.530437643962,0.482469019498,0.524287599501,0.5033783095,1,0.5,2026-08-01,0.530437643962,historical_prior,7
2026-08-07,2026-08-14,0,-0.0289515964943,0.530437643962,0.482469019498,0.524055613552,0.503262316525,1,0.5,2026-08-01,0.530437643962,historical_prior,7
2026-08-08,2026-08-15,0,-0.0288872366562,0.530437643962,0.482469019498,0.523152267227,0.502810643362,1,0.5,2026-08-01,0.530437643962,historical_prior,7
2026-08-09,2026-08-16,0,-0.0308403846501,0.530437643962,0.482469019498,0.522687841187,0.502578430343,1,0.5,2026-08-01,0.530437643962,historical_prior,7
2026-08-10,2026-08-17,1,0.00878677367723,0.530437643962,0.482469019498,0.522893192161,0.50268110583,1,0.5,2026-08-01,0.530437643962,historical_prior,7
2026-08-11,2026-08-18,1,0.0176952830189,0.530437643962,0.482469019498,0.523191746833,0.502830383165,1,0.5,2026-08-01,0.530437643962,historical_prior,7
2026-08-12,2026-08-19,1,0.0922306383476,0.530437643962,0.482469019498,0.524286690341,0.503377854919,1,0.5,2026-08-01,0.530437643962,historical_prior,7
2026-08-13,2026-08-20,1,0.150167913933,0.530437643962,0.533958706026,0.520736236581,0.527347471304,1,0.5,2026-08-01,0.530437643962,historical_prior,7
2026-08-14,2026-08-21,1,0.242601623385,0.530437643962,0.533958706026,0.521217450565,0.527588078296,1,0.5,2026-08-01,0.530437643962,historical_prior,7
2026-08-15,2026-08-22,1,0.221743616374,0.530437643962,0.533958706026,0.521813595613,0.52788615082,1,0.5,2026-08-01,0.530437643962,historical_prior,7
2026-08-16,2026-08-23,1,0.235834658188,0.530437643962,0.533958706026,0.521663173039,0.527810939533,1,0.5,2026-08-01,0.530437643962,historical_prior,7
2026-08-17,2026-08-24,1,0.224084602857,0.530437643962,0.533958706026,0.521038162663,0.527498434345,1,0.5,2026-08-01,0.530437643962,historical_prior,7
2026-08-18,2026-08-25,1,0.21342032234,0.530437643962,0.533958706026,0.520948678937,0.527453692482,1,0.5,2026-08-01,0.530437643962,historical_prior,7
2026-08-19,2026-08-26,1,0.139741679466,0.530437643962,0.548710769045,0.5237552894,0.536233029223,1,0.5,2026-08-01,0.530437643962,historical_prior,7
2026-08-20,2026-08-27,1,0.0989307108578,0.530437643962,0.548710769045,0.524217873184,0.536464321115,1,0.5,2026-08-01,0.530437643962,historical_prior,7
2026-08-21,2026-08-28,0,-0.00628251693335,0.530437643962,0.548710769045,0.526606131602,0.537658450324,1,0.5,2026-08-01,0.530437643962,historical_prior,7
2026-08-22,2026-08-29,1,0.0149863256444,0.530437643962,0.548710769045,0.527291194362,0.538000981703,1,0.5,2026-08-01,0.530437643962,historical_prior,7
2026-08-23,2026-08-30,0,-0.000668947950704,0.530437643962,0.548710769045,0.527838094725,0.538274431885,1,0.5,2026-08-01,0.530437643962,historical_prior,7
2026-08-24,2026-08-31,0,-0.00520883245614,0.530437643962,0.548710769045,0.528694748601,0.538702758823,1,0.5,2026-08-01,0.530437643962,historical_prior,7
2026-08-25,2026-09-01,0,-0.0140075381523,0.530437643962,0.548710769045,0.527990894724,0.538350831885,1,0.5,2026-08-01,0.530437643962,historical_prior,7
2026-08-26,2026-09-02,0,-0.021306759044,0.530437643962,0.548710769045,0.531264556305,0.539987662675,1,0.5,2026-08-01,0.530437643962,historical_prior,7
2026-08-27,2026-09-03,1,0.0127201911836,0.530437643962,0.548710769045,0.533047345275,0.54087905716,1,0.5,2026-08-01,0.530437643962,historical_prior,7
2026-08-28,2026-09-04,1,0.0233140178149,0.530437643962,0.548710769045,0.535686432105,0.542198600575,1,0.5,2026-08-01,0.530437643962,historical_prior,7
2026-08-29,2026-09-05,1,0.0204748817589,0.530437643962,0.548710769045,0.534547843556,0.541629306301,1,0.5,2026-08-01,0.530437643962,historical_prior,7
2026-08-30,2026-09-06,1,0.0342399783734,0.530437643962,0.548710769045,0.535831793463,0.542271281254,1,0.5,2026-08-01,0.530437643962,historical_prior,7
2026-08-31,2026-09-07,1,0.00675377052222,0.530437643962,0.548710769045,0.536505724787,0.542608246916,1,0.5,2026-08-01,0.530437643962,historical_prior,7
2026-09-01,2026-09-08,1,0.0131303348442,0.530944625407,0.548499502726,0.536555972833,0.542527737779,1,0.5,2026-09-01,0.530944625407,historical_prior,7
2026-09-02,2026-09-09,1,0.0124957315108,0.530944625407,0.548499502726,0.536831279027,0.542665390877,1,0.5,2026-09-01,0.530944625407,historical_prior,7
2026-09-03,2026-09-10,0,-0.0578519576077,0.530944625407,0.548499502726,0.537743038374,0.54312127055,1,0.5,2026-09-01,0.530944625407,historical_prior,7
2026-09-04,2026-09-11,0,-0.0305679947608,0.530944625407,0.548499502726,0.536365725109,0.542432613917,1,0.5,2026-09-01,0.530944625407,historical_prior,7
2026-09-05,2026-09-12,0,-0.0319800079542,0.530944625407,0.548499502726,0.536782992715,0.54264124772,1,0.5,2026-09-01,0.530944625407,historical_prior,7
2026-09-06,2026-09-13,0,-0.0435616166572,0.530944625407,0.548499502726,0.536085821036,0.542292661881,1,0.5,2026-09-01,0.530944625407,historical_prior,7
2026-09-07,2026-09-14,0,-0.0116644742056,0.530944625407,0.548499502726,0.53660743802,0.542553470373,1,0.5,2026-09-01,0.530944625407,historical_prior,7
2026-09-08,2026-09-15,0,-0.0358331697593,0.530944625407,0.548499502726,0.536132012902,0.542315757814,1,0.5,2026-09-01,0.530944625407,historical_prior,7
2026-09-09,2026-09-16,0,-0.0268230846432,0.530944625407,0.548499502726,0.536670798013,0.542585150369,1,0.5,2026-09-01,0.530944625407,historical_prior,7
2020-01-01,2020-01-31,1,0.29885916246,0.488562091503,0.471248349714,0.493290907807,0.48226962876,1,0.5,2020-01-01,,,30
2020-01-02,2020-02-01,1,0.347258212013,0.488562091503,0.471248349714,0.494092075616,0.482670212665,1,0.5,2020-01-01,,,30
2020-01-03,2020-02-02,1,0.270464372849,0.488562091503,0.471248349714,0.492650823314,0.481949586514,1,0.5,2020-01-01,,,30
2020-01-04,2020-02-03,1,0.26354378708,0.488562091503,0.471248349714,0.492468832836,0.481858591275,1,0.5,2020-01-01,,,30
2020-01-05,2020-02-04,1,0.249807372176,0.488562091503,0.471248349714,0.492516350842,0.481882350278,1,0.5,2020-01-01,,,30
2020-01-06,2020-02-05,1,0.238984274297,0.488562091503,0.471248349714,0.489560686079,0.480404517897,1,0.5,2020-01-01,,,30
2020-01-07,2020-02-06,1,0.19971320814,0.488562091503,0.471248349714,0.487226951869,0.479237650791,1,0.5,2020-01-01,,,30
2020-01-08,2020-02-07,1,0.218191951817,0.488562091503,0.471248349714,0.488262328476,0.479755339095,1,0.5,2020-01-01,,,30
2020-01-09,2020-02-08,1,0.26571421993,0.488562091503,0.471248349714,0.487864527291,0.479556438502,1,0.5,2020-01-01,,,30
2020-01-10,2020-02-09,1,0.238468370213,0.488562091503,0.471248349714,0.488657641201,0.479952995458,1,0.5,2020-01-01,,,30
2020-01-11,2020-02-10,1,0.228406198995,0.488562091503,0.471248349714,0.489338720575,0.480293535145,1,0.5,2020-01-01,,,30
2020-01-12,2020-02-11,1,0.249004884557,0.488562091503,0.471248349714,0.488447295837,0.479847822775,1,0.5,2020-01-01,,,30
2020-01-13,2020-02-12,1,0.273246251082,0.488562091503,0.471248349714,0.49209315032,0.481670750017,1,0.5,2020-01-01,,,30
2020-01-14,2020-02-13,1,0.161137161025,0.488562091503,0.471248349714,0.490677602742,0.480962976228,1,0.5,2020-01-01,,,30
2020-01-15,2020-02-14,1,0.172642468721,0.488562091503,0.400704910063,0.491125238214,0.445915074139,1,0.5,2020-01-01,,,30
2020-01-16,2020-02-15,1,0.135861082728,0.488562091503,0.400704910063,0.491320309622,0.446012609843,1,0.5,2020-01-01,,,30
2020-01-17,2020-02-16,1,0.112639791412,0.488562091503,0.400704910063,0.491697119726,0.446201014895,1,0.5,2020-01-01,,,30
2020-01-18,2020-02-17,1,0.0886096393434,0.488562091503,0.400704910063,0.491161376595,0.445933143329,1,0.5,2020-01-01,,,30
2020-01-19,2020-02-18,1,0.16812921613,0.488562091503,0.400704910063,0.492628880219,0.446666895141,1,0.5,2020-01-01,,,30
2020-01-20,2020-02-19,1,0.110090426794,0.488562091503,0.400704910063,0.492592459845,0.446648684954,1,0.5,2020-01-01,,,30
2020-01-21,2020-02-20,1,0.0984875280877,0.488562091503,0.400704910063,0.495320413165,0.448012661614,1,0.5,2020-01-01,,,30
2020-01-22,2020-02-21,1,0.114564473254,0.488562091503,0.400704910063,0.496337386844,0.448521148453,1,0.5,2020-01-01,,,30
2020-01-23,2020-02-22,1,0.148294013221,0.488562091503,0.400704910063,0.496807716353,0.448756313208,1,0.5,2020-01-01,,,30
2020-01-24,2020-02-23,1,0.177438085081,0.488562091503,0.400704910063,0.497921685892,0.449313297978,1,0.5,2020-01-01,,,30
2020-01-25,2020-02-24,1,0.157728839002,0.488562091503,0.400704910063,0.498259514325,0.449482212194,1,0.5,2020-01-01,,,30
2020-01-26,2020-02-25,1,0.081351131747,0.488562091503,0.400704910063,0.495698576911,0.448201743487,1,0.5,2020-01-01,,,30
2020-01-27,2020-02-26,0,-0.0137321401909,0.488562091503,0.400704910063,0.493917497036,0.44731120355,1,0.5,2020-01-01,,,30
2020-01-28,2020-02-27,0,-0.0587782863836,0.488562091503,0.607470836436,0.492159187791,0.549815012113,1,0.5,2020-01-01,,,30
2020-01-29,2020-02-28,0,-0.0654322460928,0.488562091503,0.607470836436,0.492681575069,0.550076205752,1,0.5,2020-01-01,,,30
2020-01-30,2020-02-29,0,-0.104023773258,0.488562091503,0.607470836436,0.490532838456,0.549001837446,1,0.5,2020-01-01,,,30
2020-01-31,2020-03-01,0,-0.0877814237097,0.488562091503,0.607470836436,0.491173384796,0.549322110616,1,0.5,2020-01-01,,,30
2020-02-01,2020-03-02,0,-0.0500148647626,0.50699844479,0.614471983254,0.50971128619,0.562091634722,1,0.5,2020-02-01,,,30
2020-02-02,2020-03-03,0,-0.0612376775034,0.50699844479,0.614471983254,0.511074129582,0.562773056418,1,0.5,2020-02-01,,,30
2020-02-03,2020-03-04,0,-0.0582604409701,0.50699844479,0.614471983254,0.512625349662,0.563548666458,1,0.5,2020-02-01,,,30
2020-02-04,2020-03-05,0,-0.0154767522524,0.50699844479,0.614471983254,0.515142773799,0.564807378526,1,0.5,2020-02-01,,,30
2020-02-05,2020-03-06,0,-0.0499540160049,0.50699844479,0.614471983254,0.512277142429,0.563374562841,1,0.5,2020-02-01,,,30
2020-02-06,2020-03-07,0,-0.0905996725338,0.50699844479,0.614471983254,0.512342020605,0.563407001929,1,0.5,2020-02-01,,,30
2020-02-07,2020-03-08,0,-0.181421335211,0.50699844479,0.614471983254,0.511727256108,0.563099619681,1,0.5,2020-02-01,,,30
2020-02-08,2020-03-09,0,-0.198602331469,0.50699844479,0.614471983254,0.512603677116,0.563537830185,1,0.5,2020-02-01,,,30
2020-02-09,2020-03-10,0,-0.222344915901,0.50699844479,0.614471983254,0.510956684687,0.56271433397,1,0.5,2020-02-01,,,30
2020-02-10,2020-03-11,0,-0.194614604596,0.50699844479,0.614471983254,0.512229532206,0.56335075773,1,0.5,2020-02-01,,,30
2020-02-11,2020-03-12,0,-0.530474181949,0.50699844479,0.614471983254,0.509519914018,0.561995948636,1,0.5,2020-02-01,,,30
2020-02-12,2020-03-13,0,-0.459776147876,0.50699844479,0.614471983254,0.511272898296,0.562872440775,1,0.5,2020-02-01,,,30
2020-02-13,2020-03-14,0,-0.494404000927,0.50699844479,0.614471983254,0.51350453662,0.563988259937,1,0.5,2020-02-01,,,30
2020-02-14,2020-03-15,0,-0.481717573634,0.50699844479,0.614471983254,0.513173651775,0.563822817514,1,0.5,2020-02-01,,,30
2020-02-15,2020-03-16,0,-0.492265303815,0.50699844479,0.614471983254,0.514643037969,0.564557510611,1,0.5,2020-02-01,,,30
2020-02-16,2020-03-17,0,-0.464304188552,0.50699844479,0.614471983254,0.515462035949,0.564967009601,1,0.5,2020-02-01,,,30
2020-02-17,2020-03-18,0,-0.444360189573,0.50699844479,0.614471983254,0.514802417186,0.56463720022,1,0.5,2020-02-01,,,30
2020-02-18,2020-03-19,0,-0.393748567347,0.50699844479,0.614471983254,0.514376704149,0.564424343701,1,0.5,2020-02-01,,,30
2020-02-19,2020-03-20,0,-0.352877225789,0.50699844479,0.614471983254,0.515839322919,0.565155653086,1,0.5,2020-02-01,,,30
2020-02-20,2020-03-21,0,-0.355282490762,0.50699844479,0.614471983254,0.515239343608,0.564855663431,1,0.5,2020-02-01,,,30
2020-02-21,2020-03-22,0,-0.398970760717,0.50699844479,0.614471983254,0.515475799612,0.564973891433,1,0.5,2020-02-01,,,30
2020-02-22,2020-03-23,0,-0.329872156471,0.50699844479,0.614471983254,0.514792120672,0.564632051963,1,0.5,2020-02-01,,,30
2020-02-23,2020-03-24,0,-0.321210901332,0.50699844479,0.614471983254,0.513255489942,0.563863736598,1,0.5,2020-02-01,,,30
2020-02-24,2020-03-25,0,-0.308477619916,0.50699844479,0.614471983254,0.513393581737,0.563932782495,1,0.5,2020-02-01,,,30
2020-02-25,2020-03-26,0,-0.276784487497,0.50699844479,0.614471983254,0.516037241225,0.565254612239,1,0.5,2020-02-01,,,30
2020-02-26,2020-03-27,0,-0.276160610114,0.50699844479,0.614471983254,0.514427258407,0.56444962083,1,0.5,2020-02-01,,,30
2020-02-27,2020-03-28,0,-0.293154078844,0.50699844479,0.614471983254,0.51438956348,0.564430773367,1,0.5,2020-02-01,,,30
2020-02-28,2020-03-29,0,-0.323423341551,0.50699844479,0.407561405087,0.515427769681,0.461494587384,1,0.5,2020-02-01,,,30
2020-02-29,2020-03-30,0,-0.249803780323,0.50699844479,0.407561405087,0.515856651112,0.461709028099,1,0.5,2020-02-01,,,30
2020-03-01,2020-03-31,0,-0.248648597964,0.522321428571,0.43925070028,0.529682080491,0.484466390385,1,0.5,2020-03-01,,,30
2020-03-02,2020-04-01,0,-0.254880407033,0.522321428571,0.612537202381,0.527129172612,0.569833187496,1,0.5,2020-03-01,,,30
2020-03-03,2020-04-02,0,-0.224425147288,0.522321428571,0.612537202381,0.52655335748,0.56954527993,1,0.5,2020-03-01,,,30
2020-03-04,2020-04-03,0,-0.230465085186,0.522321428571,0.612537202381,0.525201422598,0.568869312489,1,0.5,2020-03-01,,,30
2020-03-05,2020-04-04,0,-0.242713160487,0.522321428571,0.612537202381,0.524554721791,0.568545962086,1,0.5,2020-03-01,,,30
2020-03-06,2020-04-05,0,-0.258336728034,0.522321428571,0.612537202381,0.523439385424,0.567988293903,1,0.5,2020-03-01,,,30
2020-03-07,2020-04-06,0,-0.175179426241,0.522321428571,0.612537202381,0.522677996982,0.567607599682,1,0.5,2020-03-01,,,30
2020-03-08,2020-04-07,0,-0.104065447493,0.522321428571,0.43925070028,0.520057912152,0.479654306216,1,0.5,2020-03-01,,,30
2020-03-09,2020-04-08,0,-0.0717023103784,0.522321428571,0.43925070028,0.521128147145,0.480189423713,1,0.5,2020-03-01,,,30
2020-03-10,2020-04-09,0,-0.0773976003729,0.522321428571,0.521368378812,0.520295883997,0.520832131405,1,0.5,2020-03-01,,,30
2020-03-11,2020-04-10,0,-0.135559554957,0.522321428571,0.521368378812,0.521318001953,0.521343190382,1,0.5,2020-03-01,,,30
2020-03-12,2020-04-11,1,0.432672916667,0.522321428571,0.521368378812,0.477254082394,0.499311230603,1,0.5,2020-03-01,,,30
2020-03-13,2020-04-12,1,0.237548847381,0.522321428571,0.521368378812,0.472402529382,0.496885454097,1,0.5,2020-03-01,,,30
2020-03-14,2020-04-13,1,0.322086364041,0.522321428571,0.521368378812,0.472126864823,0.496747621818,1,0.5,2020-03-01,,,30
2020-03-15,2020-04-14,1,0.281163150728,0.522321428571,0.521368378812,0.468705555444,0.495036967128,1,0.5,2020-03-01,,,30
2020-03-16,2020-04-15,1,0.316619506579,0.522321428571,0.521368378812,0.469993213564,0.495680796188,1,0.5,2020-03-01,,,30
2020-03-17,2020-04-16,1,0.33680053608,0.522321428571,0.521368378812,0.468807774015,0.495088076414,1,0.5,2020-03-01,,,30
2020-03-18,2020-04-17,1,0.303077670479,0.522321428571,0.521368378812,0.469350658337,0.495359518575,1,0.5,2020-03-01,,,30
2020-03-19,2020-04-18,1,0.17626822148,0.522321428571,0.521368378812,0.452231051544,0.486799715178,1,0.5,2020-03-01,,,30
2020-03-20,2020-04-19,1,0.146959905676,0.522321428571,0.521368378812,0.457769620169,0.489568999491,1,0.5,2020-03-01,,,30
2020-03-21,2020-04-20,1,0.103418792367,0.522321428571,0.521368378812,0.455918574537,0.488643476674,1,0.5,2020-03-01,,,30
2020-03-22,2020-04-21,1,0.17626315509,0.522321428571,0.521368378812,0.456806485598,0.489087432205,1,0.5,2020-03-01,,,30
2020-03-23,2020-04-22,1,0.101716169474,0.522321428571,0.521368378812,0.452686480422,0.487027429617,1,0.5,2020-03-01,,,30
2020-03-24,2020-04-23,1,0.109369996086,0.522321428571,0.521368378812,0.452484009957,0.486926194385,1,0.5,2020-03-01,,,30
2020-03-25,2020-04-24,1,0.123935406287,0.522321428571,0.521368378812,0.453850576188,0.4876094775,1,0.5,2020-03-01,,,30
2020-03-26,2020-04-25,1,0.118935309973,0.522321428571,0.521368378812,0.458128269216,0.489748324014,1,0.5,2020-03-01,,,30
2020-03-27,2020-04-26,1,0.209776210822,0.522321428571,0.521368378812,0.460747315783,0.491057847298,1,0.5,2020-03-01,,,30
2020-03-28,2020-04-27,1,0.246601941748,0.522321428571,0.521368378812,0.460685271676,0.491026825244,1,0.5,2020-03-01,,,30
2020-03-29,2020-04-28,1,0.315835291477,0.522321428571,0.521368378812,0.459874452971,0.490621415892,1,0.5,2020-03-01,,,30
2020-03-30,2020-04-29,1,0.372857102643,0.522321428571,0.521368378812,0.461282290497,0.491325334654,1,0.5,2020-03-01,,,30
2020-03-31,2020-04-30,1,0.344681488322,0.522321428571,0.521368378812,0.462210348472,0.491789363642,1,0.5,2020-03-01,,,30
2020-04-01,2020-05-01,1,0.328777104045,0.499288762447,0.516710086787,0.494946661589,0.505828374188,1,0.5,2020-04-01,,,30
2020-04-02,2020-05-02,1,0.320566845597,0.499288762447,0.516710086787,0.494692296995,0.505701191891,1,0.5,2020-04-01,,,30
2020-04-03,2020-05-03,1,0.320764467412,0.499288762447,0.516710086787,0.494902453075,0.505806269931,1,0.5,2020-04-01,,,30
2020-04-04,2020-05-04,1,0.293856342214,0.499288762447,0.516710086787,0.494416166549,0.505563126668,1,0.5,2020-04-01,,,30
2020-04-05,2020-05-05,1,0.332071911386,0.499288762447,0.516710086787,0.494613540372,0.50566181358,1,0.5,2020-04-01,,,30
2020-04-06,2020-05-06,1,0.247345802808,0.499288762447,0.516710086787,0.493308979297,0.505009533042,1,0.5,2020-04-01,,,30
2020-04-07,2020-05-07,1,0.387516464462,0.499288762447,0.516710086787,0.494427097246,0.505568592016,1,0.5,2020-04-01,,,30
2020-04-08,2020-05-08,1,0.331291568858,0.499288762447,0.516710086787,0.494042048352,0.505376067569,1,0.5,2020-04-01,,,30
2020-04-09,2020-05-09,1,0.309720273384,0.499288762447,0.516710086787,0.494147064532,0.505428575659,1,0.5,2020-04-01,,,30
2020-04-10,2020-05-10,1,0.271741032116,0.499288762447,0.516710086787,0.494933954051,0.505822020419,1,0.5,2020-04-01,,,30
2020-04-11,2020-05-11,1,0.244980608798,0.499288762447,0.516710086787,0.503818038392,0.510264062589,1,0.5,2020-04-01,,,30
2020-04-12,2020-05-12,1,0.276225087959,0.499288762447,0.516710086787,0.50328398439,0.509997035589,1,0.5,2020-04-01,,,30
2020-04-13,2020-05-13,1,0.361434999876,0.499288762447,0.516710086787,0.504015494345,0.510362790566,1,0.5,2020-04-01,,,30
2020-04-14,2020-05-14,1,0.425594362834,0.499288762447,0.516710086787,0.503732990447,0.510221538617,1,0.5,2020-04-01,,,30
2020-04-15,2020-05-15,1,0.407050643082,0.499288762447,0.516710086787,0.504758349742,0.510734218265,1,0.5,2020-04-01,,,30
2020-04-16,2020-05-16,1,0.320944699617,0.499288762447,0.516710086787,0.503300265451,0.510005176119,1,0.5,2020-04-01,,,30
2020-04-17,2020-05-17,1,0.377441640401,0.499288762447,0.516710086787,0.503451796578,0.510080941682,1,0.5,2020-04-01,,,30
2020-04-18,2020-05-18,1,0.342870347377,0.499288762447,0.516710086787,0.502556138294,0.50963311254,1,0.5,2020-04-01,,,30
2020-04-19,2020-05-19,1,0.372825015378,0.499288762447,0.516710086787,0.502727849977,0.509718968382,1,0.5,2020-04-01,,,30
2020-04-20,2020-05-20,1,0.39324254449,0.499288762447,0.516710086787,0.503293762512,0.510001924649,1,0.5,2020-04-01,,,30
2020-04-21,2020-05-21,1,0.325560523696,0.499288762447,0.516710086787,0.503869471016,0.510289778901,1,0.5,2020-04-01,,,30
2020-04-22,2020-05-22,1,0.286992255591,0.499288762447,0.516710086787,0.502944498648,0.509827292718,1,0.5,2020-04-01,,,30
2020-04-23,2020-05-23,1,0.226767115855,0.499288762447,0.516710086787,0.501658823984,0.509184455385,1,0.5,2020-04-01,,,30
2020-04-24,2020-05-24,1,0.161937375083,0.499288762447,0.516710086787,0.501703933196,0.509207009991,1,0.5,2020-04-01,,,30
2020-04-25,2020-05-25,1,0.180626025546,0.499288762447,0.516710086787,0.501483001639,0.509096544213,1,0.5,2020-04-01,,,30
2020-04-26,2020-05-26,1,0.149235028792,0.499288762447,0.516710086787,0.501764013755,0.509237050271,1,0.5,2020-04-01,,,30
2020-04-27,2020-05-27,1,0.183861076168,0.499288762447,0.516710086787,0.501838046911,0.509274066849,1,0.5,2020-04-01,,,30
2020-04-28,2020-05-28,1,0.237358153142,0.499288762447,0.516710086787,0.502556009412,0.509633048099,1,0.5,2020-04-01,,,30
2020-04-29,2020-05-29,1,0.0738730795562,0.499288762447,0.426108483024,0.499015143073,0.462561813049,1,0.5,2020-04-01,,,30
2020-04-30,2020-05-30,1,0.125025522042,0.499288762447,0.426108483024,0.499239705638,0.462674094331,1,0.5,2020-04-01,,,30
2020-05-01,2020-05-31,1,0.0703877665697,0.506139154161,0.531213590783,0.503373249047,0.517293419915,1,0.5,2020-05-01,,,30
2020-05-02,2020-06-01,1,0.1369497495,0.506139154161,0.531213590783,0.502715711994,0.516964651388,1,0.5,2020-05-01,,,30
2020-05-03,2020-06-02,1,0.0701449040719,0.506139154161,0.531213590783,0.502898652428,0.517056121606,1,0.5,2020-05-01,,,30
2020-05-04,2020-06-03,1,0.0895270041795,0.506139154161,0.425202014902,0.503100619207,0.464151317054,1,0.5,2020-05-01,,,30
2020-05-05,2020-06-04,1,0.0850415048832,0.506139154161,0.531213590783,0.502078260944,0.516645925863,1,0.5,2020-05-01,,,30
2020-05-06,2020-06-05,1,0.0523071403884,0.506139154161,0.531213590783,0.497608350815,0.514410970799,1,0.5,2020-05-01,,,30
2020-05-07,2020-06-06,0,-0.0320535928863,0.506139154161,0.531213590783,0.49733932088,0.514276455831,1,0.5,2020-05-01,,,30
2020-05-08,2020-06-07,0,-0.00541019856102,0.506139154161,0.531213590783,0.498729630985,0.514971610884,1,0.5,2020-05-01,,,30
2020-05-09,2020-06-08,1,0.0254324171332,0.506139154161,0.531213590783,0.500455007794,0.515834299288,1,0.5,2020-05-01,,,30
2020-05-10,2020-06-09,1,0.120335627329,0.506139154161,0.531213590783,0.507267548084,0.519240569433,1,0.5,2020-05-01,,,30
2020-05-11,2020-06-10,1,0.154584699913,0.506139154161,0.531213590783,0.508535278714,0.519874434748,1,0.5,2020-05-01,,,30
2020-05-12,2020-06-11,1,0.0532994203698,0.506139154161,0.531213590783,0.507475237083,0.519344413933,1,0.5,2020-05-01,,,30
2020-05-13,2020-06-12,1,0.0167315296309,0.506139154161,0.531213590783,0.505925468893,0.518569529838,1,0.5,2020-05-01,,,30
2020-05-14,2020-06-13,0,-0.0325409161375,0.506139154161,0.531213590783,0.503797763665,0.517505677224,1,0.5,2020-05-01,,,30
2020-05-15,2020-06-14,1,0.00275642360478,0.506139154161,0.531213590783,0.506874422098,0.519044006441,1,0.5,2020-05-01,,,30
2020-05-16,2020-06-15,1,0.00477014306165,0.506139154161,0.531213590783,0.505136823378,0.51817520708,1,0.5,2020-05-01,,,30
2020-05-17,2020-06-16,0,-0.0159555125805,0.506139154161,0.531213590783,0.504355512345,0.517784551564,1,0.5,2020-05-01,,,30
2020-05-18,2020-06-17,0,-0.0276137182002,0.506139154161,0.531213590783,0.504223309277,0.51771845003,1,0.5,2020-05-01,,,30
2020-05-19,2020-06-18,0,-0.0398147210433,0.506139154161,0.531213590783,0.503229764362,0.517221677572,1,0.5,2020-05-01,,,30
2020-05-20,2020-06-19,0,-0.0211534963723,0.506139154161,0.531213590783,0.502973034539,0.517093312661,1,0.5,2020-05-01,,,30
2020-05-21,2020-06-20,1,0.0320113798636,0.506139154161,0.531213590783,0.50674671381,0.518980152296,1,0.5,2020-05-01,,,30
2020-05-22,2020-06-21,1,0.0135976008724,0.506139154161,0.531213590783,0.506316498072,0.518765044427,1,0.5,2020-05-01,,,30
2020-05-23,2020-06-22,1,0.0551837588448,0.506139154161,0.531213590783,0.505530664569,0.518372127676,1,0.5,2020-05-01,,,30
2020-05-24,2020-06-23,1,0.103728753695,0.506139154161,0.531213590783,0.509498920896,0.52035625584,1,0.5,2020-05-01,,,30
2020-05-25,2020-06-24,1,0.0445083620307,0.506139154161,0.531213590783,0.508733737843,0.519973664313,1,0.5,2020-05-01,,,30
2020-05-26,2020-06-25,1,0.0461827493615,0.506139154161,0.531213590783,0.509073541641,0.520143566212,1,0.5,2020-05-01,,,30
2020-05-27,2020-06-26,0,-0.00454798800965,0.506139154161,0.531213590783,0.508312908676,0.519763249729,1,0.5,2020-05-01,,,30
2020-05-28,2020-06-27,0,-0.0588864324883,0.506139154161,0.531213590783,0.507436171173,0.519324880978,1,0.5,2020-05-01,,,30
2020-05-29,2020-06-28,0,-0.0329604002092,0.506139154161,0.531213590783,0.499970510649,0.515592050716,1,0.5,2020-05-01,,,30
2020-05-30,2020-06-29,0,-0.0520905944903,0.506139154161,0.531213590783,0.498660928331,0.514937259557,1,0.5,2020-05-01,,,30
2020-05-31,2020-06-30,0,-0.0327806042799,0.506139154161,0.531213590783,0.500759714904,0.515986652843,1,0.5,2020-05-01,,,30
2020-06-01,2020-07-01,0,-0.0949702816552,0.526178010471,0.539476439791,0.523486048292,0.531481244041,1,0.5,2020-06-01,,,30
2020-06-02,2020-07-02,0,-0.0453349639211,0.526178010471,0.539476439791,0.528948711586,0.534212575688,1,0.5,2020-06-01,,,30
2020-06-03,2020-07-03,0,-0.0628972589135,0.526178010471,0.539476439791,0.527676931542,0.533576685666,1,0.5,2020-06-01,,,30
2020-06-04,2020-07-04,0,-0.0667684129017,0.526178010471,0.539476439791,0.52590067366,0.532688556725,1,0.5,2020-06-01,,,30
2020-06-05,2020-07-05,0,-0.0573475547647,0.526178010471,0.539476439791,0.52662298825,0.53304971402,1,0.5,2020-06-01,,,30
2020-06-06,2020-07-06,0,-0.0333219535913,0.526178010471,0.539476439791,0.517783096797,0.528629768294,1,0.5,2020-06-01,,,30
2020-06-07,2020-07-07,0,-0.0502308917933,0.526178010471,0.539476439791,0.518729599655,0.529103019723,1,0.5,2020-06-01,,,30
2020-06-08,2020-07-08,0,-0.0353659421734,0.526178010471,0.539476439791,0.51618649984,0.527831469815,1,0.5,2020-06-01,,,30
2020-06-09,2020-07-09,0,-0.0552574948094,0.526178010471,0.539476439791,0.51259800994,0.526037224865,1,0.5,2020-06-01,,,30
2020-06-10,2020-07-10,0,-0.0603601416287,0.526178010471,0.539476439791,0.511949562144,0.525713000967,1,0.5,2020-06-01,,,30
2020-06-11,2020-07-11,0,-0.00499655187276,0.526178010471,0.539476439791,0.515338087179,0.527407263485,1,0.5,2020-06-01,,,30
2020-06-12,2020-07-12,0,-0.0171556016663,0.526178010471,0.539476439791,0.512350482694,0.525913461242,1,0.5,2020-06-01,,,30
2020-06-13,2020-07-13,0,-0.0243546626639,0.526178010471,0.539476439791,0.508808962792,0.524142701291,1,0.5,2020-06-01,,,30
2020-06-14,2020-07-14,0,-0.00923239956755,0.526178010471,0.539476439791,0.507424534628,0.523450487209,1,0.5,2020-06-01,,,30
2020-06-15,2020-07-15,0,-0.0242329212117,0.526178010471,0.539476439791,0.507197885362,0.523337162576,1,0.5,2020-06-01,,,30
2020-06-16,2020-07-16,0,-0.0411386591277,0.526178010471,0.539476439791,0.505680746465,0.522578593128,1,0.5,2020-06-01,,,30
2020-06-17,2020-07-17,0,-0.0328383943608,0.526178010471,0.539476439791,0.505334868798,0.522405654294,1,0.5,2020-06-01,,,30
2020-06-18,2020-07-18,0,-0.0230164750403,0.526178010471,0.539476439791,0.507465027908,0.523470733849,1,0.5,2020-06-01,,,30
2020-06-19,2020-07-19,0,-0.0108740600393,0.526178010471,0.539476439791,0.506822347632,0.523149393711,1,0.5,2020-06-01,,,30
2020-06-20,2020-07-20,0,-0.0211743838785,0.526178010471,0.539476439791,0.505285999354,0.522381219572,1,0.5,2020-06-01,,,30
2020-06-21,2020-07-21,1,0.0102542419381,0.526178010471,0.539476439791,0.505606585313,0.522541512552,1,0.5,2020-06-01,,,30
2020-06-22,2020-07-22,0,-0.0172966510388,0.526178010471,0.539476439791,0.506730498296,0.523103469043,1,0.5,2020-06-01,,,30
2020-06-23,2020-07-23,0,-0.00224625943777,0.526178010471,0.539476439791,0.504410260638,0.521943350214,1,0.5,2020-06-01,,,30
2020-06-24,2020-07-24,1,0.0259571085431,0.526178010471,0.539476439791,0.505795660052,0.522636049921,1,0.5,2020-06-01,,,30
2020-06-25,2020-07-25,1,0.0487518771305,0.526178010471,0.539476439791,0.506269396137,0.522872917964,1,0.5,2020-06-01,,,30
2020-06-26,2020-07-26,1,0.0839677326759,0.526178010471,0.539476439791,0.504257850297,0.521867145044,1,0.5,2020-06-01,,,30
2020-06-27,2020-07-27,1,0.223919218819,0.526178010471,0.539476439791,0.501866135776,0.520671287783,1,0.5,2020-06-01,,,30
2020-06-28,2020-07-28,1,0.196341737647,0.526178010471,0.539476439791,0.502343034546,0.520909737168,1,0.5,2020-06-01,,,30
2020-06-29,2020-07-29,1,0.207555893027,0.526178010471,0.539476439791,0.499549844781,0.519513142286,1,0.5,2020-06-01,,,30
2020-06-30,2020-07-30,1,0.214592030464,0.526178010471,0.539476439791,0.499645303699,0.519560871745,1,0.5,2020-06-01,,,30
2020-07-01,2020-07-31,1,0.227844454073,0.528967254408,0.544760042423,0.492603882004,0.518681962214,1,0.5,2020-07-01,,,30
2020-07-02,2020-08-01,1,0.298752880634,0.528967254408,0.544760042423,0.488083945271,0.516421993847,1,0.5,2020-07-01,,,30
2020-07-03,2020-08-02,1,0.222238045717,0.528967254408,0.544760042423,0.48738467348,0.516072357952,1,0.5,2020-07-01,,,30
2020-07-04,2020-08-03,1,0.228160377255,0.528967254408,0.544760042423,0.486993201681,0.515876622052,1,0.5,2020-07-01,,,30
2020-07-05,2020-08-04,1,0.234035069536,0.528967254408,0.544760042423,0.487149525527,0.515954783975,1,0.5,2020-07-01,,,30
2020-07-06,2020-08-05,1,0.256919800518,0.528967254408,0.544760042423,0.488103881191,0.516431961807,1,0.5,2020-07-01,,,30
2020-07-07,2020-08-06,1,0.27060218917,0.528967254408,0.544760042423,0.488150225688,0.516455134056,1,0.5,2020-07-01,,,30
2020-07-08,2020-08-07,1,0.228715162896,0.528967254408,0.544760042423,0.488308381297,0.51653421186,1,0.5,2020-07-01,,,30
2020-07-09,2020-08-08,1,0.273923549921,0.528967254408,0.439570543334,0.489721906108,0.464646224721,1,0.5,2020-07-01,,,30
2020-07-10,2020-08-09,1,0.257671446136,0.528967254408,0.439570543334,0.489205619668,0.464388081501,1,0.5,2020-07-01,,,30
2020-07-11,2020-08-10,1,0.287944700201,0.528967254408,0.439570543334,0.48392391988,0.461747231607,1,0.5,2020-07-01,,,30
2020-07-12,2020-08-11,1,0.224592727957,0.528967254408,0.544760042423,0.482688306605,0.513724174514,1,0.5,2020-07-01,,,30
2020-07-13,2020-08-12,1,0.251196089421,0.528967254408,0.544760042423,0.482537555897,0.51364879916,1,0.5,2020-07-01,,,30
2020-07-14,2020-08-13,1,0.272708611311,0.528967254408,0.544760042423,0.482710514602,0.513735278513,1,0.5,2020-07-01,,,30
2020-07-15,2020-08-14,1,0.278653126903,0.528967254408,0.439570543334,0.482274600552,0.460922571943,1,0.5,2020-07-01,,,30
2020-07-16,2020-08-15,1,0.297653092059,0.528967254408,0.439570543334,0.48223343806,0.460901990697,1,0.5,2020-07-01,,,30
2020-07-17,2020-08-16,1,0.301134327836,0.528967254408,0.439570543334,0.482325806717,0.460948175025,1,0.5,2020-07-01,,,30
2020-07-18,2020-08-17,1,0.339231735563,0.528967254408,0.439570543334,0.482563670247,0.46106710679,1,0.5,2020-07-01,,,30
2020-07-19,2020-08-18,1,0.297103156807,0.528967254408,0.439570543334,0.482609817712,0.461090180523,1,0.5,2020-07-01,,,30
2020-07-20,2020-08-19,1,0.283142920144,0.528967254408,0.439570543334,0.482693657192,0.461132100263,1,0.5,2020-07-01,,,30
2020-07-21,2020-08-20,1,0.262358892439,0.528967254408,0.439570543334,0.483721178262,0.461645860798,1,0.5,2020-07-01,,,30
2020-07-22,2020-08-21,1,0.211509367357,0.528967254408,0.544760042423,0.479089056253,0.511924549338,1,0.5,2020-07-01,,,30
2020-07-23,2020-08-22,1,0.214477985103,0.528967254408,0.544760042423,0.479371366428,0.512065704426,1,0.5,2020-07-01,,,30
2020-07-24,2020-08-23,1,0.221259619619,0.528967254408,0.544760042423,0.477525820387,0.511142931405,1,0.5,2020-07-01,,,30
2020-07-25,2020-08-24,1,0.211102199699,0.528967254408,0.544760042423,0.477904649079,0.511332345751,1,0.5,2020-07-01,,,30
2020-07-26,2020-08-25,1,0.139644002843,0.528967254408,0.544760042423,0.47850864154,0.511634341982,1,0.5,2020-07-01,,,30
2020-07-27,2020-08-26,1,0.0391180022412,0.528967254408,0.544760042423,0.494248330539,0.519504186481,1,0.5,2020-07-01,,,30
2020-07-28,2020-08-27,1,0.0388868054798,0.528967254408,0.544760042423,0.494452167643,0.519606105033,1,0.5,2020-07-01,,,30
2020-07-29,2020-08-28,1,0.0384107785844,0.528967254408,0.544760042423,0.49384654161,0.519303292017,1,0.5,2020-07-01,,,30
2020-07-30,2020-08-29,1,0.0329948529723,0.528967254408,0.544760042423,0.493856731458,0.519308386941,1,0.5,2020-07-01,,,30
2020-07-31,2020-08-30,1,0.033143780667,0.528967254408,0.544760042423,0.493448584662,0.519104313543,1,0.5,2020-07-01,,,30
2020-08-01,2020-08-31,0,-0.012851268137,0.52,0.518805970149,0.482936772072,0.500871371111,1,0.5,2020-08-01,,,30
2020-08-02,2020-09-01,1,0.0768307387988,0.52,0.518805970149,0.491947403673,0.505376686911,1,0.5,2020-08-01,,,30
2020-08-03,2020-09-02,1,0.0150385790847,0.52,0.518805970149,0.490377292681,0.504591631415,1,0.5,2020-08-01,,,30
2020-08-04,2020-09-03,0,-0.0939173353753,0.52,0.518805970149,0.490734503207,0.504770236678,1,0.5,2020-08-01,,,30
2020-08-05,2020-09-04,0,-0.110572154235,0.52,0.518805970149,0.489303063371,0.50405451676,1,0.5,2020-08-01,,,30
2020-08-06,2020-09-05,0,-0.135666348706,0.52,0.518805970149,0.489324527142,0.504065248645,1,0.5,2020-08-01,,,30
2020-08-07,2020-09-06,0,-0.115404817741,0.52,0.518805970149,0.489766500134,0.504286235142,1,0.5,2020-08-01,,,30
2020-08-08,2020-09-07,0,-0.118010510645,0.52,0.518805970149,0.488538961358,0.503672465754,1,0.5,2020-08-01,,,30
2020-08-09,2020-09-08,0,-0.133116983174,0.52,0.518805970149,0.489647303309,0.504226636729,1,0.5,2020-08-01,,,30
2020-08-10,2020-09-09,0,-0.140732469402,0.52,0.518805970149,0.488953592931,0.50387978154,1,0.5,2020-08-01,,,30
2020-08-11,2020-09-10,0,-0.0926266318355,0.52,0.518805970149,0.493655217638,0.506230593894,1,0.5,2020-08-01,,,30
2020-08-12,2020-09-11,0,-0.101730061318,0.52,0.518805970149,0.492769319875,0.505787645012,1,0.5,2020-08-01,,,30
2020-08-13,2020-09-12,0,-0.113674023769,0.52,0.518805970149,0.492171238884,0.505488604517,1,0.5,2020-08-01,,,30
2020-08-14,2020-09-13,0,-0.121398337151,0.52,0.518805970149,0.492539684501,0.505672827325,1,0.5,2020-08-01,,,30
2020-08-15,2020-09-14,0,-0.099611049239,0.52,0.518805970149,0.492102098235,0.505454034192,1,0.5,2020-08-01,,,30
2020-08-16,2020-09-15,0,-0.0945084375787,0.52,0.518805970149,0.491979714873,0.505392842511,1,0.5,2020-08-01,,,30
2020-08-17,2020-09-16,0,-0.108061717448,0.52,0.518805970149,0.490996437765,0.504901203957,1,0.5,2020-08-01,,,30
2020-08-18,2020-09-17,0,-0.0841372255025,0.52,0.518805970149,0.494103311867,0.506454641008,1,0.5,2020-08-01,,,30
2020-08-19,2020-09-18,0,-0.0698620709017,0.52,0.518805970149,0.495331710399,0.507068840274,1,0.5,2020-08-01,,,30
2020-08-20,2020-09-19,0,-0.0652040949758,0.52,0.518805970149,0.493965785255,0.506385877702,1,0.5,2020-08-01,,,30
2020-08-21,2020-09-20,0,-0.0529912395264,0.52,0.518805970149,0.496092738822,0.507449354486,1,0.5,2020-08-01,,,30
2020-08-22,2020-09-21,0,-0.106811649873,0.52,0.518805970149,0.49545285992,0.507129415034,1,0.5,2020-08-01,,,30
2020-08-23,2020-09-22,0,-0.0960257139987,0.52,0.518805970149,0.49559861816,0.507202294155,1,0.5,2020-08-01,,,30
2020-08-24,2020-09-23,0,-0.128252838733,0.52,0.518805970149,0.494492747663,0.506649358906,1,0.5,2020-08-01,,,30
2020-08-25,2020-09-24,0,-0.0514294397981,0.52,0.518805970149,0.497234451611,0.50802021088,1,0.5,2020-08-01,,,30
2020-08-26,2020-09-25,0,-0.0675971497448,0.52,0.518805970149,0.482253071083,0.500529520616,1,0.5,2020-08-01,,,30
2020-08-27,2020-09-26,0,-0.0531120756762,0.52,0.518805970149,0.482964041914,0.500885006031,1,0.5,2020-08-01,,,30
2020-08-28,2020-09-27,0,-0.0652959032386,0.52,0.518805970149,0.482148689291,0.50047732972,1,0.5,2020-08-01,,,30
2020-08-29,2020-09-28,0,-0.0671315839049,0.52,0.518805970149,0.482354877675,0.500580423912,1,0.5,2020-08-01,,,30
2020-08-30,2020-09-29,0,-0.0743461792,0.52,0.518805970149,0.481052970205,0.499929470177,1,0.5,2020-08-01,,,30
2020-08-31,2020-09-30,0,-0.0749319070072,0.52,0.518805970149,0.478107786173,0.498456878161,1,0.5,2020-08-01,,,30
2020-09-01,2020-10-01,0,-0.109280597083,0.536214953271,0.548481308411,0.50344419897,0.525962753691,1,0.5,2020-09-01,,,30
2020-09-02,2020-10-02,0,-0.0718388836497,0.536214953271,0.548481308411,0.506346943802,0.527414126106,1,0.5,2020-09-01,,,30
2020-09-03,2020-10-03,1,0.0395637446565,0.536214953271,0.548481308411,0.520078590884,0.534279949648,1,0.5,2020-09-01,,,30
2020-09-04,2020-10-04,1,0.0210965657533,0.536214953271,0.548481308411,0.517476031184,0.532978669798,1,0.5,2020-09-01,,,30
2020-09-05,2020-10-05,1,0.0615264161689,0.536214953271,0.548481308411,0.518434903508,0.53345810596,1,0.5,2020-09-01,,,30
2020-09-06,2020-10-06,1,0.0334880365047,0.536214953271,0.548481308411,0.517936241145,0.533208774778,1,0.5,2020-09-01,,,30
2020-09-07,2020-10-07,1,0.0282403908443,0.536214953271,0.548481308411,0.517686295389,0.5330838019,1,0.5,2020-09-01,,,30
2020-09-08,2020-10-08,1,0.0788928224043,0.536214953271,0.548481308411,0.517833025718,0.533157167065,1,0.5,2020-09-01,,,30
2020-09-09,2020-10-09,1,0.0813605761703,0.536214953271,0.548481308411,0.518515675302,0.533498491856,1,0.5,2020-09-01,,,30
2020-09-10,2020-10-10,1,0.0925183348538,0.536214953271,0.548481308411,0.520950155545,0.534715731978,1,0.5,2020-09-01,,,30
2020-09-11,2020-10-11,1,0.0944494021404,0.536214953271,0.548481308411,0.519727917257,0.534104612834,1,0.5,2020-09-01,,,30
2020-09-12,2020-10-12,1,0.104141205947,0.536214953271,0.548481308411,0.519898705744,0.534190007078,1,0.5,2020-09-01,,,30
2020-09-13,2020-10-13,1,0.105269321183,0.536214953271,0.548481308411,0.519933700305,0.534207504358,1,0.5,2020-09-01,,,30
2020-09-14,2020-10-14,1,0.0699152998987,0.536214953271,0.548481308411,0.51990713689,0.534194222651,1,0.5,2020-09-01,,,30
2020-09-15,2020-10-15,1,0.0667398526329,0.536214953271,0.548481308411,0.520462696119,0.534472002265,1,0.5,2020-09-01,,,30
2020-09-16,2020-10-16,1,0.033349430939,0.536214953271,0.548481308411,0.519068782928,0.53377504567,1,0.5,2020-09-01,,,30
2020-09-17,2020-10-17,1,0.0384104555854,0.536214953271,0.548481308411,0.518688870912,0.533585089662,1,0.5,2020-09-01,,,30
2020-09-18,2020-10-18,1,0.0521110104003,0.536214953271,0.548481308411,0.518657726558,0.533569517485,1,0.5,2020-09-01,,,30
2020-09-19,2020-10-19,1,0.0605397697788,0.536214953271,0.548481308411,0.518336127947,0.533408718179,1,0.5,2020-09-01,,,30
2020-09-20,2020-10-20,1,0.0906304600248,0.536214953271,0.548481308411,0.518877227254,0.533679267833,1,0.5,2020-09-01,,,30
2020-09-21,2020-10-21,1,0.226906986701,0.536214953271,0.548481308411,0.520162090522,0.534321699466,1,0.5,2020-09-01,,,30
2020-09-22,2020-10-22,1,0.231623963281,0.536214953271,0.548481308411,0.519891253748,0.53418628108,1,0.5,2020-09-01,,,30
2020-09-23,2020-10-23,1,0.2618386441,0.536214953271,0.548481308411,0.520203120058,0.534342214235,1,0.5,2020-09-01,,,30
2020-09-24,2020-10-24,1,0.221249925487,0.536214953271,0.548481308411,0.520870691374,0.534675999892,1,0.5,2020-09-01,,,30
2020-09-25,2020-10-25,1,0.219166494334,0.536214953271,0.548481308411,0.520780652139,0.534630980275,1,0.5,2020-09-01,,,30
2020-09-26,2020-10-26,1,0.216579050389,0.536214953271,0.548481308411,0.520509286561,0.534495297486,1,0.5,2020-09-01,,,30
2020-09-27,2020-10-27,1,0.265625913637,0.536214953271,0.548481308411,0.520495845005,0.534488576708,1,0.5,2020-09-01,,,30
2020-09-28,2020-10-28,1,0.240300221015,0.536214953271,0.462488446133,0.522145557232,0.492317001683,1,0.5,2020-09-01,,,30
2020-09-29,2020-10-29,1,0.241245775095,0.536214953271,0.462488446133,0.521328095652,0.491908270893,1,0.5,2020-09-01,,,30
2020-09-30,2020-10-30,1,0.25829227984,0.536214953271,0.462488446133,0.522409707671,0.492449076902,1,0.5,2020-09-01,,,30
2020-10-01,2020-10-31,1,0.298693960805,0.520316027088,0.457247041897,0.505296093249,0.481271567573,1,0.5,2020-10-01,,,30
2020-10-02,2020-11-01,1,0.30189018391,0.520316027088,0.457247041897,0.504107346436,0.480677194167,1,0.5,2020-10-01,,,30
2020-10-03,2020-11-02,1,0.285267774989,0.520316027088,0.457247041897,0.490039111942,0.47364307692,1,0.5,2020-10-01,,,30
2020-10-04,2020-11-03,1,0.314710456817,0.520316027088,0.457247041897,0.488952733255,0.473099887576,1,0.5,2020-10-01,,,30
2020-10-05,2020-11-04,1,0.310575869076,0.520316027088,0.457247041897,0.488119655531,0.472683348714,1,0.5,2020-10-01,,,30
2020-10-06,2020-11-05,1,0.470803780499,0.520316027088,0.457247041897,0.488547354576,0.472897198237,1,0.5,2020-10-01,,,30
2020-10-07,2020-11-06,1,0.460655385749,0.520316027088,0.457247041897,0.488767078884,0.47300706039,1,0.5,2020-10-01,,,30
2020-10-08,2020-11-07,1,0.356295369486,0.520316027088,0.457247041897,0.488740132714,0.472993587306,1,0.5,2020-10-01,,,30
2020-10-09,2020-11-08,1,0.400380430455,0.520316027088,0.457247041897,0.488920162938,0.473083602418,1,0.5,2020-10-01,,,30
2020-10-10,2020-11-09,1,0.357310846685,0.520316027088,0.457247041897,0.489091274995,0.473169158446,1,0.5,2020-10-01,,,30
2020-10-11,2020-11-10,1,0.345517027853,0.520316027088,0.457247041897,0.488578022817,0.472912532357,1,0.5,2020-10-01,,,30
2020-10-12,2020-11-11,1,0.360504846789,0.520316027088,0.457247041897,0.488016021273,0.472631531585,1,0.5,2020-10-01,,,30
2020-10-13,2020-11-12,1,0.426537752965,0.520316027088,0.507327571083,0.489191013987,0.498259292535,1,0.5,2020-10-01,,,30
2020-10-14,2020-11-13,1,0.429397200358,0.520316027088,0.457247041897,0.488033313455,0.472640177676,1,0.5,2020-10-01,,,30
2020-10-15,2020-11-14,1,0.396808551323,0.520316027088,0.457247041897,0.486915679895,0.472081360896,1,0.5,2020-10-01,,,30
2020-10-16,2020-11-15,1,0.409713657711,0.520316027088,0.457247041897,0.487214479013,0.472230760455,1,0.5,2020-10-01,,,30
2020-10-17,2020-11-16,1,0.471239062693,0.520316027088,0.457247041897,0.486294004273,0.471770523085,1,0.5,2020-10-01,,,30
2020-10-18,2020-11-17,1,0.535179090231,0.520316027088,0.457247041897,0.486002218133,0.471624630015,1,0.5,2020-10-01,,,30
2020-10-19,2020-11-18,1,0.512672031669,0.520316027088,0.457247041897,0.485375610072,0.471311325985,1,0.5,2020-10-01,,,30
2020-10-20,2020-11-19,1,0.494780432225,0.520316027088,0.457247041897,0.485336741265,0.471291891581,1,0.5,2020-10-01,,,30
2020-10-21,2020-11-20,1,0.459645441344,0.520316027088,0.507327571083,0.485418285395,0.496372928239,1,0.5,2020-10-01,,,30
2020-10-22,2020-11-21,1,0.442246301043,0.520316027088,0.507327571083,0.484925813874,0.496126692478,1,0.5,2020-10-01,,,30
2020-10-23,2020-11-22,1,0.424926894306,0.520316027088,0.507327571083,0.484437566933,0.495882569008,1,0.5,2020-10-01,,,30
2020-10-24,2020-11-23,1,0.400883026115,0.520316027088,0.507327571083,0.482037667371,0.494682619227,1,0.5,2020-10-01,,,30
2020-10-25,2020-11-24,1,0.470585616667,0.520316027088,0.507327571083,0.481931281782,0.494629426432,1,0.5,2020-10-01,,,30
2020-10-26,2020-11-25,1,0.434173881931,0.520316027088,0.507327571083,0.481150644536,0.49423910781,1,0.5,2020-10-01,,,30
2020-10-27,2020-11-26,1,0.257645658568,0.520316027088,0.507327571083,0.481181033561,0.494254302322,1,0.5,2020-10-01,,,30
2020-10-28,2020-11-27,1,0.291949586926,0.520316027088,0.507327571083,0.480444196986,0.493885884034,1,0.5,2020-10-01,,,30
2020-10-29,2020-11-28,1,0.316902873875,0.520316027088,0.507327571083,0.47961228451,0.493469927796,1,0.5,2020-10-01,,,30
2020-10-30,2020-11-29,1,0.341066068834,0.520316027088,0.507327571083,0.47950849051,0.493418030797,1,0.5,2020-10-01,,,30
2020-10-31,2020-11-30,1,0.428168370677,0.520316027088,0.507327571083,0.477879025636,0.49260329836,1,0.5,2020-10-01,,,30
2020-11-01,2020-12-01,1,0.363583911638,0.534351145038,0.537752065505,0.493549013147,0.515650539326,1,0.5,2020-11-01,,,30
2020-11-02,2020-12-02,1,0.417341913314,0.534351145038,0.537752065505,0.494887027031,0.516319546268,1,0.5,2020-11-01,,,30
2020-11-03,2020-12-03,1,0.384950864725,0.534351145038,0.537752065505,0.492761479963,0.515256772734,1,0.5,2020-11-01,,,30
2020-11-04,2020-12-04,1,0.318616149168,0.534351145038,0.537752065505,0.493897525006,0.515824795255,1,0.5,2020-11-01,,,30
2020-11-05,2020-12-05,1,0.228199835536,0.534351145038,0.537752065505,0.494351490611,0.516051778058,1,0.5,2020-11-01,,,30
2020-11-06,2020-12-06,1,0.242586611485,0.534351145038,0.537752065505,0.494668417042,0.516210241273,1,0.5,2020-11-01,,,30
2020-11-07,2020-12-07,1,0.293461463191,0.534351145038,0.537752065505,0.500681333196,0.519216699351,1,0.5,2020-11-01,,,30
2020-11-08,2020-12-08,1,0.184102849093,0.534351145038,0.537752065505,0.499807267328,0.518779666416,1,0.5,2020-11-01,,,30
2020-11-09,2020-12-09,1,0.209602300565,0.534351145038,0.537752065505,0.501995397211,0.519873731358,1,0.5,2020-11-01,,,30
2020-11-10,2020-12-10,1,0.193330679255,0.534351145038,0.537752065505,0.501313216796,0.51953264115,1,0.5,2020-11-01,,,30
2020-11-11,2020-12-11,1,0.149977939639,0.534351145038,0.537752065505,0.500397063513,0.519074564509,1,0.5,2020-11-01,,,30
2020-11-12,2020-12-12,1,0.154483895639,0.534351145038,0.537752065505,0.494747956333,0.516250010919,1,0.5,2020-11-01,,,30
2020-11-13,2020-12-13,1,0.174887719277,0.534351145038,0.537752065505,0.494907114737,0.516329590121,1,0.5,2020-11-01,,,30
2020-11-14,2020-12-14,1,0.199290623474,0.534351145038,0.537752065505,0.498724262452,0.518238163979,1,0.5,2020-11-01,,,30
2020-11-15,2020-12-15,1,0.217423701197,0.534351145038,0.537752065505,0.496923929953,0.517337997729,1,0.5,2020-11-01,,,30
2020-11-16,2020-12-16,1,0.276538764609,0.534351145038,0.537752065505,0.49579791793,0.516774991718,1,0.5,2020-11-01,,,30
2020-11-17,2020-12-17,1,0.290937733941,0.534351145038,0.537752065505,0.49441022456,0.516081145032,1,0.5,2020-11-01,,,30
2020-11-18,2020-12-18,1,0.299911904285,0.534351145038,0.537752065505,0.49392128849,0.515836676998,1,0.5,2020-11-01,,,30
2020-11-19,2020-12-19,1,0.338080708562,0.534351145038,0.537752065505,0.493140275301,0.515446170403,1,0.5,2020-11-01,,,30
2020-11-20,2020-12-20,1,0.257286390679,0.534351145038,0.537752065505,0.490765208345,0.514258636925,1,0.5,2020-11-01,,,30
2020-11-21,2020-12-21,1,0.21471091436,0.534351145038,0.537752065505,0.491986043426,0.514869054465,1,0.5,2020-11-01,,,30
2020-11-22,2020-12-22,1,0.293050613025,0.534351145038,0.537752065505,0.493868808184,0.515810436844,1,0.5,2020-11-01,,,30
2020-11-23,2020-12-23,1,0.264849738676,0.534351145038,0.537752065505,0.493069471315,0.51541076841,1,0.5,2020-11-01,,,30
2020-11-24,2020-12-24,1,0.238475345263,0.534351145038,0.537752065505,0.488790704997,0.513271385251,1,0.5,2020-11-01,,,30
2020-11-25,2020-12-25,1,0.320173341574,0.534351145038,0.537752065505,0.491238601671,0.514495333588,1,0.5,2020-11-01,,,30
2020-11-26,2020-12-26,1,0.544851823409,0.534351145038,0.537752065505,0.503459149552,0.520605607529,1,0.5,2020-11-01,,,30
2020-11-27,2020-12-27,1,0.533395334292,0.534351145038,0.537752065505,0.500464186454,0.519108125979,1,0.5,2020-11-01,,,30
2020-11-28,2020-12-28,1,0.528196344777,0.534351145038,0.537752065505,0.499427732328,0.518589898916,1,0.5,2020-11-01,,,30
2020-11-29,2020-12-29,1,0.5059122936,0.534351145038,0.537752065505,0.499116073465,0.518434069485,1,0.5,2020-11-01,,,30
2020-11-30,2020-12-30,1,0.466070805707,0.534351145038,0.537752065505,0.49771397014,0.517733017822,1,0.5,2020-11-01,,,30
2020-12-01,2020-12-31,1,0.541363797205,0.549102428722,0.553927573141,0.520890399902,0.537408986521,1,0.5,2020-12-01,,,30
2020-12-02,2021-01-01,1,0.527366826546,0.549102428722,0.553927573141,0.52115057207,0.537539072606,1,0.5,2020-12-01,,,30
2020-12-03,2021-01-02,1,0.656806491641,0.549102428722,0.553927573141,0.526776783223,0.540352178182,1,0.5,2020-12-01,,,30
2020-12-04,2021-01-03,1,0.769390344076,0.549102428722,0.553927573141,0.529435575184,0.541681574162,1,0.5,2020-12-01,,,30
2020-12-05,2021-01-04,1,0.670632860621,0.549102428722,0.553927573141,0.526655174255,0.540291373698,1,0.5,2020-12-01,,,30
2020-12-06,2021-01-05,1,0.753645774146,0.549102428722,0.553927573141,0.525066314811,0.539496943976,1,0.5,2020-12-01,,,30
2020-12-07,2021-01-06,1,0.918378037137,0.549102428722,0.553927573141,0.518437647692,0.536182610417,1,0.5,2020-12-01,,,30
2020-12-08,2021-01-07,1,1.15193425492,0.549102428722,0.553927573141,0.524431181551,0.539179377346,1,0.5,2020-12-01,,,30
2020-12-09,2021-01-08,1,1.18878146493,0.549102428722,0.553927573141,0.522678726922,0.538303150032,1,0.5,2020-12-01,,,30
2020-12-10,2021-01-09,1,1.1960576577,0.549102428722,0.553927573141,0.522784339206,0.538355956174,1,0.5,2020-12-01,,,30
2020-12-11,2021-01-10,1,1.11515297011,0.549102428722,0.553927573141,0.526246847207,0.540087210174,1,0.5,2020-12-01,,,30
2020-12-12,2021-01-11,1,0.882346404774,0.549102428722,0.553927573141,0.52503699076,0.539482281951,1,0.5,2020-12-01,,,30
2020-12-13,2021-01-12,1,0.7758152677,0.549102428722,0.553927573141,0.524247495361,0.539087534251,1,0.5,2020-12-01,,,30
2020-12-14,2021-01-13,1,0.939039513022,0.549102428722,0.553927573141,0.524303205782,0.539115389462,1,0.5,2020-12-01,,,30
2020-12-15,2021-01-14,1,1.01501253704,0.549102428722,0.553927573141,0.526619328084,0.540273450613,1,0.5,2020-12-01,,,30
2020-12-16,2021-01-15,1,0.722115045708,0.549102428722,0.553927573141,0.527007923503,0.540467748322,1,0.5,2020-12-01,,,30
2020-12-17,2021-01-16,1,0.578923865955,0.549102428722,0.553927573141,0.527843504008,0.540885538575,1,0.5,2020-12-01,,,30
2020-12-18,2021-01-17,1,0.550526043833,0.549102428722,0.553927573141,0.528559144276,0.541243358708,1,0.5,2020-12-01,,,30
2020-12-19,2021-01-18,1,0.537732756098,0.549102428722,0.553927573141,0.52557373459,0.539750653865,1,0.5,2020-12-01,,,30
2020-12-20,2021-01-19,1,0.530193745438,0.549102428722,0.553927573141,0.526389141687,0.540158357414,1,0.5,2020-12-01,,,30
2020-12-21,2021-01-20,1,0.561121598823,0.549102428722,0.553927573141,0.528263503868,0.541095538505,1,0.5,2020-12-01,,,30
2020-12-22,2021-01-21,1,0.295636558048,0.549102428722,0.553927573141,0.526409499,0.540168536071,1,0.5,2020-12-01,,,30
2020-12-23,2021-01-22,1,0.418048049392,0.549102428722,0.553927573141,0.522636973454,0.538282273298,1,0.5,2020-12-01,,,30
2020-12-24,2021-01-23,1,0.351836555805,0.549102428722,0.553927573141,0.519204362428,0.536565967785,1,0.5,2020-12-01,,,30
2020-12-25,2021-01-24,1,0.30540977895,0.549102428722,0.553927573141,0.516656731672,0.535292152407,1,0.5,2020-12-01,,,30
2020-12-26,2021-01-25,1,0.217443294346,0.549102428722,0.553927573141,0.50755941024,0.530743491691,1,0.5,2020-12-01,,,30
2020-12-27,2021-01-26,1,0.235377445717,0.549102428722,0.553927573141,0.50935287357,0.531640223356,1,0.5,2020-12-01,,,30
2020-12-28,2021-01-27,1,0.12137413629,0.549102428722,0.553927573141,0.511197171947,0.532562372544,1,0.5,2020-12-01,,,30
2020-12-29,2021-01-28,1,0.218362607267,0.549102428722,0.553927573141,0.509178012982,0.531552793061,1,0.5,2020-12-01,,,30
2020-12-30,2021-01-29,1,0.186201193121,0.549102428722,0.553927573141,0.509614800711,0.531771186926,1,0.5,2020-12-01,,,30
2020-12-31,2021-01-30,1,0.184598198774,0.549102428722,0.553927573141,0.506011312453,0.529969442797,1,0.5,2020-12-01,,,30
2021-01-01,2021-01-31,1,0.128232979416,0.563394683027,0.587073512001,0.550003673686,0.568538592843,1,0.5,2021-01-01,,,30
2021-01-02,2021-02-01,1,0.0418927893399,0.563394683027,0.587073512001,0.549948062304,0.568510787152,1,0.5,2021-01-01,,,30
2021-01-03,2021-02-02,1,0.0747329170713,0.563394683027,0.587073512001,0.549858675527,0.568466093764,1,0.5,2021-01-01,,,30
2021-01-04,2021-02-03,1,0.176004596622,0.563394683027,0.587073512001,0.548922091825,0.567997801913,1,0.5,2021-01-01,,,30
2021-01-05,2021-02-04,1,0.0879873741993,0.563394683027,0.587073512001,0.550095649138,0.568584580569,1,0.5,2021-01-01,,,30
2021-01-06,2021-02-05,1,0.0413626998131,0.563394683027,0.587073512001,0.549203419107,0.568138465554,1,0.5,2021-01-01,,,30
2021-01-07,2021-02-06,0,-0.00622180609389,0.563394683027,0.587073512001,0.549230420481,0.568151966241,1,0.5,2021-01-01,,,30
2021-01-08,2021-02-07,0,-0.0440363789496,0.563394683027,0.587073512001,0.549071088441,0.568072300221,1,0.5,2021-01-01,,,30
2021-01-09,2021-02-08,1,0.156820382646,0.563394683027,0.587073512001,0.543910209252,0.565491860627,1,0.5,2021-01-01,,,30
2021-01-10,2021-02-09,1,0.216786255944,0.563394683027,0.587073512001,0.54401943825,0.565546475126,1,0.5,2021-01-01,,,30
2021-01-11,2021-02-10,1,0.265591039775,0.563394683027,0.587073512001,0.548522903803,0.567798207902,1,0.5,2021-01-01,,,30
2021-01-12,2021-02-11,1,0.408744879775,0.563394683027,0.587073512001,0.545869610756,0.566471561378,1,0.5,2021-01-01,,,30
2021-01-13,2021-02-12,1,0.265342623152,0.563394683027,0.587073512001,0.544285404186,0.565679458094,1,0.5,2021-01-01,,,30
2021-01-14,2021-02-13,1,0.204605755598,0.563394683027,0.587073512001,0.541181495023,0.564127503512,1,0.5,2021-01-01,,,30
2021-01-15,2021-02-14,1,0.322124520511,0.563394683027,0.587073512001,0.539718035854,0.563395773927,1,0.5,2021-01-01,,,30
2021-01-16,2021-02-15,1,0.331049496346,0.563394683027,0.587073512001,0.540298769652,0.563686140827,1,0.5,2021-01-01,,,30
2021-01-17,2021-02-16,1,0.371346809156,0.563394683027,0.587073512001,0.543697327966,0.565385419984,1,0.5,2021-01-01,,,30
2021-01-18,2021-02-17,1,0.422820175222,0.563394683027,0.587073512001,0.548851942976,0.567962727488,1,0.5,2021-01-01,,,30
2021-01-19,2021-02-18,1,0.436346053062,0.563394683027,0.587073512001,0.551316552705,0.569195032353,1,0.5,2021-01-01,,,30
2021-01-20,2021-02-19,1,0.576227514032,0.563394683027,0.587073512001,0.545467322449,0.566270417225,1,0.5,2021-01-01,,,30
2021-01-21,2021-02-20,1,0.810079568546,0.563394683027,0.587073512001,0.546050917108,0.566562214554,1,0.5,2021-01-01,,,30
2021-01-22,2021-02-21,1,0.742548907776,0.563394683027,0.587073512001,0.551963515268,0.569518513634,1,0.5,2021-01-01,,,30
2021-01-23,2021-02-22,1,0.686129746244,0.563394683027,0.587073512001,0.553230088715,0.570151800358,1,0.5,2021-01-01,,,30
2021-01-24,2021-02-23,1,0.515534766072,0.563394683027,0.587073512001,0.553684851454,0.570379181728,1,0.5,2021-01-01,,,30
2021-01-25,2021-02-24,1,0.540146709576,0.563394683027,0.587073512001,0.551739050365,0.569406281183,1,0.5,2021-01-01,,,30
2021-01-26,2021-02-25,1,0.449860276822,0.563394683027,0.587073512001,0.553295841325,0.570184676663,1,0.5,2021-01-01,,,30
2021-01-27,2021-02-26,1,0.523962372576,0.563394683027,0.587073512001,0.553844302028,0.570458907015,1,0.5,2021-01-01,,,30
2021-01-28,2021-02-27,1,0.381885912304,0.563394683027,0.587073512001,0.566388026311,0.576730769156,1,0.5,2021-01-01,,,30
2021-01-29,2021-02-28,1,0.317744845587,0.563394683027,0.587073512001,0.56295726332,0.57501538766,1,0.5,2021-01-01,,,30
2021-01-30,2021-03-01,1,0.447252244995,0.563394683027,0.587073512001,0.564818038445,0.575945775223,1,0.5,2021-01-01,,,30
2021-01-31,2021-03-02,1,0.463774190176,0.563394683027,0.587073512001,0.56434749042,0.575710501211,1,0.5,2021-01-01,,,30
2021-02-01,2021-03-03,1,0.501784117994,0.576808721506,0.61583734073,0.598908163677,0.607372752204,1,0.5,2021-02-01,,,30
2021-02-02,2021-03-04,1,0.363947517414,0.576808721506,0.61583734073,0.603709722727,0.609773531729,1,0.5,2021-02-01,,,30
2021-02-03,2021-03-05,1,0.29593765044,0.576808721506,0.61583734073,0.613894516733,0.614865928732,1,0.5,2021-02-01,,,30
2021-02-04,2021-03-06,1,0.323406068659,0.576808721506,0.61583734073,0.604810833429,0.610324087079,1,0.5,2021-02-01,,,30
2021-02-05,2021-03-07,1,0.331194320015,0.576808721506,0.61583734073,0.60447780236,0.610157571545,1,0.5,2021-02-01,,,30
2021-02-06,2021-03-08,1,0.336546563728,0.576808721506,0.61583734073,0.605022003159,0.610429671945,1,0.5,2021-02-01,,,30
2021-02-07,2021-03-09,1,0.414706118128,0.576808721506,0.61583734073,0.606198522994,0.611017931862,1,0.5,2021-02-01,,,30
2021-02-08,2021-03-10,1,0.204350330254,0.576808721506,0.61583734073,0.627447443187,0.621642391959,1,0.5,2021-02-01,,,30
2021-02-09,2021-03-11,1,0.24456349167,0.576808721506,0.61583734073,0.623184238632,0.619510789681,1,0.5,2021-02-01,,,30
2021-02-10,2021-03-12,1,0.27705446266,0.576808721506,0.61583734073,0.61525309264,0.615545216685,1,0.5,2021-02-01,,,30
2021-02-11,2021-03-13,1,0.275568376663,0.576808721506,0.61583734073,0.622565319625,0.619201330178,1,0.5,2021-02-01,,,30
2021-02-12,2021-03-14,1,0.247014227831,0.576808721506,0.61583734073,0.617033581531,0.616435461131,1,0.5,2021-02-01,,,30
2021-02-13,2021-03-15,1,0.179233268913,0.576808721506,0.61583734073,0.614570485803,0.615203913267,1,0.5,2021-02-01,,,30
2021-02-14,2021-03-16,1,0.17133261929,0.576808721506,0.61583734073,0.616885928261,0.616361634495,1,0.5,2021-02-01,,,30
2021-02-15,2021-03-17,1,0.229630920601,0.576808721506,0.61583734073,0.603063239858,0.609450290294,1,0.5,2021-02-01,,,30
2021-02-16,2021-03-18,1,0.173297621071,0.576808721506,0.61583734073,0.605116901194,0.610477120962,1,0.5,2021-02-01,,,30
2021-02-17,2021-03-19,1,0.113398558818,0.576808721506,0.61583734073,0.613078059538,0.614457700134,1,0.5,2021-02-01,,,30
2021-02-18,2021-03-20,1,0.12704849028,0.576808721506,0.61583734073,0.607156711981,0.611497026355,1,0.5,2021-02-01,,,30
2021-02-19,2021-03-21,1,0.0258569742067,0.576808721506,0.61583734073,0.616078695021,0.615958017876,1,0.5,2021-02-01,,,30
2021-02-20,2021-03-22,0,-0.0314810626349,0.576808721506,0.61583734073,0.61060883479,0.61322308776,1,0.5,2021-02-01,,,30
2021-02-21,2021-03-23,0,-0.053435924288,0.576808721506,0.61583734073,0.610017925031,0.612927632881,1,0.5,2021-02-01,,,30
2021-02-22,2021-03-24,0,-0.0329838575039,0.576808721506,0.61583734073,0.606712082573,0.611274711651,1,0.5,2021-02-01,,,30
2021-02-23,2021-03-25,1,0.0491456505287,0.576808721506,0.61583734073,0.599253365976,0.607545353353,1,0.5,2021-02-01,,,30
2021-02-24,2021-03-26,1,0.107685169155,0.576808721506,0.61583734073,0.596264333156,0.606050836943,1,0.5,2021-02-01,,,30
2021-02-25,2021-03-27,1,0.185738627468,0.576808721506,0.61583734073,0.593218507128,0.604527923929,1,0.5,2021-02-01,,,30
2021-02-26,2021-03-28,1,0.205302562598,0.576808721506,0.61583734073,0.584559110317,0.600198225523,1,0.5,2021-02-01,,,30
2021-02-27,2021-03-29,1,0.250052758368,0.576808721506,0.61583734073,0.582171313419,0.599004327075,1,0.5,2021-02-01,,,30
2021-02-28,2021-03-30,1,0.30155557712,0.576808721506,0.61583734073,0.578192608942,0.597014974836,1,0.5,2021-02-01,,,30
2021-03-01,2021-03-31,1,0.184595044309,0.586306653809,0.634500191928,0.629480604183,0.631990398055,1,0.5,2021-03-01,,,30
2021-03-02,2021-04-01,1,0.212214121817,0.586306653809,0.634500191928,0.63046049819,0.632480345059,1,0.5,2021-03-01,,,30
2021-03-03,2021-04-02,1,0.170819217798,0.586306653809,0.634500191928,0.633113145695,0.633806668812,1,0.5,2021-03-01,,,30
2021-03-04,2021-04-03,1,0.179390454683,0.586306653809,0.634500191928,0.63010032524,0.632300258584,1,0.5,2021-03-01,,,30
2021-03-05,2021-04-04,1,0.193845508188,0.586306653809,0.634500191928,0.629411162313,0.63195567712,1,0.5,2021-03-01,,,30
2021-03-06,2021-04-05,1,0.209642569279,0.586306653809,0.634500191928,0.629525702769,0.632012947349,1,0.5,2021-03-01,,,30
2021-03-07,2021-04-06,1,0.13771157553,0.586306653809,0.634500191928,0.633188693585,0.633844442757,1,0.5,2021-03-01,,,30
2021-03-08,2021-04-07,1,0.0683201601064,0.586306653809,0.634500191928,0.632005410824,0.633252801376,1,0.5,2021-03-01,,,30
2021-03-09,2021-04-08,1,0.0581770809609,0.586306653809,0.634500191928,0.6370676759,0.635783933914,1,0.5,2021-03-01,,,30
2021-03-10,2021-04-09,1,0.0410185278521,0.586306653809,0.634500191928,0.625600332336,0.630050262132,1,0.5,2021-03-01,,,30
2021-03-11,2021-04-10,1,0.0345483958295,0.586306653809,0.634500191928,0.629922500229,0.632211346078,1,0.5,2021-03-01,,,30
2021-03-12,2021-04-11,1,0.0485953585457,0.586306653809,0.634500191928,0.6283310027,0.631415597314,1,0.5,2021-03-01,,,30
2021-03-13,2021-04-12,0,-0.0217098374381,0.586306653809,0.634500191928,0.633124499393,0.63381234566,1,0.5,2021-03-01,,,30
2021-03-14,2021-04-13,1,0.0781214520138,0.586306653809,0.634500191928,0.628469656575,0.631484924251,1,0.5,2021-03-01,,,30
2021-03-15,2021-04-14,1,0.132259752685,0.586306653809,0.634500191928,0.622982124211,0.628741158069,1,0.5,2021-03-01,,,30
2021-03-16,2021-04-15,1,0.110002592233,0.586306653809,0.634500191928,0.622665752161,0.628582972044,1,0.5,2021-03-01,,,30
2021-03-17,2021-04-16,1,0.0411086047775,0.586306653809,0.634500191928,0.625366958252,0.62993357509,1,0.5,2021-03-01,,,30
2021-03-18,2021-04-17,1,0.0409119735999,0.586306653809,0.634500191928,0.621487751967,0.627993971947,1,0.5,2021-03-01,,,30
2021-03-19,2021-04-18,0,-0.032397030433,0.586306653809,0.634500191928,0.620056684807,0.627278438367,1,0.5,2021-03-01,,,30
2021-03-20,2021-04-19,0,-0.0424964390382,0.586306653809,0.634500191928,0.617665508249,0.626082850088,1,0.5,2021-03-01,,,30
2021-03-21,2021-04-20,0,-0.0161557941929,0.586306653809,0.634500191928,0.613772873769,0.624136532848,1,0.5,2021-03-01,,,30
2021-03-22,2021-04-21,0,-0.00546601766721,0.586306653809,0.634500191928,0.611049858501,0.622775025214,1,0.5,2021-03-01,,,30
2021-03-23,2021-04-22,0,-0.0487649355761,0.586306653809,0.634500191928,0.609612254942,0.622056223435,1,0.5,2021-03-01,,,30
2021-03-24,2021-04-23,0,-0.0225320795011,0.586306653809,0.634500191928,0.60477855646,0.619639374194,1,0.5,2021-03-01,,,30
2021-03-25,2021-04-24,0,-0.0242902745713,0.586306653809,0.634500191928,0.60120124689,0.617850719409,1,0.5,2021-03-01,,,30
2021-03-26,2021-04-25,0,-0.108291796599,0.586306653809,0.634500191928,0.608719585485,0.621609888707,1,0.5,2021-03-01,,,30
2021-03-27,2021-04-26,0,-0.0325303302892,0.586306653809,0.634500191928,0.609242305305,0.621871248616,1,0.5,2021-03-01,,,30
2021-03-28,2021-04-27,0,-0.0137270084799,0.586306653809,0.634500191928,0.609351819976,0.621926005952,1,0.5,2021-03-01,,,30
2021-03-29,2021-04-28,0,-0.0483946777913,0.586306653809,0.634500191928,0.614318533549,0.624409362739,1,0.5,2021-03-01,,,30
2021-03-30,2021-04-29,0,-0.0883723083748,0.586306653809,0.634500191928,0.615632308376,0.625066250152,1,0.5,2021-03-01,,,30
2021-03-31,2021-04-30,0,-0.0178118863375,0.586306653809,0.634500191928,0.611754944724,0.623127568326,1,0.5,2021-03-01,,,30
2021-04-01,2021-05-01,0,-0.0156686496218,0.595505617978,0.651273819813,0.627489081724,0.639381450769,1,0.5,2021-04-01,,,30
2021-04-02,2021-05-02,0,-0.040234089867,0.595505617978,0.651273819813,0.624027071218,0.637650445516,1,0.5,2021-04-01,,,30
2021-04-03,2021-05-03,1,0.00205865041574,0.595505617978,0.651273819813,0.619708931227,0.63549137552,1,0.5,2021-04-01,,,30
2021-04-04,2021-05-04,0,-0.0859420490804,0.595505617978,0.651273819813,0.621396773165,0.636335296489,1,0.5,2021-04-01,,,30
2021-04-05,2021-05-05,0,-0.0286467154823,0.595505617978,0.651273819813,0.621505581517,0.636389700665,1,0.5,2021-04-01,,,30
2021-04-06,2021-05-06,0,-0.027546789467,0.595505617978,0.651273819813,0.617403381238,0.634338600526,1,0.5,2021-04-01,,,30
2021-04-07,2021-05-07,1,0.0243291521792,0.595505617978,0.651273819813,0.613374202675,0.632324011244,1,0.5,2021-04-01,,,30
2021-04-08,2021-05-08,1,0.0135083247356,0.595505617978,0.651273819813,0.615880531722,0.633577175767,1,0.5,2021-04-01,,,30
2021-04-09,2021-05-09,1,0.00169067261251,0.595505617978,0.651273819813,0.61505458808,0.633164203946,1,0.5,2021-04-01,,,30
2021-04-10,2021-05-10,0,-0.0661376533338,0.595505617978,0.651273819813,0.618020862091,0.634647340952,1,0.5,2021-04-01,,,30
2021-04-11,2021-05-11,0,-0.055537917381,0.595505617978,0.651273819813,0.617333154647,0.63430348723,1,0.5,2021-04-01,,,30
2021-04-12,2021-05-12,0,-0.170876712329,0.595505617978,0.651273819813,0.612665356574,0.631969588194,1,0.5,2021-04-01,,,30
2021-04-13,2021-05-13,0,-0.218702791978,0.595505617978,0.651273819813,0.620992759454,0.636133289634,1,0.5,2021-04-01,,,30
2021-04-14,2021-05-14,0,-0.208357336848,0.595505617978,0.651273819813,0.61916145217,0.635217635992,1,0.5,2021-04-01,,,30
2021-04-15,2021-05-15,0,-0.259610436862,0.595505617978,0.651273819813,0.617229493592,0.634251656703,1,0.5,2021-04-01,,,30
2021-04-16,2021-05-16,0,-0.242982776499,0.595505617978,0.651273819813,0.613135678322,0.632204749068,1,0.5,2021-04-01,,,30
2021-04-17,2021-05-17,0,-0.274446536434,0.595505617978,0.651273819813,0.609694451842,0.630484135828,1,0.5,2021-04-01,,,30
2021-04-18,2021-05-18,0,-0.236869592721,0.595505617978,0.651273819813,0.60489662913,0.628085224471,1,0.5,2021-04-01,,,30
2021-04-19,2021-05-19,0,-0.340499385798,0.595505617978,0.651273819813,0.60368961046,0.627481715137,1,0.5,2021-04-01,,,30
2021-04-20,2021-05-20,0,-0.281760921577,0.595505617978,0.651273819813,0.602857317639,0.627065568726,1,0.5,2021-04-01,,,30
2021-04-21,2021-05-21,0,-0.307424216311,0.595505617978,0.651273819813,0.598061079519,0.624667449666,1,0.5,2021-04-01,,,30
2021-04-22,2021-05-22,0,-0.275507167984,0.595505617978,0.651273819813,0.594525189349,0.622899504581,1,0.5,2021-04-01,,,30
2021-04-23,2021-05-23,0,-0.322148555486,0.595505617978,0.520662730908,0.593914637542,0.557288684225,1,0.5,2021-04-01,,,30
2021-04-24,2021-05-24,0,-0.224815896151,0.595505617978,0.520662730908,0.592642684234,0.556652707571,1,0.5,2021-04-01,,,30
2021-04-25,2021-05-25,0,-0.218927188401,0.595505617978,0.520662730908,0.588743515989,0.554703123449,1,0.5,2021-04-01,,,30
2021-04-26,2021-05-26,0,-0.27331666833,0.595505617978,0.520662730908,0.60368170782,0.562172219364,1,0.5,2021-04-01,,,30
2021-04-27,2021-05-27,0,-0.299607340003,0.595505617978,0.651273819813,0.604907049692,0.628090434753,1,0.5,2021-04-01,,,30
2021-04-28,2021-05-28,0,-0.349754823578,0.595505617978,0.651273819813,0.604932765937,0.628103292875,1,0.5,2021-04-01,,,30
2021-04-29,2021-05-29,0,-0.353839043973,0.595505617978,0.651273819813,0.603478707796,0.627376263804,1,0.5,2021-04-01,,,30
2021-04-30,2021-05-30,0,-0.382238998778,0.595505617978,0.651273819813,0.613906024755,0.632589922284,1,0.5,2021-04-01,,,30
2021-05-01,2021-05-31,0,-0.35547454108,0.593806921676,0.644865664845,0.609117263111,0.626991463978,1,0.5,2021-05-01,,,30
2021-05-02,2021-06-01,0,-0.351462515339,0.593806921676,0.644865664845,0.607695097836,0.626280381341,1,0.5,2021-05-01,,,30
2021-05-03,2021-06-02,0,-0.342853229674,0.593806921676,0.644865664845,0.603965656409,0.624415660627,1,0.5,2021-05-01,,,30
2021-05-04,2021-06-03,0,-0.262278522128,0.593806921676,0.644865664845,0.597034122772,0.620949893808,1,0.5,2021-05-01,,,30
2021-05-05,2021-06-04,0,-0.358783176646,0.593806921676,0.644865664845,0.607867126335,0.62636639559,1,0.5,2021-05-01,,,30
2021-05-06,2021-06-05,0,-0.370262767033,0.593806921676,0.644865664845,0.60727673976,0.626071202303,1,0.5,2021-05-01,,,30
2021-05-07,2021-06-06,0,-0.375443319564,0.593806921676,0.644865664845,0.60532595967,0.625095812258,1,0.5,2021-05-01,,,30
2021-05-08,2021-06-07,0,-0.429975850314,0.593806921676,0.644865664845,0.606757963179,0.625811814012,1,0.5,2021-05-01,,,30
2021-05-09,2021-06-08,0,-0.426848754242,0.593806921676,0.644865664845,0.606503725027,0.625684694936,1,0.5,2021-05-01,,,30
2021-05-10,2021-06-09,0,-0.330157011932,0.593806921676,0.644865664845,0.601044858753,0.622955261799,1,0.5,2021-05-01,,,30
2021-05-11,2021-06-10,0,-0.35281970961,0.593806921676,0.644865664845,0.606165095841,0.625515380343,1,0.5,2021-05-01,,,30
2021-05-12,2021-06-11,0,-0.247814081914,0.593806921676,0.520144484579,0.595723904558,0.557934194568,1,0.5,2021-05-01,,,30
2021-05-13,2021-06-12,0,-0.284368515453,0.593806921676,0.520144484579,0.593321240622,0.556732862601,1,0.5,2021-05-01,,,30
2021-05-14,2021-06-13,0,-0.217106043263,0.593806921676,0.520144484579,0.592969380567,0.556556932573,1,0.5,2021-05-01,,,30
2021-05-15,2021-06-14,0,-0.133582134077,0.593806921676,0.520144484579,0.58602878137,0.553086632974,1,0.5,2021-05-01,,,30
2021-05-16,2021-06-15,0,-0.135413673907,0.593806921676,0.520144484579,0.586212245124,0.553178364852,1,0.5,2021-05-01,,,30
2021-05-17,2021-06-16,0,-0.11918382178,0.593806921676,0.520144484579,0.583459437601,0.55180196109,1,0.5,2021-05-01,,,30
2021-05-18,2021-06-17,0,-0.111011305076,0.593806921676,0.520144484579,0.581052575374,0.550598529976,1,0.5,2021-05-01,,,30
2021-05-19,2021-06-18,0,-0.0237189388197,0.593806921676,0.578671965557,0.581227897996,0.579949931776,1,0.5,2021-05-01,,,30
2021-05-20,2021-06-19,0,-0.124434692834,0.593806921676,0.520144484579,0.594837126855,0.557490805717,1,0.5,2021-05-01,,,30
2021-05-21,2021-06-20,0,-0.0443425737296,0.593806921676,0.578671965557,0.588833870355,0.583752917956,1,0.5,2021-05-01,,,30
2021-05-22,2021-06-21,0,-0.155963741261,0.593806921676,0.578671965557,0.593281329168,0.585976647363,1,0.5,2021-05-01,,,30
2021-05-23,2021-06-22,0,-0.0619152942195,0.593806921676,0.578671965557,0.587901960438,0.583286962998,1,0.5,2021-05-01,,,30
2021-05-24,2021-06-23,0,-0.131925501124,0.593806921676,0.578671965557,0.607212044702,0.59294200513,1,0.5,2021-05-01,,,30
2021-05-25,2021-06-24,0,-0.095542250537,0.593806921676,0.578671965557,0.607189244414,0.592930604985,1,0.5,2021-05-01,,,30
2021-05-26,2021-06-25,0,-0.195134742422,0.593806921676,0.578671965557,0.611941131574,0.595306548565,1,0.5,2021-05-01,,,30
2021-05-27,2021-06-26,0,-0.162116097647,0.593806921676,0.578671965557,0.604492074654,0.591582020106,1,0.5,2021-05-01,,,30
2021-05-28,2021-06-27,0,-0.0270066109626,0.593806921676,0.578671965557,0.60281140843,0.590741686994,1,0.5,2021-05-01,,,30
2021-05-29,2021-06-28,0,-0.00318623095117,0.593806921676,0.578671965557,0.600259613442,0.589465789499,1,0.5,2021-05-01,,,30
2021-05-30,2021-06-29,1,0.00758839401626,0.593806921676,0.578671965557,0.603316198356,0.590994081957,1,0.5,2021-05-01,,,30
2021-05-31,2021-06-30,0,-0.0592908483723,0.593806921676,0.578671965557,0.60269007273,0.590681019144,1,0.5,2021-05-01,,,30
2021-06-01,2021-07-01,0,-0.0868937448441,0.581045172719,0.576351647565,0.589298593613,0.582825120589,1,0.5,2021-06-01,,,30
2021-06-02,2021-07-02,0,-0.100672421815,0.581045172719,0.576351647565,0.590258979956,0.58330531376,1,0.5,2021-06-01,,,30
2021-06-03,2021-07-03,0,-0.116637819297,0.581045172719,0.576351647565,0.598705350319,0.587528498942,1,0.5,2021-06-01,,,30
2021-06-04,2021-07-04,0,-0.0418824839121,0.581045172719,0.576351647565,0.591698379485,0.584025013525,1,0.5,2021-06-01,,,30
2021-06-05,2021-07-05,0,-0.0513347149792,0.581045172719,0.576351647565,0.59051945868,0.583435553123,1,0.5,2021-06-01,,,30
2021-06-06,2021-07-06,0,-0.0440352650874,0.581045172719,0.576351647565,0.588702298229,0.582526972897,1,0.5,2021-06-01,,,30
2021-06-07,2021-07-07,1,0.00921920352972,0.581045172719,0.576351647565,0.577889644976,0.577120646271,1,0.5,2021-06-01,,,30
2021-06-08,2021-07-08,0,-0.0151314482782,0.581045172719,0.576351647565,0.57875133009,0.577551488828,1,0.5,2021-06-01,,,30
2021-06-09,2021-07-09,0,-0.0955449669079,0.581045172719,0.576351647565,0.597144595236,0.586748121401,1,0.5,2021-06-01,,,30
2021-06-10,2021-07-10,0,-0.0865109123965,0.581045172719,0.576351647565,0.591451984745,0.583901816155,1,0.5,2021-06-01,,,30
2021-06-11,2021-07-11,0,-0.0823152160694,0.581045172719,0.576351647565,0.597442410195,0.58689702888,1,0.5,2021-06-01,,,30
2021-06-12,2021-07-12,0,-0.0691912560896,0.581045172719,0.576351647565,0.594922989124,0.585637318345,1,0.5,2021-06-01,,,30
2021-06-13,2021-07-13,0,-0.161217532189,0.581045172719,0.576351647565,0.607954663723,0.592153155644,1,0.5,2021-06-01,,,30
2021-06-14,2021-07-14,0,-0.189954953921,0.581045172719,0.576351647565,0.617633876639,0.596992762102,1,0.5,2021-06-01,,,30
2021-06-15,2021-07-15,0,-0.205859699223,0.581045172719,0.576351647565,0.617237697812,0.596794672689,1,0.5,2021-06-01,,,30
2021-06-16,2021-07-16,0,-0.181625027608,0.581045172719,0.576351647565,0.607396097469,0.591873872517,1,0.5,2021-06-01,,,30
2021-06-17,2021-07-17,0,-0.17254889813,0.581045172719,0.576351647565,0.608398290111,0.592374968838,1,0.5,2021-06-01,,,30
2021-06-18,2021-07-18,0,-0.112822391166,0.581045172719,0.576351647565,0.599268618596,0.587810133081,1,0.5,2021-06-01,,,30
2021-06-19,2021-07-19,0,-0.130878893194,0.581045172719,0.576351647565,0.593204898308,0.584778272937,1,0.5,2021-06-01,,,30
2021-06-20,2021-07-20,0,-0.163196176646,0.581045172719,0.576351647565,0.588088158375,0.58221990297,1,0.5,2021-06-01,,,30
2021-06-21,2021-07-21,1,0.0169439459039,0.581045172719,0.576351647565,0.578265168104,0.577308407835,1,0.5,2021-06-01,,,30
2021-06-22,2021-07-22,0,-0.00682045527531,0.581045172719,0.576351647565,0.583103920928,0.579727784246,1,0.5,2021-06-01,,,30
2021-06-23,2021-07-23,0,-0.00130589431045,0.581045172719,0.576351647565,0.580057544222,0.578204595894,1,0.5,2021-06-01,,,30
2021-06-24,2021-07-24,0,-0.0116824553149,0.581045172719,0.576351647565,0.584566819569,0.580459233567,1,0.5,2021-06-01,,,30
2021-06-25,2021-07-25,1,0.12020377116,0.581045172719,0.576351647565,0.580495563889,0.578423605727,1,0.5,2021-06-01,,,30
2021-06-26,2021-07-26,1,0.153450740545,0.581045172719,0.576351647565,0.584480846685,0.580416247125,1,0.5,2021-06-01,,,30
2021-06-27,2021-07-27,1,0.137103267576,0.581045172719,0.576351647565,0.595157219991,0.585754433778,1,0.5,2021-06-01,,,30
2021-06-28,2021-07-28,1,0.160159084433,0.581045172719,0.576351647565,0.602671023865,0.589511335715,1,0.5,2021-06-01,,,30
2021-06-29,2021-07-29,1,0.114301093264,0.581045172719,0.576351647565,0.60436779921,0.590359723388,1,0.5,2021-06-01,,,30
2021-06-30,2021-07-30,1,0.204347838493,0.581045172719,0.576351647565,0.597273470646,0.586812559106,1,0.5,2021-06-01,,,30
2021-07-01,2021-07-31,1,0.2374933181,0.566867989646,0.562165915322,0.572721675138,0.56744379523,1,0.5,2021-07-01,,,30
2021-07-02,2021-08-01,1,0.179328460586,0.566867989646,0.562165915322,0.581343261304,0.571754588313,1,0.5,2021-07-01,,,30
2021-07-03,2021-08-02,1,0.129183801266,0.566867989646,0.562165915322,0.580110830204,0.571138372763,1,0.5,2021-07-01,,,30
2021-07-04,2021-08-03,1,0.0827664736467,0.566867989646,0.562165915322,0.578701826847,0.570433871084,1,0.5,2021-07-01,,,30
2021-07-05,2021-08-04,1,0.179074352318,0.566867989646,0.562165915322,0.574452455921,0.568309185621,1,0.5,2021-07-01,,,30
2021-07-06,2021-08-05,1,0.194110112767,0.566867989646,0.562165915322,0.572631433317,0.567398674319,1,0.5,2021-07-01,,,30
2021-07-07,2021-08-06,1,0.265038042509,0.566867989646,0.562165915322,0.575825176465,0.568995545894,1,0.5,2021-07-01,,,30
2021-07-08,2021-08-07,1,0.355789426297,0.566867989646,0.562165915322,0.576091292893,0.569128604108,1,0.5,2021-07-01,,,30
2021-07-09,2021-08-08,1,0.295085641894,0.566867989646,0.562165915322,0.567633246762,0.564899581042,1,0.5,2021-07-01,,,30
2021-07-10,2021-08-09,1,0.380580230888,0.566867989646,0.562165915322,0.564728711625,0.563447313473,1,0.5,2021-07-01,,,30
2021-07-11,2021-08-10,1,0.330599355089,0.566867989646,0.562165915322,0.565581152798,0.56387353406,1,0.5,2021-07-01,,,30
2021-07-12,2021-08-11,1,0.375510289201,0.566867989646,0.562165915322,0.567095495533,0.564630705427,1,0.5,2021-07-01,,,30
2021-07-13,2021-08-12,1,0.356532600137,0.566867989646,0.562165915322,0.553557703377,0.55786180935,1,0.5,2021-07-01,,,30
2021-07-14,2021-08-13,1,0.456428119178,0.566867989646,0.562165915322,0.551740606485,0.556953260903,1,0.5,2021-07-01,,,30
2021-07-15,2021-08-14,1,0.476427540778,0.566867989646,0.562165915322,0.550728741069,0.556447328195,1,0.5,2021-07-01,,,30
2021-07-16,2021-08-15,1,0.496750400763,0.566867989646,0.562165915322,0.547602079848,0.554883997585,1,0.5,2021-07-01,,,30
2021-07-17,2021-08-16,1,0.456255966437,0.566867989646,0.562165915322,0.549721432382,0.555943673852,1,0.5,2021-07-01,,,30
2021-07-18,2021-08-17,1,0.406481288013,0.566867989646,0.562165915322,0.551285286243,0.556725600782,1,0.5,2021-07-01,,,30
2021-07-19,2021-08-18,1,0.449604324303,0.566867989646,0.562165915322,0.55074839108,0.556457153201,1,0.5,2021-07-01,,,30
2021-07-20,2021-08-19,1,0.569656616992,0.566867989646,0.562165915322,0.546335414981,0.554250665151,1,0.5,2021-07-01,,,30
2021-07-21,2021-08-20,1,0.534397942292,0.566867989646,0.562165915322,0.562264740428,0.562215327875,1,0.5,2021-07-01,,,30
2021-07-22,2021-08-21,1,0.512082725906,0.566867989646,0.562165915322,0.563637860513,0.562901887917,1,0.5,2021-07-01,,,30
2021-07-23,2021-08-22,1,0.463967659003,0.566867989646,0.562165915322,0.56977236059,0.565969137956,1,0.5,2021-07-01,,,30
2021-07-24,2021-08-23,1,0.44458660044,0.566867989646,0.562165915322,0.570224339809,0.566195127565,1,0.5,2021-07-01,,,30
2021-07-25,2021-08-24,1,0.34744589048,0.566867989646,0.49191569729,0.575808030023,0.533861863656,1,0.5,2021-07-01,,,30
2021-07-26,2021-08-25,1,0.315157797495,0.566867989646,0.562165915322,0.586566226639,0.57436607098,1,0.5,2021-07-01,,,30
2021-07-27,2021-08-26,1,0.187186992101,0.566867989646,0.49191569729,0.593456646538,0.542686171914,1,0.5,2021-07-01,,,30
2021-07-28,2021-08-27,1,0.22614791367,0.566867989646,0.49191569729,0.588844864644,0.540380280967,1,0.5,2021-07-01,,,30
2021-07-29,2021-08-28,1,0.221880335302,0.566867989646,0.49191569729,0.585162385876,0.538539041583,1,0.5,2021-07-01,,,30
2021-07-30,2021-08-29,1,0.155461367561,0.566867989646,0.49191569729,0.592036090196,0.541975893743,1,0.5,2021-07-01,,,30
2021-07-31,2021-08-30,1,0.133160547906,0.566867989646,0.49191569729,0.589015131557,0.540465414424,1,0.5,2021-07-01,,,30
2021-08-01,2021-08-31,1,0.182089845162,0.559663865546,0.489803739085,0.57395340717,0.531878573127,1,0.5,2021-08-01,,,30
2021-08-02,2021-09-01,1,0.246826004615,0.559663865546,0.489803739085,0.565124111507,0.527463925296,1,0.5,2021-08-01,,,30
2021-08-03,2021-09-02,1,0.288941177086,0.559663865546,0.489803739085,0.555463035991,0.522633387538,1,0.5,2021-08-01,,,30
2021-08-04,2021-09-03,1,0.258689259017,0.559663865546,0.489803739085,0.563555276827,0.526679507956,1,0.5,2021-08-01,,,30
2021-08-05,2021-09-04,1,0.221552495861,0.559663865546,0.489803739085,0.567057489858,0.528430614471,1,0.5,2021-08-01,,,30
2021-08-06,2021-09-05,1,0.208232067376,0.559663865546,0.489803739085,0.571753367953,0.530778553519,1,0.5,2021-08-01,,,30
2021-08-07,2021-09-06,1,0.181532396404,0.559663865546,0.489803739085,0.581408945057,0.535606342071,1,0.5,2021-08-01,,,30
2021-08-08,2021-09-07,1,0.0700857210641,0.559663865546,0.489803739085,0.57979069501,0.534797217048,1,0.5,2021-08-01,,,30
2021-08-09,2021-09-08,0,-0.00443405241561,0.559663865546,0.607454727405,0.591067943535,0.59926133547,1,0.5,2021-08-01,,,30
2021-08-10,2021-09-09,1,0.0177722974163,0.559663865546,0.607454727405,0.589231234719,0.598342981062,1,0.5,2021-08-01,,,30
2021-08-11,2021-09-10,0,-0.0145039660741,0.559663865546,0.607454727405,0.587754730996,0.597604729201,1,0.5,2021-08-01,,,30
2021-08-12,2021-09-11,1,0.0174483659542,0.559663865546,0.489803739085,0.582896797821,0.536350268453,1,0.5,2021-08-01,,,30
2021-08-13,2021-09-12,0,-0.0371288702929,0.559663865546,0.607454727405,0.592100756086,0.599777741746,1,0.5,2021-08-01,,,30
2021-08-14,2021-09-13,0,-0.0452060199059,0.559663865546,0.607454727405,0.588446855189,0.597950791297,1,0.5,2021-08-01,,,30
2021-08-15,2021-09-14,1,0.00293142009741,0.559663865546,0.607454727405,0.59040216483,0.598928446117,1,0.5,2021-08-01,,,30
2021-08-16,2021-09-15,1,0.0483672681095,0.559663865546,0.607454727405,0.582802723223,0.595128725314,1,0.5,2021-08-01,,,30
2021-08-17,2021-09-16,1,0.0680569492314,0.559663865546,0.489803739085,0.579784759123,0.534794249104,1,0.5,2021-08-01,,,30
2021-08-18,2021-09-17,1,0.0580398874496,0.559663865546,0.489803739085,0.581535627576,0.535669683331,1,0.5,2021-08-01,,,30
2021-08-19,2021-09-18,1,0.032765177194,0.559663865546,0.607454727405,0.592407483457,0.599931105431,1,0.5,2021-08-01,,,30
2021-08-20,2021-09-19,0,-0.0421860462382,0.559663865546,0.607454727405,0.588260839659,0.597857783532,1,0.5,2021-08-01,,,30
2021-08-21,2021-09-20,0,-0.118927234864,0.559663865546,0.607454727405,0.587758620268,0.597606673836,1,0.5,2021-08-01,,,30
2021-08-22,2021-09-21,0,-0.172724913189,0.559663865546,0.607454727405,0.585826083729,0.596640405567,1,0.5,2021-08-01,,,30
2021-08-23,2021-09-22,0,-0.120132918829,0.559663865546,0.607454727405,0.587018279089,0.597236503247,1,0.5,2021-08-01,,,30
2021-08-24,2021-09-23,0,-0.0589157488535,0.559663865546,0.607454727405,0.58168651193,0.594570619668,1,0.5,2021-08-01,,,30
2021-08-25,2021-09-24,0,-0.125838926174,0.559663865546,0.607454727405,0.581347556316,0.594401141861,1,0.5,2021-08-01,,,30
2021-08-26,2021-09-25,0,-0.0890880706483,0.559663865546,0.607454727405,0.566387540625,0.586921134015,1,0.5,2021-08-01,,,30
2021-08-27,2021-09-26,0,-0.120420053842,0.559663865546,0.607454727405,0.569149584193,0.588302155799,1,0.5,2021-08-01,,,30
2021-08-28,2021-09-27,0,-0.138009033579,0.559663865546,0.607454727405,0.569425261282,0.588439994343,1,0.5,2021-08-01,,,30
2021-08-29,2021-09-28,0,-0.158737635035,0.559663865546,0.607454727405,0.563193247137,0.585323987271,1,0.5,2021-08-01,,,30
2021-08-30,2021-09-29,0,-0.116183310059,0.559663865546,0.607454727405,0.558766169461,0.583110448433,1,0.5,2021-08-01,,,30
2021-08-31,2021-09-30,0,-0.0695695983664,0.559663865546,0.607454727405,0.564342215156,0.58589847128,1,0.5,2021-08-01,,,30
2021-09-01,2021-10-01,0,-0.0137042178612,0.570843570844,0.6090961197,0.580779215044,0.594937667372,1,0.5,2021-09-01,,,30
2021-09-02,2021-10-02,0,-0.0327279180874,0.570843570844,0.6090961197,0.587801548727,0.598448834213,1,0.5,2021-09-01,,,30
2021-09-03,2021-10-03,0,-0.0359832189114,0.570843570844,0.6090961197,0.582465520321,0.59578082001,1,0.5,2021-09-01,,,30
2021-09-04,2021-10-04,0,-0.0138373463708,0.570843570844,0.6090961197,0.580160860915,0.594628490307,1,0.5,2021-09-01,,,30
2021-09-05,2021-10-05,0,-0.00550438898172,0.570843570844,0.6090961197,0.582385467017,0.595740793358,1,0.5,2021-09-01,,,30
2021-09-06,2021-10-06,1,0.0503399862145,0.570843570844,0.6090961197,0.585212367836,0.597154243768,1,0.5,2021-09-01,,,30
2021-09-07,2021-10-07,1,0.147693962901,0.570843570844,0.6090961197,0.573788696422,0.591442408061,1,0.5,2021-09-01,,,30
2021-09-08,2021-10-08,1,0.171626711165,0.570843570844,0.6090961197,0.561925394211,0.585510756955,1,0.5,2021-09-01,,,30
2021-09-09,2021-10-09,1,0.184385261042,0.570843570844,0.6090961197,0.563395928528,0.586246024114,1,0.5,2021-09-01,,,30
2021-09-10,2021-10-10,1,0.218682073563,0.570843570844,0.50438191521,0.556787787771,0.53058485149,1,0.5,2021-09-01,,,30
2021-09-11,2021-10-11,1,0.272230583776,0.570843570844,0.50438191521,0.559865642409,0.532123778809,1,0.5,2021-09-01,,,30
2021-09-12,2021-10-12,1,0.216656990816,0.570843570844,0.6090961197,0.551196170955,0.580146145327,1,0.5,2021-09-01,,,30
2021-09-13,2021-10-13,1,0.276503519191,0.570843570844,0.50438191521,0.546761463192,0.525571689201,1,0.5,2021-09-01,,,30
2021-09-14,2021-10-14,1,0.217280614168,0.570843570844,0.6090961197,0.567536003962,0.588316061831,1,0.5,2021-09-01,,,30
2021-09-15,2021-10-15,1,0.281600435232,0.570843570844,0.6090961197,0.574537366339,0.591816743019,1,0.5,2021-09-01,,,30
2021-09-16,2021-10-16,1,0.27520632488,0.570843570844,0.6090961197,0.574195753404,0.591645936552,1,0.5,2021-09-01,,,30
2021-09-17,2021-10-17,1,0.300810909434,0.570843570844,0.6090961197,0.575947666392,0.592521893046,1,0.5,2021-09-01,,,30
2021-09-18,2021-10-18,1,0.284040623912,0.570843570844,0.6090961197,0.574524459653,0.591810289677,1,0.5,2021-09-01,,,30
2021-09-19,2021-10-19,1,0.360673345081,0.570843570844,0.6090961197,0.563628886076,0.586362502888,1,0.5,2021-09-01,,,30
2021-09-20,2021-10-20,1,0.534359146747,0.570843570844,0.50438191521,0.55473094854,0.529556431875,1,0.5,2021-09-01,,,30
2021-09-21,2021-10-21,1,0.526797511095,0.570843570844,0.50438191521,0.541027108913,0.522704512061,1,0.5,2021-09-01,,,30
2021-09-22,2021-10-22,1,0.393734235632,0.570843570844,0.50438191521,0.552254840441,0.528318377825,1,0.5,2021-09-01,,,30
2021-09-23,2021-10-23,1,0.366017939047,0.570843570844,0.50438191521,0.561075843402,0.532728879306,1,0.5,2021-09-01,,,30
2021-09-24,2021-10-24,1,0.421429801098,0.570843570844,0.50438191521,0.552232537944,0.528307226577,1,0.5,2021-09-01,,,30
2021-09-25,2021-10-25,1,0.478271242241,0.570843570844,0.50438191521,0.552441632877,0.528411774043,1,0.5,2021-09-01,,,30
2021-09-26,2021-10-26,1,0.397765338536,0.570843570844,0.50438191521,0.551898239754,0.528140077482,1,0.5,2021-09-01,,,30
2021-09-27,2021-10-27,1,0.385933872474,0.570843570844,0.50438191521,0.557444139175,0.530913027192,1,0.5,2021-09-01,,,30
2021-09-28,2021-10-28,1,0.476504964835,0.570843570844,0.50438191521,0.55855187873,0.53146689697,1,0.5,2021-09-01,,,30
2021-09-29,2021-10-29,1,0.4992122681,0.570843570844,0.50438191521,0.556691810614,0.530536862912,1,0.5,2021-09-01,,,30
2021-09-30,2021-10-30,1,0.41153360822,0.570843570844,0.50438191521,0.564164711016,0.534273313113,1,0.5,2021-09-01,,,30
2021-10-01,2021-10-31,1,0.273322599722,0.568345323741,0.595815290895,0.581810639555,0.588812965225,1,0.5,2021-10-01,,,30
2021-10-02,2021-11-01,1,0.278707628231,0.568345323741,0.595815290895,0.579838478076,0.587826884486,1,0.5,2021-10-01,,,30
2021-10-03,2021-11-02,1,0.311617777673,0.568345323741,0.595815290895,0.579554550693,0.587684920794,1,0.5,2021-10-01,,,30
2021-10-04,2021-11-03,1,0.277736041933,0.568345323741,0.595815290895,0.585369176804,0.59059223385,1,0.5,2021-10-01,,,30
2021-10-05,2021-11-04,1,0.192784852499,0.568345323741,0.595815290895,0.59260551018,0.594210400538,1,0.5,2021-10-01,,,30
2021-10-06,2021-11-05,1,0.101638253638,0.568345323741,0.595815290895,0.603028369906,0.599421830401,1,0.5,2021-10-01,,,30
2021-10-07,2021-11-06,1,0.142890370254,0.568345323741,0.595815290895,0.596692255477,0.596253773186,1,0.5,2021-10-01,,,30
2021-10-08,2021-11-07,1,0.172788005804,0.568345323741,0.595815290895,0.589537372522,0.592676331709,1,0.5,2021-10-01,,,30
2021-10-09,2021-11-08,1,0.228865770381,0.568345323741,0.595815290895,0.592902536096,0.594358913496,1,0.5,2021-10-01,,,30
2021-10-10,2021-11-09,1,0.224824091184,0.568345323741,0.595815290895,0.592678409608,0.594246850252,1,0.5,2021-10-01,,,30
2021-10-11,2021-11-10,1,0.128952599861,0.568345323741,0.595815290895,0.598689185531,0.597252238213,1,0.5,2021-10-01,,,30
2021-10-12,2021-11-11,1,0.156746628788,0.568345323741,0.595815290895,0.589771269864,0.59279328038,1,0.5,2021-10-01,,,30
2021-10-13,2021-11-12,1,0.117754632454,0.568345323741,0.595815290895,0.588201262295,0.592008276595,1,0.5,2021-10-01,,,30
2021-10-14,2021-11-13,1,0.122620969472,0.568345323741,0.595815290895,0.586953473939,0.591384382417,1,0.5,2021-10-01,,,30
2021-10-15,2021-11-14,1,0.0623727753832,0.568345323741,0.595815290895,0.5980195037,0.596917397298,1,0.5,2021-10-01,,,30
2021-10-16,2021-11-15,1,0.0448647955165,0.568345323741,0.595815290895,0.594975780036,0.595395535466,1,0.5,2021-10-01,,,30
2021-10-17,2021-11-16,0,-0.0238826569809,0.568345323741,0.595815290895,0.597577389652,0.596696340274,1,0.5,2021-10-01,,,30
2021-10-18,2021-11-17,0,-0.026850093469,0.568345323741,0.595815290895,0.592759185472,0.594287238184,1,0.5,2021-10-01,,,30
2021-10-19,2021-11-18,0,-0.114948696022,0.568345323741,0.595815290895,0.601929246986,0.59887226894,1,0.5,2021-10-01,,,30
2021-10-20,2021-11-19,0,-0.120439396673,0.568345323741,0.595815290895,0.605402221256,0.600608756076,1,0.5,2021-10-01,,,30
2021-10-21,2021-11-20,0,-0.0399664593287,0.568345323741,0.595815290895,0.600387070295,0.598101180595,1,0.5,2021-10-01,,,30
2021-10-22,2021-11-21,0,-0.0340461460231,0.568345323741,0.595815290895,0.584842560148,0.590328925521,1,0.5,2021-10-01,,,30
2021-10-23,2021-11-22,0,-0.0822293562638,0.568345323741,0.595815290895,0.585390992697,0.590603141796,1,0.5,2021-10-01,,,30
2021-10-24,2021-11-23,0,-0.0544096829992,0.568345323741,0.595815290895,0.585070904919,0.590443097907,1,0.5,2021-10-01,,,30
2021-10-25,2021-11-24,0,-0.0941757275585,0.568345323741,0.595815290895,0.590281914487,0.593048602691,1,0.5,2021-10-01,,,30
2021-10-26,2021-11-25,0,-0.0226831923255,0.568345323741,0.595815290895,0.580717505932,0.588266398414,1,0.5,2021-10-01,,,30
2021-10-27,2021-11-26,0,-0.080236842754,0.568345323741,0.595815290895,0.57507934983,0.585447320363,1,0.5,2021-10-01,,,30
2021-10-28,2021-11-27,0,-0.0966533054653,0.568345323741,0.595815290895,0.587748275982,0.591781783439,1,0.5,2021-10-01,,,30
2021-10-29,2021-11-28,0,-0.079976438352,0.568345323741,0.595815290895,0.593490368349,0.594652829622,1,0.5,2021-10-01,,,30
2021-10-30,2021-11-29,0,-0.0660037740552,0.568345323741,0.595815290895,0.587384131208,0.591599711051,1,0.5,2021-10-01,,,30
2021-10-31,2021-11-30,0,-0.0709503130516,0.568345323741,0.595815290895,0.576984308372,0.586399799634,1,0.5,2021-10-01,,,30
2021-11-01,2021-12-01,0,-0.0611881806127,0.57488299532,0.599599183967,0.57906917655,0.589334180259,1,0.5,2021-11-01,,,30
2021-11-02,2021-12-02,0,-0.106606312339,0.57488299532,0.599599183967,0.58762952002,0.593614351994,1,0.5,2021-11-01,,,30
2021-11-03,2021-12-03,0,-0.147789351646,0.57488299532,0.599599183967,0.588284950938,0.593942067453,1,0.5,2021-11-01,,,30
2021-11-04,2021-12-04,0,-0.199406108086,0.57488299532,0.599599183967,0.578898337599,0.589248760783,1,0.5,2021-11-01,,,30
2021-11-05,2021-12-05,0,-0.189388504084,0.57488299532,0.599599183967,0.568619019869,0.584109101918,1,0.5,2021-11-01,,,30
2021-11-06,2021-12-06,0,-0.179414032169,0.57488299532,0.599599183967,0.571610627076,0.585604905522,1,0.5,2021-11-01,,,30
2021-11-07,2021-12-07,0,-0.200472898724,0.57488299532,0.599599183967,0.57659623794,0.588097710954,1,0.5,2021-11-01,,,30
2021-11-08,2021-12-08,0,-0.252564685247,0.57488299532,0.599599183967,0.586876207908,0.593237695938,1,0.5,2021-11-01,,,30
2021-11-09,2021-12-09,0,-0.289809531804,0.57488299532,0.599599183967,0.582999015408,0.591299099688,1,0.5,2021-11-01,,,30
2021-11-10,2021-12-10,0,-0.273446755925,0.57488299532,0.599599183967,0.575546989496,0.587573086731,1,0.5,2021-11-01,,,30
2021-11-11,2021-12-11,0,-0.237505916702,0.57488299532,0.599599183967,0.578497254843,0.589048219405,1,0.5,2021-11-01,,,30
2021-11-12,2021-12-12,0,-0.21939863913,0.57488299532,0.599599183967,0.576080825682,0.587840004825,1,0.5,2021-11-01,,,30
2021-11-13,2021-12-13,0,-0.274576731904,0.57488299532,0.599599183967,0.575934784016,0.587766983992,1,0.5,2021-11-01,,,30
2021-11-14,2021-12-14,0,-0.262149815855,0.57488299532,0.599599183967,0.568703820671,0.584151502319,1,0.5,2021-11-01,,,30
2021-11-15,2021-12-15,0,-0.231764118079,0.57488299532,0.599599183967,0.560274524788,0.579936854377,1,0.5,2021-11-01,,,30
2021-11-16,2021-12-16,0,-0.206905158222,0.57488299532,0.599599183967,0.55396002874,0.576779606354,1,0.5,2021-11-01,,,30
2021-11-17,2021-12-17,0,-0.235540651591,0.57488299532,0.599599183967,0.556790224374,0.578194704171,1,0.5,2021-11-01,,,30
2021-11-18,2021-12-18,0,-0.176777177377,0.57488299532,0.599599183967,0.547061780744,0.573330482356,1,0.5,2021-11-01,,,30
2021-11-19,2021-12-19,0,-0.195875473539,0.57488299532,0.599599183967,0.54895711546,0.574278149714,1,0.5,2021-11-01,,,30
2021-11-20,2021-12-20,0,-0.214267015992,0.57488299532,0.599599183967,0.555235027523,0.577417105745,1,0.5,2021-11-01,,,30
2021-11-21,2021-12-21,0,-0.166015091258,0.57488299532,0.599599183967,0.552527097947,0.576063140957,1,0.5,2021-11-01,,,30
2021-11-22,2021-12-22,0,-0.13616718207,0.57488299532,0.599599183967,0.549252338963,0.574425761465,1,0.5,2021-11-01,,,30
2021-11-23,2021-12-23,0,-0.116480918826,0.57488299532,0.599599183967,0.558230407765,0.578914795866,1,0.5,2021-11-01,,,30
2021-11-24,2021-12-24,0,-0.11057891302,0.57488299532,0.599599183967,0.553676329178,0.576637756573,1,0.5,2021-11-01,,,30
2021-11-25,2021-12-25,0,-0.145194160958,0.57488299532,0.599599183967,0.565655228645,0.582627206306,1,0.5,2021-11-01,,,30
2021-11-26,2021-12-26,0,-0.0549270537293,0.57488299532,0.599599183967,0.556629090801,0.578114137384,1,0.5,2021-11-01,,,30
2021-11-27,2021-12-27,0,-0.0734560369204,0.57488299532,0.599599183967,0.553983369062,0.576791276515,1,0.5,2021-11-01,,,30
2021-11-28,2021-12-28,0,-0.169902407478,0.57488299532,0.599599183967,0.561110100617,0.580354642292,1,0.5,2021-11-01,,,30
2021-11-29,2021-12-29,0,-0.195782696177,0.57488299532,0.599599183967,0.566330012071,0.582964598019,1,0.5,2021-11-01,,,30
2021-11-30,2021-12-30,0,-0.172600409899,0.57488299532,0.599599183967,0.562976229198,0.581287706582,1,0.5,2021-11-01,,,30
2021-12-01,2021-12-31,0,-0.191786628689,0.573170731707,0.594978479197,0.563813272713,0.579395875955,1,0.5,2021-12-01,,,30
2021-12-02,2022-01-01,0,-0.15505731729,0.573170731707,0.594978479197,0.555876702468,0.575427590832,1,0.5,2021-12-01,,,30
2021-12-03,2022-01-02,0,-0.117812430913,0.573170731707,0.594978479197,0.559567050865,0.577272765031,1,0.5,2021-12-01,,,30
2021-12-04,2022-01-03,0,-0.0550607121066,0.573170731707,0.594978479197,0.548227011239,0.571602745218,1,0.5,2021-12-01,,,30
2021-12-05,2022-01-04,0,-0.0721575874159,0.573170731707,0.594978479197,0.544330856614,0.569654667905,1,0.5,2021-12-01,,,30
2021-12-06,2022-01-05,0,-0.138590878381,0.573170731707,0.594978479197,0.546440494238,0.570709486717,1,0.5,2021-12-01,,,30
2021-12-07,2022-01-06,0,-0.148384973398,0.573170731707,0.5401933901,0.546566581245,0.543379985672,1,0.5,2021-12-01,,,30
2021-12-08,2022-01-07,0,-0.176431544412,0.573170731707,0.5401933901,0.540019441358,0.540106415729,1,0.5,2021-12-01,,,30
2021-12-09,2022-01-08,0,-0.123373166681,0.573170731707,0.5401933901,0.53372056567,0.536956977885,1,0.5,2021-12-01,,,30
2021-12-10,2022-01-09,0,-0.111918955532,0.573170731707,0.5401933901,0.539561506115,0.539877448107,1,0.5,2021-12-01,,,30
2021-12-11,2022-01-10,0,-0.153219306179,0.573170731707,0.5401933901,0.558049446881,0.54912141849,1,0.5,2021-12-01,,,30
2021-12-12,2022-01-11,0,-0.146334451461,0.573170731707,0.5401933901,0.560272913717,0.550233151908,1,0.5,2021-12-01,,,30
2021-12-13,2022-01-12,0,-0.0599555700681,0.573170731707,0.566877875184,0.548551249787,0.557714562486,1,0.5,2021-12-01,,,30
2021-12-14,2022-01-13,0,-0.119627174656,0.573170731707,0.5401933901,0.553299923417,0.546746656758,1,0.5,2021-12-01,,,30
2021-12-15,2022-01-14,0,-0.118797142657,0.573170731707,0.5401933901,0.556649110345,0.548421250222,1,0.5,2021-12-01,,,30
2021-12-16,2022-01-15,0,-0.0954831566258,0.573170731707,0.5401933901,0.561147549439,0.550670469769,1,0.5,2021-12-01,,,30
2021-12-17,2022-01-16,0,-0.0663225756104,0.573170731707,0.566877875184,0.557095383318,0.561986629251,1,0.5,2021-12-01,,,30
2021-12-18,2022-01-17,0,-0.0989198556277,0.573170731707,0.566877875184,0.556130997036,0.56150443611,1,0.5,2021-12-01,,,30
2021-12-19,2022-01-18,0,-0.09273770207,0.573170731707,0.566877875184,0.552839792322,0.559858833753,1,0.5,2021-12-01,,,30
2021-12-20,2022-01-19,0,-0.111994971241,0.573170731707,0.566877875184,0.55945937736,0.563168626272,1,0.5,2021-12-01,,,30
2021-12-21,2022-01-20,0,-0.16790734606,0.573170731707,0.5401933901,0.563892064285,0.552042727192,1,0.5,2021-12-01,,,30
2021-12-22,2022-01-21,0,-0.249913765,0.573170731707,0.5401933901,0.56313809897,0.551665744535,1,0.5,2021-12-01,,,30
2021-12-23,2022-01-22,0,-0.310144749651,0.573170731707,0.5401933901,0.572608813953,0.556401102026,1,0.5,2021-12-01,,,30
2021-12-24,2022-01-23,0,-0.286805391578,0.573170731707,0.5401933901,0.57639658161,0.558294985855,1,0.5,2021-12-01,,,30
2021-12-25,2022-01-24,0,-0.27260719616,0.573170731707,0.5401933901,0.571431110064,0.555812250082,1,0.5,2021-12-01,,,30
2021-12-26,2022-01-25,0,-0.272122829341,0.573170731707,0.5401933901,0.573546131626,0.556869760863,1,0.5,2021-12-01,,,30
2021-12-27,2022-01-26,0,-0.273998134964,0.573170731707,0.5401933901,0.571704463094,0.555948926597,1,0.5,2021-12-01,,,30
2021-12-28,2022-01-27,0,-0.218401833764,0.573170731707,0.566877875184,0.555634851926,0.561256363555,1,0.5,2021-12-01,,,30
2021-12-29,2022-01-28,0,-0.188274271242,0.573170731707,0.566877875184,0.552360043795,0.55961895949,1,0.5,2021-12-01,,,30
2021-12-30,2022-01-29,0,-0.190022595084,0.573170731707,0.566877875184,0.550373445122,0.558625660153,1,0.5,2021-12-01,,,30
2021-12-31,2022-01-30,0,-0.180348846191,0.573170731707,0.566877875184,0.547227698938,0.557052787061,1,0.5,2021-12-01,,,30
2022-01-01,2022-01-31,0,-0.193948785325,0.559940431869,0.564759143894,0.540220974022,0.552490058958,1,0.5,2022-01-01,0.559940431869,historical_prior,30
2022-01-02,2022-02-01,0,-0.181693467309,0.559940431869,0.564759143894,0.539174720563,0.551966932228,1,0.5,2022-01-01,0.559940431869,historical_prior,30
2022-01-03,2022-02-02,0,-0.205609082356,0.559940431869,0.564759143894,0.536618622194,0.550688883044,1,0.5,2022-01-01,0.559940431869,historical_prior,30
2022-01-04,2022-02-03,0,-0.185905003948,0.559940431869,0.564759143894,0.542276585584,0.553517864739,1,0.5,2022-01-01,0.559940431869,historical_prior,30
2022-01-05,2022-02-04,0,-0.0431951942332,0.559940431869,0.564759143894,0.536299479923,0.550529311908,1,0.5,2022-01-01,0.559940431869,historical_prior,30
2022-01-06,2022-02-05,0,-0.0394528519942,0.559940431869,0.564759143894,0.532911115315,0.548835129604,1,0.5,2022-01-01,0.559940431869,historical_prior,30
2022-01-07,2022-02-06,1,0.0195924697015,0.559940431869,0.564759143894,0.529979377975,0.547369260934,1,0.5,2022-01-01,0.559940431869,historical_prior,30
2022-01-08,2022-02-07,1,0.0518297379014,0.559940431869,0.564759143894,0.527641150108,0.546200147001,1,0.5,2022-01-01,0.559940431869,historical_prior,30
2022-01-09,2022-02-08,1,0.0520336742576,0.559940431869,0.564759143894,0.530038842797,0.547398993345,1,0.5,2022-01-01,0.559940431869,historical_prior,30
2022-01-10,2022-02-09,1,0.0609774788636,0.559940431869,0.564759143894,0.527910645008,0.546334894451,1,0.5,2022-01-01,0.559940431869,historical_prior,30
2022-01-11,2022-02-10,1,0.0179303236726,0.559940431869,0.564759143894,0.532797854087,0.548778498991,1,0.5,2022-01-01,0.559940431869,historical_prior,30
2022-01-12,2022-02-11,0,-0.0348254524897,0.559940431869,0.564759143894,0.545259567237,0.555009355565,1,0.5,2022-01-01,0.559940431869,historical_prior,30
2022-01-13,2022-02-12,0,-0.00804133259994,0.559940431869,0.564759143894,0.538815107471,0.551787125682,1,0.5,2022-01-01,0.559940431869,historical_prior,30
2022-01-14,2022-02-13,0,-0.0233697383834,0.559940431869,0.564759143894,0.544767258034,0.554763200964,1,0.5,2022-01-01,0.559940431869,historical_prior,30
2022-01-15,2022-02-14,0,-0.0127273769627,0.559940431869,0.564759143894,0.545499929306,0.5551295366,1,0.5,2022-01-01,0.559940431869,historical_prior,30
2022-01-16,2022-02-15,1,0.0342034646447,0.559940431869,0.564759143894,0.545895548219,0.555327346056,1,0.5,2022-01-01,0.559940431869,historical_prior,30
2022-01-17,2022-02-16,1,0.0396179104025,0.559940431869,0.564759143894,0.54178571406,0.553272428977,1,0.5,2022-01-01,0.559940431869,historical_prior,30
2022-01-18,2022-02-17,0,-0.0433607573836,0.559940431869,0.564759143894,0.539903951908,0.552331547901,1,0.5,2022-01-01,0.559940431869,historical_prior,30
2022-01-19,2022-02-18,0,-0.0404601439126,0.559940431869,0.564759143894,0.53352014912,0.549139646507,1,0.5,2022-01-01,0.559940431869,historical_prior,30
2022-01-20,2022-02-19,0,-0.014791704512,0.559940431869,0.564759143894,0.529794918971,0.547277031432,1,0.5,2022-01-01,0.559940431869,historical_prior,30
2022-01-21,2022-02-20,1,0.053273795723,0.559940431869,0.564759143894,0.517584201431,0.541171672662,1,0.5,2022-01-01,0.559940431869,historical_prior,30
2022-01-22,2022-02-21,1,0.0552227426206,0.559940431869,0.564759143894,0.507039430335,0.535899287114,1,0.5,2022-01-01,0.559940431869,historical_prior,30
2022-01-23,2022-02-22,1,0.0547883750798,0.559940431869,0.564759143894,0.513929697457,0.539344420675,1,0.5,2022-01-01,0.559940431869,historical_prior,30
2022-01-24,2022-02-23,1,0.0160844072683,0.559940431869,0.564759143894,0.519192083634,0.541975613764,1,0.5,2022-01-01,0.559940431869,historical_prior,30
2022-01-25,2022-02-24,1,0.0370387506791,0.559940431869,0.564759143894,0.519755159192,0.542257151543,1,0.5,2022-01-01,0.559940431869,historical_prior,30
2022-01-26,2022-02-25,1,0.0654678948332,0.559940431869,0.564759143894,0.52119373729,0.542976440592,1,0.5,2022-01-01,0.559940431869,historical_prior,30
2022-01-27,2022-02-26,1,0.0526537872611,0.559940431869,0.564759143894,0.527378544168,0.546068844031,1,0.5,2022-01-01,0.559940431869,historical_prior,30
2022-01-28,2022-02-27,0,-0.000463722036156,0.559940431869,0.564759143894,0.545139868571,0.554949506232,1,0.5,2022-01-01,0.559940431869,historical_prior,30
2022-01-29,2022-02-28,1,0.130824558701,0.559940431869,0.564759143894,0.551191082784,0.557975113339,1,0.5,2022-01-01,0.559940431869,historical_prior,30
2022-01-30,2022-03-01,1,0.172627670942,0.559940431869,0.564759143894,0.54669466311,0.555726903502,1,0.5,2022-01-01,0.559940431869,historical_prior,30
2022-01-31,2022-03-02,1,0.141058416457,0.559940431869,0.564759143894,0.545497746534,0.555128445214,1,0.5,2022-01-01,0.559940431869,historical_prior,30
2022-02-01,2022-03-03,1,0.0971559590113,0.54730713246,0.552897975387,0.529074333854,0.540986154621,1,0.5,2022-02-01,0.54730713246,historical_prior,30
2022-02-02,2022-03-04,1,0.0610439620602,0.54730713246,0.552897975387,0.52283606229,0.537867018839,1,0.5,2022-02-01,0.54730713246,historical_prior,30
2022-02-03,2022-03-05,1,0.055916911653,0.54730713246,0.552897975387,0.524990470826,0.538944223107,1,0.5,2022-02-01,0.54730713246,historical_prior,30
2022-02-04,2022-03-06,0,-0.0758507970679,0.54730713246,0.552897975387,0.554424517923,0.553661246655,1,0.5,2022-02-01,0.54730713246,historical_prior,30
2022-02-05,2022-03-07,0,-0.0820294234846,0.54730713246,0.552897975387,0.552650297244,0.552774136316,1,0.5,2022-02-01,0.54730713246,historical_prior,30
2022-02-06,2022-03-08,0,-0.0861294258471,0.54730713246,0.552897975387,0.5603328128,0.556615394093,1,0.5,2022-02-01,0.54730713246,historical_prior,30
2022-02-07,2022-03-09,0,-0.0433001923586,0.54730713246,0.552897975387,0.565187920692,0.55904294804,1,0.5,2022-02-01,0.54730713246,historical_prior,30
2022-02-08,2022-03-10,0,-0.104919988402,0.54730713246,0.552897975387,0.565002218694,0.558950097041,1,0.5,2022-02-01,0.54730713246,historical_prior,30
2022-02-09,2022-03-11,0,-0.127176111809,0.54730713246,0.552897975387,0.572425557099,0.562661766243,1,0.5,2022-02-01,0.54730713246,historical_prior,30
2022-02-10,2022-03-12,0,-0.107783252681,0.54730713246,0.552897975387,0.565818830333,0.55935840286,1,0.5,2022-02-01,0.54730713246,historical_prior,30
2022-02-11,2022-03-13,0,-0.10847263151,0.54730713246,0.552897975387,0.545134785243,0.549016380315,1,0.5,2022-02-01,0.54730713246,historical_prior,30
2022-02-12,2022-03-14,0,-0.0603180596274,0.54730713246,0.552897975387,0.546769724332,0.54983384986,1,0.5,2022-02-01,0.54730713246,historical_prior,30
2022-02-13,2022-03-15,0,-0.0659474109982,0.54730713246,0.552897975387,0.542028584077,0.547463279732,1,0.5,2022-02-01,0.54730713246,historical_prior,30
2022-02-14,2022-03-16,0,-0.0334291425087,0.54730713246,0.552897975387,0.539911128863,0.546404552125,1,0.5,2022-02-01,0.54730713246,historical_prior,30
2022-02-15,2022-03-17,0,-0.0814226377634,0.54730713246,0.552897975387,0.549383968901,0.551140972144,1,0.5,2022-02-01,0.54730713246,historical_prior,30
2022-02-16,2022-03-18,0,-0.0482306427835,0.54730713246,0.552897975387,0.546932210614,0.549915093,1,0.5,2022-02-01,0.54730713246,historical_prior,30
2022-02-17,2022-03-19,1,0.041599429357,0.54730713246,0.552897975387,0.537546091977,0.545222033682,1,0.5,2022-02-01,0.54730713246,historical_prior,30
2022-02-18,2022-03-20,1,0.0322123336812,0.54730713246,0.552897975387,0.539496151708,0.546197063548,1,0.5,2022-02-01,0.54730713246,historical_prior,30
2022-02-19,2022-03-21,1,0.0230314150717,0.54730713246,0.552897975387,0.541954684142,0.547426329765,1,0.5,2022-02-01,0.54730713246,historical_prior,30
2022-02-20,2022-03-22,1,0.103609331207,0.54730713246,0.552897975387,0.536266222269,0.544582098828,1,0.5,2022-02-01,0.54730713246,historical_prior,30
2022-02-21,2022-03-23,1,0.158737964816,0.54730713246,0.552897975387,0.530480234987,0.541689105187,1,0.5,2022-02-01,0.54730713246,historical_prior,30
2022-02-22,2022-03-24,1,0.150695272575,0.54730713246,0.552897975387,0.528352144846,0.540625060117,1,0.5,2022-02-01,0.54730713246,historical_prior,30
2022-02-23,2022-03-25,1,0.189614714197,0.54730713246,0.552897975387,0.524827840128,0.538862907758,1,0.5,2022-02-01,0.54730713246,historical_prior,30
2022-02-24,2022-03-26,1,0.161349078109,0.54730713246,0.552897975387,0.540432640046,0.546665307717,1,0.5,2022-02-01,0.54730713246,historical_prior,30
2022-02-25,2022-03-27,1,0.194001810849,0.54730713246,0.552897975387,0.547124292167,0.550011133777,1,0.5,2022-02-01,0.54730713246,historical_prior,30
2022-02-26,2022-03-28,1,0.204656474265,0.54730713246,0.552897975387,0.545561044733,0.54922951006,1,0.5,2022-02-01,0.54730713246,historical_prior,30
2022-02-27,2022-03-29,1,0.258248545654,0.54730713246,0.552897975387,0.543643770738,0.548270873063,1,0.5,2022-02-01,0.54730713246,historical_prior,30
2022-02-28,2022-03-30,1,0.090546570899,0.54730713246,0.552897975387,0.582073144235,0.567485559811,1,0.5,2022-02-01,0.54730713246,historical_prior,30
2022-03-01,2022-03-31,1,0.0245184731615,0.547075606277,0.552061340942,0.581881685055,0.566971512998,1,0.5,2022-03-01,0.547075606277,historical_prior,30
2022-03-02,2022-04-01,1,0.0544622397477,0.547075606277,0.552061340942,0.581800639784,0.566930990363,1,0.5,2022-03-01,0.547075606277,historical_prior,30
2022-03-03,2022-04-02,1,0.0790738210769,0.547075606277,0.552061340942,0.573337140713,0.562699240827,1,0.5,2022-03-01,0.547075606277,historical_prior,30
2022-03-04,2022-04-03,1,0.185413498189,0.547075606277,0.552061340942,0.562243915452,0.557152628197,1,0.5,2022-03-01,0.547075606277,historical_prior,30
2022-03-05,2022-04-04,1,0.18230766263,0.547075606277,0.552061340942,0.562825160226,0.557443250584,1,0.5,2022-03-01,0.547075606277,historical_prior,30
2022-03-06,2022-04-05,1,0.184190286462,0.547075606277,0.552061340942,0.549943537225,0.551002439083,1,0.5,2022-03-01,0.547075606277,historical_prior,30
2022-03-07,2022-04-06,1,0.136423870696,0.547075606277,0.552061340942,0.532786276295,0.542423808618,1,0.5,2022-03-01,0.547075606277,historical_prior,30
2022-03-08,2022-04-07,1,0.121701092908,0.547075606277,0.552061340942,0.53107478727,0.541568064106,1,0.5,2022-03-01,0.547075606277,historical_prior,30
2022-03-09,2022-04-08,1,0.00739836310918,0.547075606277,0.552061340942,0.546641164654,0.549351252798,1,0.5,2022-03-01,0.547075606277,historical_prior,30
2022-03-10,2022-04-09,1,0.0845205722693,0.547075606277,0.552061340942,0.540972220681,0.546516780811,1,0.5,2022-03-01,0.547075606277,historical_prior,30
2022-03-11,2022-04-10,1,0.0885442311908,0.547075606277,0.552061340942,0.546663898336,0.549362619639,1,0.5,2022-03-01,0.547075606277,historical_prior,30
2022-03-12,2022-04-11,1,0.0186328057358,0.547075606277,0.552061340942,0.547570103394,0.549815722168,1,0.5,2022-03-01,0.547075606277,historical_prior,30
2022-03-13,2022-04-12,1,0.0608195283204,0.547075606277,0.552061340942,0.547576870243,0.549819105592,1,0.5,2022-03-01,0.547075606277,historical_prior,30
2022-03-14,2022-04-13,1,0.0372162594839,0.547075606277,0.552061340942,0.558806838356,0.555434089649,1,0.5,2022-03-01,0.547075606277,historical_prior,30
2022-03-15,2022-04-14,1,0.0168544918029,0.547075606277,0.552061340942,0.555189382639,0.55362536179,1,0.5,2022-03-01,0.547075606277,historical_prior,30
2022-03-16,2022-04-15,0,-0.0136717419857,0.547075606277,0.552061340942,0.554137240833,0.553099290887,1,0.5,2022-03-01,0.547075606277,historical_prior,30
2022-03-17,2022-04-16,0,-0.0131773624746,0.547075606277,0.552061340942,0.556128781219,0.55409506108,1,0.5,2022-03-01,0.547075606277,historical_prior,30
2022-03-18,2022-04-17,0,-0.0497967910443,0.547075606277,0.552061340942,0.562802535265,0.557431938103,1,0.5,2022-03-01,0.547075606277,historical_prior,30
2022-03-19,2022-04-18,0,-0.0331744671292,0.547075606277,0.552061340942,0.56698979668,0.559525568811,1,0.5,2022-03-01,0.547075606277,historical_prior,30
2022-03-20,2022-04-19,1,0.00560005292992,0.547075606277,0.552061340942,0.567251973557,0.559656657249,1,0.5,2022-03-01,0.547075606277,historical_prior,30
2022-03-21,2022-04-20,1,0.00868098701901,0.547075606277,0.552061340942,0.560512664601,0.556287002771,1,0.5,2022-03-01,0.547075606277,historical_prior,30
2022-03-22,2022-04-21,0,-0.0444744173904,0.547075606277,0.50914351572,0.569602313113,0.539372914416,1,0.5,2022-03-01,0.547075606277,historical_prior,30
2022-03-23,2022-04-22,0,-0.0740059641684,0.547075606277,0.50914351572,0.568292476143,0.538717995932,1,0.5,2022-03-01,0.547075606277,historical_prior,30
2022-03-24,2022-04-23,0,-0.103425983134,0.547075606277,0.50914351572,0.570755243133,0.539949379427,1,0.5,2022-03-01,0.547075606277,historical_prior,30
2022-03-25,2022-04-24,0,-0.109742342907,0.547075606277,0.50914351572,0.571005002472,0.540074259096,1,0.5,2022-03-01,0.547075606277,historical_prior,30
2022-03-26,2022-04-25,0,-0.0917787787228,0.547075606277,0.50914351572,0.5683850082,0.53876426196,1,0.5,2022-03-01,0.547075606277,historical_prior,30
2022-03-27,2022-04-26,0,-0.186109905748,0.547075606277,0.50914351572,0.578624124936,0.543883820328,1,0.5,2022-03-01,0.547075606277,historical_prior,30
2022-03-28,2022-04-27,0,-0.167362481513,0.547075606277,0.50914351572,0.58048965741,0.544816586565,1,0.5,2022-03-01,0.547075606277,historical_prior,30
2022-03-29,2022-04-28,0,-0.162174816801,0.547075606277,0.50914351572,0.579555509416,0.544349512568,1,0.5,2022-03-01,0.547075606277,historical_prior,30
2022-03-30,2022-04-29,0,-0.179992389732,0.547075606277,0.50914351572,0.558751018534,0.533947267127,1,0.5,2022-03-01,0.547075606277,historical_prior,30
2022-03-31,2022-04-30,0,-0.173137357357,0.547075606277,0.50914351572,0.548421488113,0.528782501916,1,0.5,2022-03-01,0.547075606277,historical_prior,30
2022-04-01,2022-05-01,0,-0.168853731644,0.547801814375,0.509328144898,0.551569920558,0.530449032728,1,0.5,2022-04-01,0.547801814375,historical_prior,30
2022-04-02,2022-05-02,0,-0.159041278296,0.547801814375,0.509328144898,0.551245112634,0.530286628766,1,0.5,2022-04-01,0.547801814375,historical_prior,30
2022-04-03,2022-05-03,0,-0.187004860221,0.547801814375,0.509328144898,0.549432742943,0.52938044392,1,0.5,2022-04-01,0.547801814375,historical_prior,30
2022-04-04,2022-05-04,0,-0.147926890453,0.547801814375,0.509328144898,0.5489600637,0.529144104299,1,0.5,2022-04-01,0.547801814375,historical_prior,30
2022-04-05,2022-05-05,0,-0.196594761696,0.547801814375,0.509328144898,0.546406999759,0.527867572328,1,0.5,2022-04-01,0.547801814375,historical_prior,30
2022-04-06,2022-05-06,0,-0.165777671635,0.547801814375,0.509328144898,0.541877799686,0.525602972292,1,0.5,2022-04-01,0.547801814375,historical_prior,30
2022-04-07,2022-05-07,0,-0.183495192338,0.547801814375,0.509328144898,0.544559120745,0.526943632821,1,0.5,2022-04-01,0.547801814375,historical_prior,30
2022-04-08,2022-05-08,0,-0.194395722239,0.547801814375,0.509328144898,0.529339180564,0.519333662731,1,0.5,2022-04-01,0.547801814375,historical_prior,30
2022-04-09,2022-05-09,0,-0.296525913266,0.547801814375,0.509328144898,0.533522701662,0.52142542328,1,0.5,2022-04-01,0.547801814375,historical_prior,30
2022-04-10,2022-05-10,0,-0.264280216372,0.547801814375,0.553569196979,0.531231188081,0.54240019253,1,0.5,2022-04-01,0.547801814375,historical_prior,30
2022-04-11,2022-05-11,0,-0.263758950379,0.547801814375,0.553569196979,0.52403959645,0.538804396715,1,0.5,2022-04-01,0.547801814375,historical_prior,30
2022-04-12,2022-05-12,0,-0.275613388317,0.547801814375,0.553569196979,0.529893986862,0.54173159192,1,0.5,2022-04-01,0.547801814375,historical_prior,30
2022-04-13,2022-05-13,0,-0.288247315348,0.547801814375,0.553569196979,0.534369444501,0.54396932074,1,0.5,2022-04-01,0.547801814375,historical_prior,30
2022-04-14,2022-05-14,0,-0.246746438244,0.547801814375,0.553569196979,0.530435045841,0.54200212141,1,0.5,2022-04-01,0.547801814375,historical_prior,30
2022-04-15,2022-05-15,0,-0.227437185434,0.547801814375,0.553569196979,0.530794364747,0.542181780863,1,0.5,2022-04-01,0.547801814375,historical_prior,30
2022-04-16,2022-05-16,0,-0.260154422962,0.547801814375,0.553569196979,0.529320656198,0.541444926589,1,0.5,2022-04-01,0.547801814375,historical_prior,30
2022-04-17,2022-05-17,0,-0.232702305452,0.547801814375,0.553569196979,0.526323903063,0.539946550021,1,0.5,2022-04-01,0.547801814375,historical_prior,30
2022-04-18,2022-05-18,0,-0.296212629405,0.547801814375,0.553569196979,0.536722995412,0.545146096196,1,0.5,2022-04-01,0.547801814375,historical_prior,30
2022-04-19,2022-05-19,0,-0.26929606263,0.547801814375,0.553569196979,0.539478888543,0.546524042761,1,0.5,2022-04-01,0.547801814375,historical_prior,30
2022-04-20,2022-05-20,0,-0.293948550456,0.547801814375,0.553569196979,0.536846485029,0.545207841004,1,0.5,2022-04-01,0.547801814375,historical_prior,30
2022-04-21,2022-05-21,0,-0.27260245242,0.547801814375,0.553569196979,0.533476985507,0.543523091243,1,0.5,2022-04-01,0.547801814375,historical_prior,30
2022-04-22,2022-05-22,0,-0.237104870964,0.547801814375,0.553569196979,0.528199075785,0.540884136382,1,0.5,2022-04-01,0.547801814375,historical_prior,30
2022-04-23,2022-05-23,0,-0.261968327857,0.547801814375,0.553569196979,0.525057101458,0.539313149219,1,0.5,2022-04-01,0.547801814375,historical_prior,30
2022-04-24,2022-05-24,0,-0.24830209685,0.547801814375,0.509328144898,0.526154858952,0.517741501925,1,0.5,2022-04-01,0.547801814375,historical_prior,30
2022-04-25,2022-05-25,0,-0.269230407697,0.547801814375,0.509328144898,0.527558456464,0.518443300681,1,0.5,2022-04-01,0.547801814375,historical_prior,30
2022-04-26,2022-05-26,0,-0.233814757043,0.547801814375,0.553569196979,0.512878465652,0.533223831316,1,0.5,2022-04-01,0.547801814375,historical_prior,30
2022-04-27,2022-05-27,0,-0.270312867968,0.547801814375,0.509328144898,0.51817941947,0.513753782184,1,0.5,2022-04-01,0.547801814375,historical_prior,30
2022-04-28,2022-05-28,0,-0.269506344285,0.547801814375,0.509328144898,0.521930622044,0.515629383471,1,0.5,2022-04-01,0.547801814375,historical_prior,30
2022-04-29,2022-05-29,0,-0.236500776892,0.547801814375,0.553569196979,0.52013262599,0.536850911484,1,0.5,2022-04-01,0.547801814375,historical_prior,30
2022-04-30,2022-05-30,0,-0.156695579153,0.547801814375,0.553569196979,0.518875431771,0.536222314375,1,0.5,2022-04-01,0.547801814375,historical_prior,30
2022-05-01,2022-05-31,0,-0.17331936514,0.547505126452,0.49526225654,0.521757374565,0.508509815553,1,0.5,2022-05-01,0.547505126452,historical_prior,30
2022-05-02,2022-06-01,0,-0.22632819695,0.547505126452,0.561099019018,0.520607279034,0.540853149026,1,0.5,2022-05-01,0.547505126452,historical_prior,30
2022-05-03,2022-06-02,0,-0.192858004265,0.547505126452,0.561099019018,0.521589343908,0.541344181463,1,0.5,2022-05-01,0.547505126452,historical_prior,30
2022-05-04,2022-06-03,0,-0.251695389267,0.547505126452,0.561099019018,0.528400410952,0.544749714985,1,0.5,2022-05-01,0.547505126452,historical_prior,30
2022-05-05,2022-06-04,0,-0.18299279101,0.547505126452,0.561099019018,0.520928227934,0.541013623476,1,0.5,2022-05-01,0.547505126452,historical_prior,30
2022-05-06,2022-06-05,0,-0.169228603393,0.547505126452,0.561099019018,0.523444402942,0.54227171098,1,0.5,2022-05-01,0.547505126452,historical_prior,30
2022-05-07,2022-06-06,0,-0.115562836336,0.547505126452,0.561099019018,0.522910149261,0.542004584139,1,0.5,2022-05-01,0.547505126452,historical_prior,30
2022-05-08,2022-06-07,0,-0.0855818722384,0.547505126452,0.561099019018,0.517502941116,0.539300980067,1,0.5,2022-05-01,0.547505126452,historical_prior,30
2022-05-09,2022-06-08,1,0.00427113565461,0.547505126452,0.561099019018,0.506379228202,0.53373912361,1,0.5,2022-05-01,0.547505126452,historical_prior,30
2022-05-10,2022-06-09,0,-0.0292474151355,0.547505126452,0.561099019018,0.51439569482,0.537747356919,1,0.5,2022-05-01,0.547505126452,historical_prior,30
2022-05-11,2022-06-10,0,-0.000414376885054,0.547505126452,0.561099019018,0.50525998316,0.533179501089,1,0.5,2022-05-01,0.547505126452,historical_prior,30
2022-05-12,2022-06-11,0,-0.0208424116639,0.547505126452,0.561099019018,0.510584535482,0.53584177725,1,0.5,2022-05-01,0.547505126452,historical_prior,30
2022-05-13,2022-06-12,0,-0.0926184098433,0.547505126452,0.561099019018,0.510757430196,0.535928224607,1,0.5,2022-05-01,0.547505126452,historical_prior,30
2022-05-14,2022-06-13,0,-0.252580704988,0.547505126452,0.561099019018,0.518423044939,0.539761031978,1,0.5,2022-05-01,0.547505126452,historical_prior,30
2022-05-15,2022-06-14,0,-0.293418630536,0.547505126452,0.561099019018,0.527654038953,0.544376528986,1,0.5,2022-05-01,0.547505126452,historical_prior,30
2022-05-16,2022-06-15,0,-0.244034530349,0.547505126452,0.561099019018,0.532261156405,0.546680087711,1,0.5,2022-05-01,0.547505126452,historical_prior,30
2022-05-17,2022-06-16,0,-0.329894665549,0.547505126452,0.561099019018,0.533911940821,0.547505479919,1,0.5,2022-05-01,0.547505126452,historical_prior,30
2022-05-18,2022-06-17,0,-0.287181546297,0.547505126452,0.561099019018,0.529408332279,0.545253675648,1,0.5,2022-05-01,0.547505126452,historical_prior,30
2022-05-19,2022-06-18,0,-0.374298423806,0.547505126452,0.561099019018,0.538005704315,0.549552361666,1,0.5,2022-05-01,0.547505126452,historical_prior,30
2022-05-20,2022-06-19,0,-0.29543532912,0.547505126452,0.561099019018,0.53237978221,0.546739400614,1,0.5,2022-05-01,0.547505126452,historical_prior,30
2022-05-21,2022-06-20,0,-0.301278720437,0.547505126452,0.561099019018,0.532850225837,0.546974622427,1,0.5,2022-05-01,0.547505126452,historical_prior,30
2022-05-22,2022-06-21,0,-0.31591862927,0.547505126452,0.561099019018,0.535440383524,0.548269701271,1,0.5,2022-05-01,0.547505126452,historical_prior,30
2022-05-23,2022-06-22,0,-0.313343398897,0.547505126452,0.561099019018,0.534578908287,0.547838963653,1,0.5,2022-05-01,0.547505126452,historical_prior,30
2022-05-24,2022-06-23,0,-0.288132558276,0.547505126452,0.561099019018,0.53593685008,0.548517934549,1,0.5,2022-05-01,0.547505126452,historical_prior,30
2022-05-25,2022-06-24,0,-0.281105471335,0.547505126452,0.561099019018,0.538100420157,0.549599719588,1,0.5,2022-05-01,0.547505126452,historical_prior,30
2022-05-26,2022-06-25,0,-0.264034368274,0.547505126452,0.561099019018,0.534631640756,0.547865329887,1,0.5,2022-05-01,0.547505126452,historical_prior,30
2022-05-27,2022-06-26,0,-0.265168810121,0.547505126452,0.561099019018,0.53228825587,0.546693637444,1,0.5,2022-05-01,0.547505126452,historical_prior,30
2022-05-28,2022-06-27,0,-0.285511204619,0.547505126452,0.561099019018,0.532716468241,0.546907743629,1,0.5,2022-05-01,0.547505126452,historical_prior,30
2022-05-29,2022-06-28,0,-0.311754405611,0.547505126452,0.561099019018,0.534508643106,0.547803831062,1,0.5,2022-05-01,0.547505126452,historical_prior,30
2022-05-30,2022-06-29,0,-0.365889251414,0.547505126452,0.561099019018,0.553023338435,0.557061178727,1,0.5,2022-05-01,0.547505126452,historical_prior,30
2022-05-31,2022-06-30,0,-0.37290698669,0.547505126452,0.561099019018,0.549950070435,0.555524544727,1,0.5,2022-05-01,0.547505126452,historical_prior,30
2022-06-01,2022-07-01,0,-0.353153393145,0.536144578313,0.545288940192,0.531207022293,0.538247981242,1,0.5,2022-06-01,0.536144578313,historical_prior,30
2022-06-02,2022-07-02,0,-0.367778207589,0.536144578313,0.545288940192,0.537454094869,0.54137151753,1,0.5,2022-06-01,0.536144578313,historical_prior,30
2022-06-03,2022-07-03,0,-0.349639952041,0.536144578313,0.545288940192,0.530417960848,0.53785345052,1,0.5,2022-06-01,0.536144578313,historical_prior,30
2022-06-04,2022-07-04,0,-0.322371989858,0.536144578313,0.545288940192,0.532414691694,0.538851815943,1,0.5,2022-06-01,0.536144578313,historical_prior,30
2022-06-05,2022-07-05,0,-0.325656325819,0.536144578313,0.545288940192,0.532191564394,0.538740252293,1,0.5,2022-06-01,0.536144578313,historical_prior,30
2022-06-06,2022-07-06,0,-0.344517755657,0.536144578313,0.545288940192,0.534865823199,0.540077381696,1,0.5,2022-06-01,0.536144578313,historical_prior,30
2022-06-07,2022-07-07,0,-0.305228892352,0.536144578313,0.545288940192,0.535319419103,0.540304179647,1,0.5,2022-06-01,0.536144578313,historical_prior,30
2022-06-08,2022-07-08,0,-0.285054976416,0.536144578313,0.545288940192,0.536588658694,0.540938799443,1,0.5,2022-06-01,0.536144578313,historical_prior,30
2022-06-09,2022-07-09,0,-0.282900026669,0.536144578313,0.545288940192,0.531311773355,0.538300356773,1,0.5,2022-06-01,0.536144578313,historical_prior,30
2022-06-10,2022-07-10,0,-0.282876527746,0.536144578313,0.545288940192,0.530553695139,0.537921317666,1,0.5,2022-06-01,0.536144578313,historical_prior,30
2022-06-11,2022-07-11,0,-0.297666817944,0.536144578313,0.545288940192,0.526824115268,0.53605652773,1,0.5,2022-06-01,0.536144578313,historical_prior,30
2022-06-12,2022-07-12,0,-0.272658820307,0.536144578313,0.545288940192,0.518061933704,0.531675436948,1,0.5,2022-06-01,0.536144578313,historical_prior,30
2022-06-13,2022-07-13,0,-0.100168938975,0.536144578313,0.545288940192,0.498736447505,0.522012693848,1,0.5,2022-06-01,0.536144578313,historical_prior,30
2022-06-14,2022-07-14,0,-0.0699106133289,0.536144578313,0.545288940192,0.493064722339,0.519176831265,1,0.5,2022-06-01,0.536144578313,historical_prior,30
2022-06-15,2022-07-15,0,-0.0776523973907,0.536144578313,0.545288940192,0.502057868984,0.523673404588,1,0.5,2022-06-01,0.536144578313,historical_prior,30
2022-06-16,2022-07-16,1,0.0389332841862,0.536144578313,0.545288940192,0.488490068886,0.516889504539,1,0.5,2022-06-01,0.536144578313,historical_prior,30
2022-06-17,2022-07-17,1,0.0160903345138,0.536144578313,0.545288940192,0.495252391774,0.520270665983,1,0.5,2022-06-01,0.536144578313,historical_prior,30
2022-06-18,2022-07-18,1,0.182480012693,0.536144578313,0.545288940192,0.481589304662,0.513439122427,1,0.5,2022-06-01,0.536144578313,historical_prior,30
2022-06-19,2022-07-19,1,0.137193545251,0.536144578313,0.545288940192,0.507487803173,0.526388371683,1,0.5,2022-06-01,0.536144578313,historical_prior,30
2022-06-20,2022-07-20,1,0.12877535556,0.536144578313,0.545288940192,0.52328550566,0.534287222926,1,0.5,2022-06-01,0.536144578313,historical_prior,30
2022-06-21,2022-07-21,1,0.117193893701,0.536144578313,0.545288940192,0.523526977954,0.534407959073,1,0.5,2022-06-01,0.536144578313,historical_prior,30
2022-06-22,2022-07-22,1,0.134923021274,0.536144578313,0.545288940192,0.518262718738,0.531775829465,1,0.5,2022-06-01,0.536144578313,historical_prior,30
2022-06-23,2022-07-23,1,0.0635211625888,0.536144578313,0.545288940192,0.537417880016,0.541353410104,1,0.5,2022-06-01,0.536144578313,historical_prior,30
2022-06-24,2022-07-24,1,0.0631890756481,0.536144578313,0.545288940192,0.538397254031,0.541843097111,1,0.5,2022-06-01,0.536144578313,historical_prior,30
2022-06-25,2022-07-25,0,-0.00838901894218,0.536144578313,0.545288940192,0.548674639305,0.546981789749,1,0.5,2022-06-01,0.536144578313,historical_prior,30
2022-06-26,2022-07-26,1,0.0102956212238,0.536144578313,0.545288940192,0.538648379185,0.541968659688,1,0.5,2022-06-01,0.536144578313,historical_prior,30
2022-06-27,2022-07-27,1,0.106538922872,0.536144578313,0.545288940192,0.535197584316,0.540243262254,1,0.5,2022-06-01,0.536144578313,historical_prior,30
2022-06-28,2022-07-28,1,0.175612103569,0.536144578313,0.545288940192,0.529619093217,0.537454016705,1,0.5,2022-06-01,0.536144578313,historical_prior,30
2022-06-29,2022-07-29,1,0.181421169099,0.536144578313,0.545288940192,0.523437994678,0.534363467435,1,0.5,2022-06-01,0.536144578313,historical_prior,30
2022-06-30,2022-07-30,1,0.185601294942,0.536144578313,0.545288940192,0.516312829577,0.530800884884,1,0.5,2022-06-01,0.536144578313,historical_prior,30
2022-07-01,2022-07-31,1,0.208172283945,0.52624671916,0.52200888929,0.494898809467,0.508453849379,1,0.5,2022-07-01,0.52624671916,historical_prior,30
2022-07-02,2022-08-01,1,0.208551375098,0.52624671916,0.52200888929,0.491210989479,0.506609939385,1,0.5,2022-07-01,0.52624671916,historical_prior,30
2022-07-03,2022-08-02,1,0.19010107254,0.52624671916,0.52200888929,0.495968354366,0.508988621828,1,0.5,2022-07-01,0.52624671916,historical_prior,30
2022-07-04,2022-08-03,1,0.127573108475,0.52624671916,0.52200888929,0.506712611573,0.514360750431,1,0.5,2022-07-01,0.52624671916,historical_prior,30
2022-07-05,2022-08-04,1,0.12129116869,0.52624671916,0.52200888929,0.508170815567,0.515089852429,1,0.5,2022-07-01,0.52624671916,historical_prior,30
2022-07-06,2022-08-05,1,0.133623898649,0.52624671916,0.52200888929,0.507182531901,0.514595710595,1,0.5,2022-07-01,0.52624671916,historical_prior,30
2022-07-07,2022-08-06,1,0.0614673400854,0.52624671916,0.52200888929,0.519523623953,0.520766256622,1,0.5,2022-07-01,0.52624671916,historical_prior,30
2022-07-08,2022-08-07,1,0.0731492608157,0.52624671916,0.52200888929,0.524882288023,0.523445588656,1,0.5,2022-07-01,0.52624671916,historical_prior,30
2022-07-09,2022-08-08,1,0.10273191295,0.52624671916,0.52200888929,0.525268251767,0.523638570528,1,0.5,2022-07-01,0.52624671916,historical_prior,30
2022-07-10,2022-08-09,1,0.109645693918,0.52624671916,0.52200888929,0.521646460406,0.521827674848,1,0.5,2022-07-01,0.52624671916,historical_prior,30
2022-07-11,2022-08-10,1,0.199885692017,0.52624671916,0.52200888929,0.511603145919,0.516806017605,1,0.5,2022-07-01,0.52624671916,historical_prior,30
2022-07-12,2022-08-11,1,0.238279247235,0.52624671916,0.52200888929,0.510298658213,0.516153773751,1,0.5,2022-07-01,0.52624671916,historical_prior,30
2022-07-13,2022-08-12,1,0.206021091314,0.52624671916,0.52200888929,0.517675707491,0.51984229839,1,0.5,2022-07-01,0.52624671916,historical_prior,30
2022-07-14,2022-08-13,1,0.187117875509,0.52624671916,0.52200888929,0.517219436314,0.519614162802,1,0.5,2022-07-01,0.52624671916,historical_prior,30
2022-07-15,2022-08-14,1,0.166835973431,0.52624671916,0.52200888929,0.517608323057,0.519808606174,1,0.5,2022-07-01,0.52624671916,historical_prior,30
2022-07-16,2022-08-15,1,0.13678404952,0.52624671916,0.52200888929,0.522485531514,0.522247210402,1,0.5,2022-07-01,0.52624671916,historical_prior,30
2022-07-17,2022-08-16,1,0.146963962197,0.52624671916,0.52200888929,0.522507313735,0.522258101512,1,0.5,2022-07-01,0.52624671916,historical_prior,30
2022-07-18,2022-08-17,1,0.040569564446,0.52624671916,0.52200888929,0.545436271793,0.533722580541,1,0.5,2022-07-01,0.52624671916,historical_prior,30
2022-07-19,2022-08-18,0,-0.00877990068651,0.52624671916,0.52200888929,0.546245602602,0.534127245946,1,0.5,2022-07-01,0.52624671916,historical_prior,30
2022-07-20,2022-08-19,0,-0.10286694828,0.52624671916,0.52200888929,0.54060736613,0.53130812771,1,0.5,2022-07-01,0.52624671916,historical_prior,30
2022-07-21,2022-08-20,0,-0.0869084090965,0.52624671916,0.52200888929,0.537832789098,0.529920839194,1,0.5,2022-07-01,0.52624671916,historical_prior,30
2022-07-22,2022-08-21,0,-0.05154193353,0.52624671916,0.52200888929,0.535245178733,0.528627034011,1,0.5,2022-07-01,0.52624671916,historical_prior,30
2022-07-23,2022-08-22,0,-0.0468236035075,0.52624671916,0.52200888929,0.525400389811,0.523704639551,1,0.5,2022-07-01,0.52624671916,historical_prior,30
2022-07-24,2022-08-23,0,-0.0465267886879,0.52624671916,0.52200888929,0.527763591657,0.524886240473,1,0.5,2022-07-01,0.52624671916,historical_prior,30
2022-07-25,2022-08-24,1,0.00268313398308,0.52624671916,0.52200888929,0.511802416283,0.516905652786,1,0.5,2022-07-01,0.52624671916,historical_prior,30
2022-07-26,2022-08-25,1,0.0143201470547,0.52624671916,0.52200888929,0.50857936821,0.51529412875,1,0.5,2022-07-01,0.52624671916,historical_prior,30
2022-07-27,2022-08-26,0,-0.118131179896,0.52624671916,0.52200888929,0.527896436229,0.524952662759,1,0.5,2022-07-01,0.52624671916,historical_prior,30
2022-07-28,2022-08-27,0,-0.15959993172,0.52624671916,0.52200888929,0.536944154391,0.529476521841,1,0.5,2022-07-01,0.52624671916,historical_prior,30
2022-07-29,2022-08-28,0,-0.177428466271,0.52624671916,0.52200888929,0.538962545518,0.530485717404,1,0.5,2022-07-01,0.52624671916,historical_prior,30
2022-07-30,2022-08-29,0,-0.142016984788,0.52624671916,0.52200888929,0.539659674426,0.530834281858,1,0.5,2022-07-01,0.52624671916,historical_prior,30
2022-07-31,2022-08-30,0,-0.149470320246,0.52624671916,0.52200888929,0.538395533184,0.530202211237,1,0.5,2022-07-01,0.52624671916,historical_prior,30
2022-08-01,2022-08-31,0,-0.138301040785,0.52540192926,0.520282817055,0.540962642091,0.530622729573,1,0.5,2022-08-01,0.52540192926,historical_prior,30
2022-08-02,2022-09-01,0,-0.124254223655,0.52540192926,0.520282817055,0.539267832589,0.529775324822,1,0.5,2022-08-01,0.52540192926,historical_prior,30
2022-08-03,2022-09-02,0,-0.125622908209,0.52540192926,0.520282817055,0.526765898431,0.523524357743,1,0.5,2022-08-01,0.52540192926,historical_prior,30
2022-08-04,2022-09-03,0,-0.123373666953,0.52540192926,0.520282817055,0.522316217886,0.521299517471,1,0.5,2022-08-01,0.52540192926,historical_prior,30
2022-08-05,2022-09-04,0,-0.142075340098,0.52540192926,0.520282817055,0.526304482577,0.523293649816,1,0.5,2022-08-01,0.52540192926,historical_prior,30
2022-08-06,2022-09-05,0,-0.137550802228,0.52540192926,0.520282817055,0.519223852493,0.519753334774,1,0.5,2022-08-01,0.52540192926,historical_prior,30
2022-08-07,2022-09-06,0,-0.189164849647,0.52540192926,0.520282817055,0.522202926974,0.521242872015,1,0.5,2022-08-01,0.52540192926,historical_prior,30
2022-08-08,2022-09-07,0,-0.189716925661,0.52540192926,0.520282817055,0.527064788239,0.523673802647,1,0.5,2022-08-01,0.52540192926,historical_prior,30
2022-08-09,2022-09-08,0,-0.165450897302,0.52540192926,0.520282817055,0.525827408456,0.523055112756,1,0.5,2022-08-01,0.52540192926,historical_prior,30
2022-08-10,2022-09-09,0,-0.10828816004,0.52540192926,0.520282817055,0.533957748552,0.527120282804,1,0.5,2022-08-01,0.52540192926,historical_prior,30
2022-08-11,2022-09-10,0,-0.0955131925234,0.52540192926,0.520282817055,0.535778593811,0.528030705433,1,0.5,2022-08-01,0.52540192926,historical_prior,30
2022-08-12,2022-09-11,0,-0.105591042007,0.52540192926,0.520282817055,0.531774316248,0.526028566652,1,0.5,2022-08-01,0.52540192926,historical_prior,30
2022-08-13,2022-09-12,0,-0.0836957651327,0.52540192926,0.520282817055,0.532030256893,0.526156536974,1,0.5,2022-08-01,0.52540192926,historical_prior,30
2022-08-14,2022-09-13,0,-0.169990915539,0.52540192926,0.520282817055,0.529514792665,0.52489880486,1,0.5,2022-08-01,0.52540192926,historical_prior,30
2022-08-15,2022-09-14,0,-0.160536995089,0.52540192926,0.471656544004,0.52447663404,0.498066589022,1,0.5,2022-08-01,0.52540192926,historical_prior,30
2022-08-16,2022-09-15,0,-0.174089510093,0.52540192926,0.471656544004,0.526465773729,0.499061158867,1,0.5,2022-08-01,0.52540192926,historical_prior,30
2022-08-17,2022-09-16,0,-0.151626249965,0.52540192926,0.471656544004,0.510310568304,0.490983556154,1,0.5,2022-08-01,0.52540192926,historical_prior,30
2022-08-18,2022-09-17,0,-0.13270464659,0.52540192926,0.471656544004,0.504655585372,0.488156064688,1,0.5,2022-08-01,0.52540192926,historical_prior,30
2022-08-19,2022-09-18,0,-0.0680706274578,0.52540192926,0.471656544004,0.495787615362,0.483722079683,1,0.5,2022-08-01,0.52540192926,historical_prior,30
2022-08-20,2022-09-19,0,-0.0758299286615,0.52540192926,0.471656544004,0.498436944156,0.48504674408,1,0.5,2022-08-01,0.52540192926,historical_prior,30
2022-08-21,2022-09-20,0,-0.122729962107,0.52540192926,0.471656544004,0.503289109475,0.487472826739,1,0.5,2022-08-01,0.52540192926,historical_prior,30
2022-08-22,2022-09-21,0,-0.137312773045,0.52540192926,0.471656544004,0.503903090778,0.487779817391,1,0.5,2022-08-01,0.52540192926,historical_prior,30
2022-08-23,2022-09-22,0,-0.098819180719,0.52540192926,0.471656544004,0.505335152199,0.488495848102,1,0.5,2022-08-01,0.52540192926,historical_prior,30
2022-08-24,2022-09-23,0,-0.097255813344,0.52540192926,0.471656544004,0.507780262675,0.489718403339,1,0.5,2022-08-01,0.52540192926,historical_prior,30
2022-08-25,2022-09-24,0,-0.122386711097,0.52540192926,0.471656544004,0.510022968545,0.490839756274,1,0.5,2022-08-01,0.52540192926,historical_prior,30
2022-08-26,2022-09-25,0,-0.0708298235516,0.52540192926,0.520282817055,0.501788933935,0.511035875495,1,0.5,2022-08-01,0.52540192926,historical_prior,30
2022-08-27,2022-09-26,0,-0.0404130235158,0.52540192926,0.520282817055,0.494532478129,0.507407647592,1,0.5,2022-08-01,0.52540192926,historical_prior,30
2022-08-28,2022-09-27,0,-0.02436538671,0.52540192926,0.520282817055,0.489588298944,0.504935558,1,0.5,2022-08-01,0.52540192926,historical_prior,30
2022-08-29,2022-09-28,0,-0.0430307413142,0.52540192926,0.520282817055,0.497834406922,0.509058611989,1,0.5,2022-08-01,0.52540192926,historical_prior,30
2022-08-30,2022-09-29,0,-0.0111121430511,0.52540192926,0.520282817055,0.494814390473,0.507548603764,1,0.5,2022-08-01,0.52540192926,historical_prior,30
2022-08-31,2022-09-30,0,-0.0312922381125,0.52540192926,0.520282817055,0.497689208456,0.508986012756,1,0.5,2022-08-01,0.52540192926,historical_prior,30
2022-09-01,2022-10-01,0,-0.0407576002933,0.52711223203,0.472063758949,0.501601035445,0.486832397197,1,0.5,2022-09-01,0.52711223203,historical_prior,30
2022-09-02,2022-10-02,0,-0.0448609803798,0.52711223203,0.472063758949,0.506231463797,0.489147611373,1,0.5,2022-09-01,0.52711223203,historical_prior,30
2022-09-03,2022-10-03,0,-0.0102269575784,0.52711223203,0.472063758949,0.50672928424,0.489396521595,1,0.5,2022-09-01,0.52711223203,historical_prior,30
2022-09-04,2022-10-04,1,0.0168757468638,0.52711223203,0.472063758949,0.50737198543,0.48971787219,1,0.5,2022-09-01,0.52711223203,historical_prior,30
2022-09-05,2022-10-05,1,0.018256449009,0.52711223203,0.524263290635,0.503544100333,0.513903695484,1,0.5,2022-09-01,0.52711223203,historical_prior,30
2022-09-06,2022-10-06,1,0.0622683350886,0.52711223203,0.524263290635,0.499095131979,0.511679211307,1,0.5,2022-09-01,0.52711223203,historical_prior,30
2022-09-07,2022-10-07,1,0.0122973082242,0.52711223203,0.524263290635,0.500227518995,0.512245404815,1,0.5,2022-09-01,0.52711223203,historical_prior,30
2022-09-08,2022-10-08,1,0.00508235864092,0.52711223203,0.524263290635,0.501405399045,0.51283434484,1,0.5,2022-09-01,0.52711223203,historical_prior,30
2022-09-09,2022-10-09,0,-0.0899382072471,0.52711223203,0.524263290635,0.522274885402,0.523269088019,1,0.5,2022-09-01,0.52711223203,historical_prior,30
2022-09-10,2022-10-10,0,-0.116243093004,0.52711223203,0.472063758949,0.5249930498,0.498528404374,1,0.5,2022-09-01,0.52711223203,historical_prior,30
2022-09-11,2022-10-11,0,-0.126764396361,0.52711223203,0.472063758949,0.524004702593,0.498034230771,1,0.5,2022-09-01,0.52711223203,historical_prior,30
2022-09-12,2022-10-12,0,-0.14467974713,0.52711223203,0.472063758949,0.529117517698,0.500590638324,1,0.5,2022-09-01,0.52711223203,historical_prior,30
2022-09-13,2022-10-13,0,-0.039578517833,0.52711223203,0.472063758949,0.52553602964,0.498799894295,1,0.5,2022-09-01,0.52711223203,historical_prior,30
2022-09-14,2022-10-14,0,-0.0519006798436,0.52711223203,0.524263290635,0.524182536219,0.524222913427,1,0.5,2022-09-01,0.52711223203,historical_prior,30
2022-09-15,2022-10-15,0,-0.0321030277314,0.52711223203,0.524263290635,0.521083061338,0.522673175986,1,0.5,2022-09-01,0.52711223203,historical_prior,30
2022-09-16,2022-10-16,0,-0.0272843414986,0.52711223203,0.524263290635,0.514301127734,0.519282209185,1,0.5,2022-09-01,0.52711223203,historical_prior,30
2022-09-17,2022-10-17,0,-0.0280287685658,0.52711223203,0.524263290635,0.516046051867,0.520154671251,1,0.5,2022-09-01,0.52711223203,historical_prior,30
2022-09-18,2022-10-18,0,-0.00457041498379,0.52711223203,0.524263290635,0.510121128046,0.517192209341,1,0.5,2022-09-01,0.52711223203,historical_prior,30
2022-09-19,2022-10-19,0,-0.0211419141711,0.52711223203,0.524263290635,0.507754209842,0.516008750239,1,0.5,2022-09-01,0.52711223203,historical_prior,30
2022-09-20,2022-10-20,1,0.00884344370861,0.52711223203,0.524263290635,0.511145155679,0.517704223157,1,0.5,2022-09-01,0.52711223203,historical_prior,30
2022-09-21,2022-10-21,1,0.0380800764407,0.52711223203,0.524263290635,0.508225744383,0.516244517509,1,0.5,2022-09-01,0.52711223203,historical_prior,30
2022-09-22,2022-10-22,0,-0.010168217825,0.52711223203,0.524263290635,0.519307413198,0.521785351917,1,0.5,2022-09-01,0.52711223203,historical_prior,30
2022-09-23,2022-10-23,1,0.0145407625023,0.52711223203,0.524263290635,0.5184574674,0.521360379017,1,0.5,2022-09-01,0.52711223203,historical_prior,30
2022-09-24,2022-10-24,1,0.0216283924843,0.52711223203,0.524263290635,0.513805160418,0.519034225527,1,0.5,2022-09-01,0.52711223203,historical_prior,30
2022-09-25,2022-10-25,1,0.0676697126341,0.52711223203,0.524263290635,0.517309053625,0.52078617213,1,0.5,2022-09-01,0.52711223203,historical_prior,30
2022-09-26,2022-10-26,1,0.0802883530218,0.52711223203,0.524263290635,0.520943090408,0.522603190522,1,0.5,2022-09-01,0.52711223203,historical_prior,30
2022-09-27,2022-10-27,1,0.0637335140544,0.52711223203,0.524263290635,0.523912569025,0.52408792983,1,0.5,2022-09-01,0.52711223203,historical_prior,30
2022-09-28,2022-10-28,1,0.0607340922133,0.52711223203,0.524263290635,0.525386182401,0.524824736518,1,0.5,2022-09-01,0.52711223203,historical_prior,30
2022-09-29,2022-10-29,1,0.0621779536136,0.52711223203,0.524263290635,0.523505038545,0.52388416459,1,0.5,2022-09-01,0.52711223203,historical_prior,30
2022-09-30,2022-10-30,1,0.0620344021735,0.52711223203,0.524263290635,0.521959576156,0.523111433396,1,0.5,2022-09-01,0.52711223203,historical_prior,30
2022-10-01,2022-10-31,1,0.0610943532038,0.517326732673,0.510345835611,0.509986337435,0.510166086523,1,0.5,2022-10-01,0.517326732673,historical_prior,30
2022-10-02,2022-11-01,1,0.0748719617145,0.517326732673,0.510345835611,0.509093800684,0.509719818147,1,0.5,2022-10-01,0.517326732673,historical_prior,30
2022-10-03,2022-11-02,1,0.026631915505,0.517326732673,0.510345835611,0.512449454668,0.511397645139,1,0.5,2022-10-01,0.517326732673,historical_prior,30
2022-10-04,2022-11-03,0,-0.00639203218437,0.517326732673,0.510345835611,0.5190380989,0.514691967255,1,0.5,2022-10-01,0.517326732673,historical_prior,30
2022-10-05,2022-11-04,1,0.0491242795757,0.517326732673,0.510345835611,0.516541656135,0.513443745873,1,0.5,2022-10-01,0.517326732673,historical_prior,30
2022-10-06,2022-11-05,1,0.0670668870334,0.517326732673,0.510345835611,0.514749909431,0.512547872521,1,0.5,2022-10-01,0.517326732673,historical_prior,30
2022-10-07,2022-11-06,1,0.0704292709353,0.517326732673,0.510345835611,0.510887274626,0.510616555118,1,0.5,2022-10-01,0.517326732673,historical_prior,30
2022-10-08,2022-11-07,1,0.0604167482063,0.517326732673,0.510345835611,0.510546780772,0.510446308191,1,0.5,2022-10-01,0.517326732673,historical_prior,30
2022-10-09,2022-11-08,0,-0.0458762838867,0.517326732673,0.510345835611,0.498150946051,0.504248390831,1,0.5,2022-10-01,0.517326732673,historical_prior,30
2022-10-10,2022-11-09,0,-0.16773373434,0.517326732673,0.510345835611,0.4921194719,0.501232653755,1,0.5,2022-10-01,0.517326732673,historical_prior,30
2022-10-11,2022-11-10,0,-0.0765398740818,0.517326732673,0.510345835611,0.487616021853,0.498980928732,1,0.5,2022-10-01,0.517326732673,historical_prior,30
2022-10-12,2022-11-11,0,-0.108857337803,0.517326732673,0.510345835611,0.487153988158,0.498749911884,1,0.5,2022-10-01,0.517326732673,historical_prior,30
2022-10-13,2022-11-12,0,-0.132285564019,0.517326732673,0.510345835611,0.484003597432,0.497174716521,1,0.5,2022-10-01,0.517326732673,historical_prior,30
2022-10-14,2022-11-13,0,-0.148463805208,0.517326732673,0.510345835611,0.484510691367,0.497428263489,1,0.5,2022-10-01,0.517326732673,historical_prior,30
2022-10-15,2022-11-14,0,-0.128474481879,0.517326732673,0.510345835611,0.484762479823,0.497554157717,1,0.5,2022-10-01,0.517326732673,historical_prior,30
2022-10-16,2022-11-15,0,-0.122639903068,0.517326732673,0.510345835611,0.486057637457,0.498201736534,1,0.5,2022-10-01,0.517326732673,historical_prior,30
2022-10-17,2022-11-16,0,-0.147678806907,0.517326732673,0.510345835611,0.489016145973,0.499680990792,1,0.5,2022-10-01,0.517326732673,historical_prior,30
2022-10-18,2022-11-17,0,-0.136328453225,0.517326732673,0.510345835611,0.487949970014,0.499147902812,1,0.5,2022-10-01,0.517326732673,historical_prior,30
2022-10-19,2022-11-18,0,-0.126726825026,0.517326732673,0.510345835611,0.485675813799,0.498010824705,1,0.5,2022-10-01,0.517326732673,historical_prior,30
2022-10-20,2022-11-19,0,-0.122951887205,0.517326732673,0.510345835611,0.484012553324,0.497179194467,1,0.5,2022-10-01,0.517326732673,historical_prior,30
2022-10-21,2022-11-20,0,-0.150494902781,0.517326732673,0.510345835611,0.486341183082,0.498343509346,1,0.5,2022-10-01,0.517326732673,historical_prior,30
2022-10-22,2022-11-21,0,-0.178243991596,0.517326732673,0.510345835611,0.48066500128,0.495505418445,1,0.5,2022-10-01,0.517326732673,historical_prior,30
2022-10-23,2022-11-22,0,-0.170842701222,0.517326732673,0.510345835611,0.48342624066,0.496886038135,1,0.5,2022-10-01,0.517326732673,historical_prior,30
2022-10-24,2022-11-23,0,-0.141057914962,0.517326732673,0.510345835611,0.480735860047,0.495540847829,1,0.5,2022-10-01,0.517326732673,historical_prior,30
2022-10-25,2022-11-24,0,-0.173361945451,0.517326732673,0.510345835611,0.49012062585,0.50023323073,1,0.5,2022-10-01,0.517326732673,historical_prior,30
2022-10-26,2022-11-25,0,-0.204579909386,0.517326732673,0.510345835611,0.496154744212,0.503250289911,1,0.5,2022-10-01,0.517326732673,historical_prior,30
2022-10-27,2022-11-26,0,-0.189037654883,0.517326732673,0.510345835611,0.494325391755,0.502335613683,1,0.5,2022-10-01,0.517326732673,historical_prior,30
2022-10-28,2022-11-27,0,-0.202170374284,0.517326732673,0.456450915014,0.494935337263,0.475693126139,1,0.5,2022-10-01,0.517326732673,historical_prior,30
2022-10-29,2022-11-28,0,-0.22089538181,0.517326732673,0.456450915014,0.495924042669,0.476187478841,1,0.5,2022-10-01,0.517326732673,historical_prior,30
2022-10-30,2022-11-29,0,-0.20288227161,0.517326732673,0.456450915014,0.493238815509,0.474844865262,1,0.5,2022-10-01,0.517326732673,historical_prior,30
2022-10-31,2022-11-30,0,-0.162370905102,0.517326732673,0.456450915014,0.493751870104,0.475101392559,1,0.5,2022-10-01,0.517326732673,historical_prior,30
2022-11-01,2022-12-01,0,-0.171173357053,0.517304189435,0.449766692819,0.49116764369,0.470467168255,1,0.5,2022-11-01,0.517304189435,historical_prior,30
2022-11-02,2022-12-02,0,-0.151802515304,0.517304189435,0.449766692819,0.483471763696,0.466619228258,1,0.5,2022-11-01,0.517304189435,historical_prior,30
2022-11-03,2022-12-03,0,-0.164422485949,0.517304189435,0.449766692819,0.482152257235,0.465959475027,1,0.5,2022-11-01,0.517304189435,historical_prior,30
2022-11-04,2022-12-04,0,-0.191163258706,0.517304189435,0.449766692819,0.491105277807,0.470435985313,1,0.5,2022-11-01,0.517304189435,historical_prior,30
2022-11-05,2022-12-05,0,-0.203434186082,0.517304189435,0.449766692819,0.491555576418,0.470661134619,1,0.5,2022-11-01,0.517304189435,historical_prior,30
2022-11-06,2022-12-06,0,-0.182564654987,0.517304189435,0.449766692819,0.490528232006,0.470147462413,1,0.5,2022-11-01,0.517304189435,historical_prior,30
2022-11-07,2022-12-07,0,-0.182335306513,0.517304189435,0.449766692819,0.489577953846,0.469672323332,1,0.5,2022-11-01,0.517304189435,historical_prior,30
2022-11-08,2022-12-08,0,-0.0713384154939,0.517304189435,0.514410694575,0.487381688095,0.500896191335,1,0.5,2022-11-01,0.517304189435,historical_prior,30
2022-11-09,2022-12-09,1,0.0757246993464,0.517304189435,0.514410694575,0.485048705768,0.499729700172,1,0.5,2022-11-01,0.517304189435,historical_prior,30
2022-11-10,2022-12-10,0,-0.0269107416277,0.517304189435,0.514410694575,0.506730322309,0.510570508442,1,0.5,2022-11-01,0.517304189435,historical_prior,30
2022-11-11,2022-12-11,1,0.000863487540648,0.517304189435,0.514410694575,0.498223274519,0.506316984547,1,0.5,2022-11-01,0.517304189435,historical_prior,30
2022-11-12,2022-12-12,1,0.0236585835899,0.517304189435,0.514410694575,0.494685621421,0.504548157998,1,0.5,2022-11-01,0.517304189435,historical_prior,30
2022-11-13,2022-12-13,1,0.0884790735983,0.517304189435,0.514410694575,0.49299363423,0.503702164402,1,0.5,2022-11-01,0.517304189435,historical_prior,30
2022-11-14,2022-12-14,1,0.0712231324002,0.517304189435,0.514410694575,0.497575628612,0.505993161593,1,0.5,2022-11-01,0.517304189435,historical_prior,30
2022-11-15,2022-12-15,1,0.0269677294908,0.517304189435,0.514410694575,0.509257121321,0.511833907948,1,0.5,2022-11-01,0.517304189435,historical_prior,30
2022-11-16,2022-12-16,0,-0.00183883102199,0.517304189435,0.514410694575,0.520208152558,0.517309423567,1,0.5,2022-11-01,0.517304189435,historical_prior,30
2022-11-17,2022-12-17,1,0.0050297857249,0.517304189435,0.514410694575,0.511918020055,0.513164357315,1,0.5,2022-11-01,0.517304189435,historical_prior,30
2022-11-18,2022-12-18,1,0.00226101691871,0.517304189435,0.514410694575,0.515354453711,0.514882574143,1,0.5,2022-11-01,0.517304189435,historical_prior,30
2022-11-19,2022-12-19,0,-0.0156760084021,0.517304189435,0.514410694575,0.517005220453,0.515707957514,1,0.5,2022-11-01,0.517304189435,historical_prior,30
2022-11-20,2022-12-20,1,0.0377961490716,0.517304189435,0.514410694575,0.515776283491,0.515093489033,1,0.5,2022-11-01,0.517304189435,historical_prior,30
2022-11-21,2022-12-21,1,0.0661150007382,0.517304189435,0.514410694575,0.509825909347,0.512118301961,1,0.5,2022-11-01,0.517304189435,historical_prior,30
2022-11-22,2022-12-22,1,0.036635989287,0.517304189435,0.514410694575,0.511752779694,0.513081737135,1,0.5,2022-11-01,0.517304189435,historical_prior,30
2022-11-23,2022-12-23,1,0.0105636835509,0.517304189435,0.514410694575,0.517540967937,0.515975831256,1,0.5,2022-11-01,0.517304189435,historical_prior,30
2022-11-24,2022-12-24,1,0.0142882531726,0.517304189435,0.514410694575,0.514275229992,0.514342962284,1,0.5,2022-11-01,0.517304189435,historical_prior,30
2022-11-25,2022-12-25,1,0.0187608869069,0.517304189435,0.514410694575,0.510811496581,0.512611095578,1,0.5,2022-11-01,0.517304189435,historical_prior,30
2022-11-26,2022-12-26,1,0.0279987872579,0.517304189435,0.514410694575,0.511310314221,0.512860504398,1,0.5,2022-11-01,0.517304189435,historical_prior,30
2022-11-27,2022-12-27,1,0.0168959594078,0.517304189435,0.514410694575,0.512369511303,0.513390102939,1,0.5,2022-11-01,0.517304189435,historical_prior,30
2022-11-28,2022-12-28,1,0.0206255385369,0.517304189435,0.514410694575,0.512545286683,0.513477990629,1,0.5,2022-11-01,0.517304189435,historical_prior,30
2022-11-29,2022-12-29,1,0.0116125681388,0.517304189435,0.514410694575,0.512833466682,0.513622080629,1,0.5,2022-11-01,0.517304189435,historical_prior,30
2022-11-30,2022-12-30,0,-0.0324033829654,0.517304189435,0.514410694575,0.518911171801,0.516660933188,1,0.5,2022-11-01,0.517304189435,historical_prior,30
2022-12-01,2022-12-31,0,-0.0256205760963,0.511627906977,0.504887091338,0.512463608696,0.508675350017,1,0.5,2022-12-01,0.511627906977,historical_prior,30
2022-12-02,2023-01-01,0,-0.0278474954864,0.511627906977,0.504887091338,0.514784548356,0.509835819847,1,0.5,2022-12-01,0.511627906977,historical_prior,30
2022-12-03,2023-01-02,0,-0.0125749176794,0.511627906977,0.504887091338,0.513178871855,0.509032981597,1,0.5,2022-12-01,0.511627906977,historical_prior,30
2022-12-04,2023-01-03,0,-0.0251682187809,0.511627906977,0.504887091338,0.511285416961,0.50808625415,1,0.5,2022-12-01,0.511627906977,historical_prior,30
2022-12-05,2023-01-04,0,-0.00683647337229,0.511627906977,0.504887091338,0.510745727644,0.507816409491,1,0.5,2022-12-01,0.511627906977,historical_prior,30
2022-12-06,2023-01-05,0,-0.015045386027,0.511627906977,0.504887091338,0.511625975871,0.508256533605,1,0.5,2022-12-01,0.511627906977,historical_prior,30
2022-12-07,2023-01-06,1,0.00677154111509,0.511627906977,0.504887091338,0.50647738053,0.505682235934,1,0.5,2022-12-01,0.511627906977,historical_prior,30
2022-12-08,2023-01-07,0,-0.0162870628944,0.511627906977,0.504887091338,0.509719515276,0.507303303307,1,0.5,2022-12-01,0.511627906977,historical_prior,30
2022-12-09,2023-01-08,0,-4.26188774771e-05,0.511627906977,0.504887091338,0.495448903865,0.500167997601,1,0.5,2022-12-01,0.511627906977,historical_prior,30
2022-12-10,2023-01-09,1,0.00296424052795,0.511627906977,0.504887091338,0.478259138929,0.491573115134,1,0.5,2022-12-01,0.511627906977,historical_prior,30
2022-12-11,2023-01-10,1,0.0208141035584,0.511627906977,0.504887091338,0.476914289037,0.490900690187,1,0.5,2022-12-01,0.511627906977,historical_prior,30
2022-12-12,2023-01-11,1,0.0426169230027,0.511627906977,0.504887091338,0.479168940543,0.492028015941,1,0.5,2022-12-01,0.511627906977,historical_prior,30
2022-12-13,2023-01-12,1,0.0603059404659,0.511627906977,0.504887091338,0.484768030242,0.49482756079,1,0.5,2022-12-01,0.511627906977,historical_prior,30
2022-12-14,2023-01-13,1,0.119465375509,0.511627906977,0.504887091338,0.485010043657,0.494948567498,1,0.5,2022-12-01,0.511627906977,historical_prior,30
2022-12-15,2023-01-14,1,0.207335187027,0.511627906977,0.504887091338,0.479291425858,0.492089258598,1,0.5,2022-12-01,0.511627906977,historical_prior,30
2022-12-16,2023-01-15,1,0.254891138352,0.511627906977,0.504887091338,0.476943228323,0.49091515983,1,0.5,2022-12-01,0.511627906977,historical_prior,30
2022-12-17,2023-01-16,1,0.262815530277,0.511627906977,0.504887091338,0.478244453401,0.49156577237,1,0.5,2022-12-01,0.511627906977,historical_prior,30
2022-12-18,2023-01-17,1,0.262668469329,0.511627906977,0.504887091338,0.47813135789,0.491509224614,1,0.5,2022-12-01,0.511627906977,historical_prior,30
2022-12-19,2023-01-18,1,0.257839341853,0.511627906977,0.504887091338,0.475374991456,0.490131041397,1,0.5,2022-12-01,0.511627906977,historical_prior,30
2022-12-20,2023-01-19,1,0.247167303126,0.511627906977,0.504887091338,0.478005297445,0.491446194391,1,0.5,2022-12-01,0.511627906977,historical_prior,30
2022-12-21,2023-01-20,1,0.347260302877,0.511627906977,0.504887091338,0.477307399325,0.491097245331,1,0.5,2022-12-01,0.511627906977,historical_prior,30
2022-12-22,2023-01-21,1,0.354435978392,0.511627906977,0.504887091338,0.476959686358,0.490923388848,1,0.5,2022-12-01,0.511627906977,historical_prior,30
2022-12-23,2023-01-22,1,0.353391542748,0.511627906977,0.504887091338,0.478321973863,0.4916045326,1,0.5,2022-12-01,0.511627906977,historical_prior,30
2022-12-24,2023-01-23,1,0.361147936698,0.511627906977,0.504887091338,0.478121447771,0.491504269554,1,0.5,2022-12-01,0.511627906977,historical_prior,30
2022-12-25,2023-01-24,1,0.344625837165,0.511627906977,0.504887091338,0.478506102657,0.491696596997,1,0.5,2022-12-01,0.511627906977,historical_prior,30
2022-12-26,2023-01-25,1,0.362988854799,0.511627906977,0.504887091338,0.481052807148,0.492969949243,1,0.5,2022-12-01,0.511627906977,historical_prior,30
2022-12-27,2023-01-26,1,0.377298825118,0.511627906977,0.504887091338,0.477224710123,0.49105590073,1,0.5,2022-12-01,0.511627906977,historical_prior,30
2022-12-28,2023-01-27,1,0.394435711907,0.511627906977,0.504887091338,0.476760889444,0.490823990391,1,0.5,2022-12-01,0.511627906977,historical_prior,30
2022-12-29,2023-01-28,1,0.384112876026,0.511627906977,0.504887091338,0.476544623066,0.490715857202,1,0.5,2022-12-01,0.511627906977,historical_prior,30
2022-12-30,2023-01-29,1,0.429614848249,0.511627906977,0.504887091338,0.470964262303,0.48792567682,1,0.5,2022-12-01,0.511627906977,historical_prior,30
2022-12-31,2023-01-30,1,0.379857215398,0.511627906977,0.504887091338,0.470504386916,0.487695739127,1,0.5,2022-12-01,0.511627906977,historical_prior,30
2023-01-01,2023-01-31,1,0.391675869228,0.512880562061,0.511924003035,0.470470243476,0.491197123256,1,0.5,2023-01-01,0.512880562061,historical_prior,30
2023-01-02,2023-02-01,1,0.423429799429,0.512880562061,0.511924003035,0.470888415915,0.491406209475,1,0.5,2023-01-01,0.512880562061,historical_prior,30
2023-01-03,2023-02-02,1,0.408616878498,0.512880562061,0.511924003035,0.470841079639,0.491382541337,1,0.5,2023-01-01,0.512880562061,historical_prior,30
2023-01-04,2023-02-03,1,0.390587500801,0.512880562061,0.511924003035,0.473462419013,0.492693211024,1,0.5,2023-01-01,0.512880562061,historical_prior,30
2023-01-05,2023-02-04,1,0.385874992945,0.512880562061,0.511924003035,0.472459357948,0.492191680491,1,0.5,2023-01-01,0.512880562061,historical_prior,30
2023-01-06,2023-02-05,1,0.352922159327,0.512880562061,0.511924003035,0.473886131275,0.492905067155,1,0.5,2023-01-01,0.512880562061,historical_prior,30
2023-01-07,2023-02-06,1,0.343431165923,0.512880562061,0.511924003035,0.471865708812,0.491894855924,1,0.5,2023-01-01,0.512880562061,historical_prior,30
2023-01-08,2023-02-07,1,0.356882920954,0.512880562061,0.511924003035,0.473432790085,0.49267839656,1,0.5,2023-01-01,0.512880562061,historical_prior,30
2023-01-09,2023-02-08,1,0.336747726487,0.512880562061,0.511924003035,0.47359160593,0.492757804482,1,0.5,2023-01-01,0.512880562061,historical_prior,30
2023-01-10,2023-02-09,1,0.249743415673,0.512880562061,0.511924003035,0.476159389714,0.494041696374,1,0.5,2023-01-01,0.512880562061,historical_prior,30
2023-01-11,2023-02-10,1,0.205198497932,0.512880562061,0.436664829866,0.480260329658,0.458462579762,1,0.5,2023-01-01,0.512880562061,historical_prior,30
2023-01-12,2023-02-11,1,0.160024980607,0.512880562061,0.436664829866,0.48783853329,0.462251681578,1,0.5,2023-01-01,0.512880562061,historical_prior,30
2023-01-13,2023-02-12,1,0.0930019603603,0.512880562061,0.557484986851,0.499592801775,0.528538894313,1,0.5,2023-01-01,0.512880562061,historical_prior,30
2023-01-14,2023-02-13,1,0.03908628618,0.512880562061,0.557484986851,0.509395307952,0.533440147401,1,0.5,2023-01-01,0.512880562061,historical_prior,30
2023-01-15,2023-02-14,1,0.0636437246964,0.512880562061,0.557484986851,0.506369076313,0.531927031582,1,0.5,2023-01-01,0.512880562061,historical_prior,30
2023-01-16,2023-02-15,1,0.14813800851,0.512880562061,0.557484986851,0.507808620035,0.532646803443,1,0.5,2023-01-01,0.512880562061,historical_prior,30
2023-01-17,2023-02-16,1,0.11274811555,0.512880562061,0.557484986851,0.506437904355,0.531961445603,1,0.5,2023-01-01,0.512880562061,historical_prior,30
2023-01-18,2023-02-17,1,0.188248368877,0.512880562061,0.557484986851,0.50258068341,0.530032835131,1,0.5,2023-01-01,0.512880562061,historical_prior,30
2023-01-19,2023-02-18,1,0.168964942845,0.512880562061,0.557484986851,0.499522458518,0.528503722685,1,0.5,2023-01-01,0.512880562061,historical_prior,30
2023-01-20,2023-02-19,1,0.0707872737756,0.512880562061,0.557484986851,0.511536444455,0.534510715653,1,0.5,2023-01-01,0.512880562061,historical_prior,30
2023-01-21,2023-02-20,1,0.0903568583474,0.512880562061,0.557484986851,0.508273685575,0.532879336213,1,0.5,2023-01-01,0.512880562061,historical_prior,30
2023-01-22,2023-02-21,1,0.0768138637336,0.512880562061,0.557484986851,0.508282149464,0.532883568157,1,0.5,2023-01-01,0.512880562061,historical_prior,30
2023-01-23,2023-02-22,1,0.0552336858458,0.512880562061,0.557484986851,0.508134891072,0.532809938962,1,0.5,2023-01-01,0.512880562061,historical_prior,30
2023-01-24,2023-02-23,1,0.0577615143272,0.512880562061,0.557484986851,0.507219820286,0.532352403568,1,0.5,2023-01-01,0.512880562061,historical_prior,30
2023-01-25,2023-02-24,1,0.00539223466173,0.512880562061,0.557484986851,0.511240966537,0.534362976694,1,0.5,2023-01-01,0.512880562061,historical_prior,30
2023-01-26,2023-02-25,1,0.0064068771146,0.512880562061,0.557484986851,0.509587377401,0.533536182126,1,0.5,2023-01-01,0.512880562061,historical_prior,30
2023-01-27,2023-02-26,1,0.020832394332,0.512880562061,0.557484986851,0.50433254535,0.5309087661,1,0.5,2023-01-01,0.512880562061,historical_prior,30
2023-01-28,2023-02-27,1,0.0203925707783,0.512880562061,0.557484986851,0.503573822944,0.530529404897,1,0.5,2023-01-01,0.512880562061,historical_prior,30
2023-01-29,2023-02-28,0,-0.0253020979433,0.512880562061,0.557484986851,0.508374295125,0.532929640988,1,0.5,2023-01-01,0.512880562061,historical_prior,30
2023-01-30,2023-03-01,1,0.0351710647656,0.512880562061,0.557484986851,0.50576665962,0.531625823235,1,0.5,2023-01-01,0.512880562061,historical_prior,30
2023-01-31,2023-03-02,1,0.0147108362202,0.512880562061,0.557484986851,0.50820409221,0.532844539531,1,0.5,2023-01-01,0.512880562061,historical_prior,30
2023-02-01,2023-03-03,0,-0.058076928587,0.517538815411,0.55807052149,0.519259722063,0.538665121777,1,0.5,2023-02-01,0.517538815411,historical_prior,30
2023-02-02,2023-03-04,0,-0.0486343785628,0.517538815411,0.55807052149,0.518463098504,0.538266809997,1,0.5,2023-02-01,0.517538815411,historical_prior,30
2023-02-03,2023-03-05,0,-0.0427477071855,0.517538815411,0.55807052149,0.51760995709,0.53784023929,1,0.5,2023-02-01,0.517538815411,historical_prior,30
2023-02-04,2023-03-06,0,-0.0393040806213,0.517538815411,0.55807052149,0.517348162496,0.537709341993,1,0.5,2023-02-01,0.517538815411,historical_prior,30
2023-02-05,2023-03-07,0,-0.0320478299527,0.517538815411,0.55807052149,0.513444921587,0.535757721538,1,0.5,2023-02-01,0.517538815411,historical_prior,30
2023-02-06,2023-03-08,0,-0.0464394979115,0.517538815411,0.55807052149,0.515467869153,0.536769195321,1,0.5,2023-02-01,0.517538815411,historical_prior,30
2023-02-07,2023-03-09,0,-0.123846085663,0.517538815411,0.55807052149,0.516783758943,0.537427140217,1,0.5,2023-02-01,0.517538815411,historical_prior,30
2023-02-08,2023-03-10,0,-0.122471366982,0.517538815411,0.55807052149,0.513728056485,0.535899288988,1,0.5,2023-02-01,0.517538815411,historical_prior,30
2023-02-09,2023-03-11,0,-0.0615066284034,0.517538815411,0.55807052149,0.510593141004,0.534331831247,1,0.5,2023-02-01,0.517538815411,historical_prior,30
2023-02-10,2023-03-12,1,0.0171984616089,0.517538815411,0.55807052149,0.50802347348,0.533046997485,1,0.5,2023-02-01,0.517538815411,historical_prior,30
2023-02-11,2023-03-13,1,0.102958255098,0.517538815411,0.55807052149,0.505329885536,0.531700203513,1,0.5,2023-02-01,0.517538815411,historical_prior,30
2023-02-12,2023-03-14,1,0.132525292032,0.517538815411,0.55807052149,0.500380619108,0.529225570299,1,0.5,2023-02-01,0.517538815411,historical_prior,30
2023-02-13,2023-03-15,1,0.115352873178,0.517538815411,0.55807052149,0.495648559161,0.526859540326,1,0.5,2023-02-01,0.517538815411,historical_prior,30
2023-02-14,2023-03-16,1,0.126079287058,0.517538815411,0.55807052149,0.497215416631,0.527642969061,1,0.5,2023-02-01,0.517538815411,historical_prior,30
2023-02-15,2023-03-17,1,0.126256935009,0.517538815411,0.55807052149,0.516889518087,0.537480019789,1,0.5,2023-02-01,0.517538815411,historical_prior,30
2023-02-16,2023-03-18,1,0.144136846599,0.517538815411,0.55807052149,0.517593155482,0.537831838486,1,0.5,2023-02-01,0.517538815411,historical_prior,30
2023-02-17,2023-03-19,1,0.138498337605,0.517538815411,0.55807052149,0.525652143612,0.541861332551,1,0.5,2023-02-01,0.517538815411,historical_prior,30
2023-02-18,2023-03-20,1,0.12524627567,0.517538815411,0.55807052149,0.524075101641,0.541072811565,1,0.5,2023-02-01,0.517538815411,historical_prior,30
2023-02-19,2023-03-21,1,0.157949402928,0.517538815411,0.55807052149,0.514427456767,0.536248989128,1,0.5,2023-02-01,0.517538815411,historical_prior,30
2023-02-20,2023-03-22,1,0.096962829379,0.517538815411,0.55807052149,0.517594497664,0.537832509577,1,0.5,2023-02-01,0.517538815411,historical_prior,30
2023-02-21,2023-03-23,1,0.157174253726,0.517538815411,0.55807052149,0.514671980955,0.536371251223,1,0.5,2023-02-01,0.517538815411,historical_prior,30
2023-02-22,2023-03-24,1,0.135316830017,0.517538815411,0.55807052149,0.506492684339,0.532281602915,1,0.5,2023-02-01,0.517538815411,historical_prior,30
2023-02-23,2023-03-25,1,0.147147893501,0.517538815411,0.55807052149,0.508144226426,0.533107373958,1,0.5,2023-02-01,0.517538815411,historical_prior,30
2023-02-24,2023-03-26,1,0.206284243156,0.517538815411,0.55807052149,0.500730230967,0.529400376229,1,0.5,2023-02-01,0.517538815411,historical_prior,30
2023-02-25,2023-03-27,1,0.171344647661,0.517538815411,0.55807052149,0.500510653587,0.529290587539,1,0.5,2023-02-01,0.517538815411,historical_prior,30
2023-02-26,2023-03-28,1,0.157344241207,0.517538815411,0.55807052149,0.503840228185,0.530955374838,1,0.5,2023-02-01,0.517538815411,historical_prior,30
2023-02-27,2023-03-29,1,0.206729584298,0.517538815411,0.55807052149,0.501993961446,0.530032241468,1,0.5,2023-02-01,0.517538815411,historical_prior,30
2023-02-28,2023-03-30,1,0.211176683345,0.517538815411,0.55807052149,0.498860094091,0.528465307791,1,0.5,2023-02-01,0.517538815411,historical_prior,30
2023-03-01,2023-03-31,1,0.204680525643,0.524617996604,0.567824856336,0.512191499249,0.540008177793,1,0.5,2023-03-01,0.524617996604,historical_prior,30
2023-03-02,2023-04-01,1,0.212543873256,0.524617996604,0.567824856336,0.511242700962,0.539533778649,1,0.5,2023-03-01,0.524617996604,historical_prior,30
2023-03-03,2023-04-02,1,0.260241635405,0.524617996604,0.567824856336,0.506721976195,0.537273416265,1,0.5,2023-03-01,0.524617996604,historical_prior,30
2023-03-04,2023-04-03,1,0.244038794321,0.524617996604,0.567824856336,0.507301395302,0.537563125819,1,0.5,2023-03-01,0.524617996604,historical_prior,30
2023-03-05,2023-04-04,1,0.255691869548,0.524617996604,0.567824856336,0.506523031187,0.537173943762,1,0.5,2023-03-01,0.524617996604,historical_prior,30
2023-03-06,2023-04-05,1,0.257028558679,0.524617996604,0.567824856336,0.506868389233,0.537346622784,1,0.5,2023-03-01,0.524617996604,historical_prior,30
2023-03-07,2023-04-06,1,0.262900735022,0.524617996604,0.567824856336,0.507589809525,0.537707332931,1,0.5,2023-03-01,0.524617996604,historical_prior,30
2023-03-08,2023-04-07,1,0.285683681142,0.524617996604,0.567824856336,0.503213001262,0.535518928799,1,0.5,2023-03-01,0.524617996604,historical_prior,30
2023-03-09,2023-04-08,1,0.372069450188,0.524617996604,0.567824856336,0.495702237007,0.531763546672,1,0.5,2023-03-01,0.524617996604,historical_prior,30
2023-03-10,2023-04-09,1,0.405597525445,0.524617996604,0.567824856336,0.499053390595,0.533439123466,1,0.5,2023-03-01,0.524617996604,historical_prior,30
2023-03-11,2023-04-10,1,0.448852717552,0.524617996604,0.567824856336,0.502641803162,0.535233329749,1,0.5,2023-03-01,0.524617996604,historical_prior,30
2023-03-12,2023-04-11,1,0.372926716282,0.524617996604,0.567824856336,0.517378015631,0.542601435983,1,0.5,2023-03-01,0.524617996604,historical_prior,30
2023-03-13,2023-04-12,1,0.239475596223,0.524617996604,0.567824856336,0.535572128382,0.551698492359,1,0.5,2023-03-01,0.524617996604,historical_prior,30
2023-03-14,2023-04-13,1,0.231185051242,0.524617996604,0.567824856336,0.540116968637,0.553970912487,1,0.5,2023-03-01,0.524617996604,historical_prior,30
2023-03-15,2023-04-14,1,0.254523451288,0.524617996604,0.567824856336,0.540002680853,0.553913768594,1,0.5,2023-03-01,0.524617996604,historical_prior,30
2023-03-16,2023-04-15,1,0.211862738902,0.524617996604,0.567824856336,0.548855197748,0.558340027042,1,0.5,2023-03-01,0.524617996604,historical_prior,30
2023-03-17,2023-04-16,1,0.106205738027,0.524617996604,0.567824856336,0.557938695963,0.562881776149,1,0.5,2023-03-01,0.524617996604,historical_prior,30
2023-03-18,2023-04-17,1,0.0937575373994,0.524617996604,0.567824856336,0.555353371077,0.561589113707,1,0.5,2023-03-01,0.524617996604,historical_prior,30
2023-03-19,2023-04-18,1,0.0860526645997,0.524617996604,0.567824856336,0.552156984675,0.559990920506,1,0.5,2023-03-01,0.524617996604,historical_prior,30
2023-03-20,2023-04-19,1,0.0389684890253,0.524617996604,0.567824856336,0.542913476214,0.555369166275,1,0.5,2023-03-01,0.524617996604,historical_prior,30
2023-03-21,2023-04-20,1,0.00491648067084,0.524617996604,0.567824856336,0.543615682325,0.55572026933,1,0.5,2023-03-01,0.524617996604,historical_prior,30
2023-03-22,2023-04-21,1,0.000435580825196,0.524617996604,0.567824856336,0.539679193038,0.553752024687,1,0.5,2023-03-01,0.524617996604,historical_prior,30
2023-03-23,2023-04-22,0,-0.0169129904815,0.524617996604,0.567824856336,0.54398982147,0.555907338903,1,0.5,2023-03-01,0.524617996604,historical_prior,30
2023-03-24,2023-04-23,1,0.00495839111081,0.524617996604,0.567824856336,0.532837466321,0.550331161329,1,0.5,2023-03-01,0.524617996604,historical_prior,30
2023-03-25,2023-04-24,1,0.0017470810674,0.524617996604,0.567824856336,0.534876614687,0.551350735511,1,0.5,2023-03-01,0.524617996604,historical_prior,30
2023-03-26,2023-04-25,1,0.011897146923,0.524617996604,0.567824856336,0.535217459134,0.551521157735,1,0.5,2023-03-01,0.524617996604,historical_prior,30
2023-03-27,2023-04-26,1,0.047571770745,0.524617996604,0.567824856336,0.532339763196,0.550082309766,1,0.5,2023-03-01,0.524617996604,historical_prior,30
2023-03-28,2023-04-27,1,0.0811303444802,0.524617996604,0.567824856336,0.530825606584,0.54932523146,1,0.5,2023-03-01,0.524617996604,historical_prior,30
2023-03-29,2023-04-28,1,0.0339734590068,0.524617996604,0.567824856336,0.540010884522,0.553917870429,1,0.5,2023-03-01,0.524617996604,historical_prior,30
2023-03-30,2023-04-29,1,0.0428820205698,0.524617996604,0.567824856336,0.535837039495,0.551830947916,1,0.5,2023-03-01,0.524617996604,historical_prior,30
2023-03-31,2023-04-30,1,0.0269748915875,0.524617996604,0.567824856336,0.539475159006,0.553650007671,1,0.5,2023-03-01,0.524617996604,historical_prior,30
2023-04-01,2023-05-01,0,-0.0135125873686,0.527808676307,0.57395651946,0.542663137288,0.558309828374,1,0.5,2023-04-01,0.527808676307,historical_prior,30
2023-04-02,2023-05-02,1,0.0176768528323,0.527808676307,0.57395651946,0.540422542721,0.557189531091,1,0.5,2023-04-01,0.527808676307,historical_prior,30
2023-04-03,2023-05-03,1,0.0441064748201,0.527808676307,0.57395651946,0.541416018558,0.557686269009,1,0.5,2023-04-01,0.527808676307,historical_prior,30
2023-04-04,2023-05-04,1,0.0238834999025,0.527808676307,0.57395651946,0.542690071974,0.558323295717,1,0.5,2023-04-01,0.527808676307,historical_prior,30
2023-04-05,2023-05-05,1,0.0474121237444,0.527808676307,0.57395651946,0.539255384885,0.556605952172,1,0.5,2023-04-01,0.527808676307,historical_prior,30
2023-04-06,2023-05-06,1,0.0290499118565,0.527808676307,0.57395651946,0.539939134969,0.556947827215,1,0.5,2023-04-01,0.527808676307,historical_prior,30
2023-04-07,2023-05-07,1,0.0187688599683,0.527808676307,0.57395651946,0.538559637551,0.556258078506,1,0.5,2023-04-01,0.527808676307,historical_prior,30
2023-04-08,2023-05-08,0,-0.00964944996811,0.527808676307,0.57395651946,0.538737890684,0.556347205072,1,0.5,2023-04-01,0.527808676307,historical_prior,30
2023-04-09,2023-05-09,0,-0.0245550025844,0.527808676307,0.57395651946,0.541849888934,0.557903204197,1,0.5,2023-04-01,0.527808676307,historical_prior,30
2023-04-10,2023-05-10,0,-0.0687845130501,0.527808676307,0.57395651946,0.549572302096,0.561764410778,1,0.5,2023-04-01,0.527808676307,historical_prior,30
2023-04-11,2023-05-11,0,-0.10701175679,0.527808676307,0.57395651946,0.545144551924,0.559550535692,1,0.5,2023-04-01,0.527808676307,historical_prior,30
2023-04-12,2023-05-12,0,-0.103488114154,0.527808676307,0.57395651946,0.534296447905,0.554126483683,1,0.5,2023-04-01,0.527808676307,historical_prior,30
2023-04-13,2023-05-13,0,-0.118475635613,0.527808676307,0.57395651946,0.53580482718,0.55488067332,1,0.5,2023-04-01,0.527808676307,historical_prior,30
2023-04-14,2023-05-14,0,-0.116497133121,0.527808676307,0.57395651946,0.537037959039,0.555497239249,1,0.5,2023-04-01,0.527808676307,historical_prior,30
2023-04-15,2023-05-15,0,-0.103414447688,0.527808676307,0.57395651946,0.534365617267,0.554161068364,1,0.5,2023-04-01,0.527808676307,historical_prior,30
2023-04-16,2023-05-16,0,-0.10793096109,0.527808676307,0.57395651946,0.521842224801,0.54789937213,1,0.5,2023-04-01,0.527808676307,historical_prior,30
2023-04-17,2023-05-17,0,-0.0687951554641,0.527808676307,0.57395651946,0.514925050302,0.544440784881,1,0.5,2023-04-01,0.527808676307,historical_prior,30
2023-04-18,2023-05-18,0,-0.117140514437,0.527808676307,0.57395651946,0.515490624932,0.544723572196,1,0.5,2023-04-01,0.527808676307,historical_prior,30
2023-04-19,2023-05-19,0,-0.0665636470339,0.527808676307,0.57395651946,0.511771988276,0.542864253868,1,0.5,2023-04-01,0.527808676307,historical_prior,30
2023-04-20,2023-05-20,0,-0.0404062506085,0.527808676307,0.57395651946,0.506934448255,0.540445483858,1,0.5,2023-04-01,0.527808676307,historical_prior,30
2023-04-21,2023-05-21,0,-0.0188923824517,0.527808676307,0.57395651946,0.50326163545,0.538609077455,1,0.5,2023-04-01,0.527808676307,historical_prior,30
2023-04-22,2023-05-22,0,-0.0347839528919,0.527808676307,0.57395651946,0.503892774726,0.538924647093,1,0.5,2023-04-01,0.527808676307,historical_prior,30
2023-04-23,2023-05-23,0,-0.0134462461853,0.527808676307,0.57395651946,0.503398542825,0.538677531143,1,0.5,2023-04-01,0.527808676307,historical_prior,30
2023-04-24,2023-05-24,0,-0.0429618337148,0.527808676307,0.57395651946,0.505584012581,0.53977026602,1,0.5,2023-04-01,0.527808676307,historical_prior,30
2023-04-25,2023-05-25,0,-0.0645565017796,0.527808676307,0.57395651946,0.506406119678,0.540181319569,1,0.5,2023-04-01,0.527808676307,historical_prior,30
2023-04-26,2023-05-26,0,-0.0601566973274,0.527808676307,0.57395651946,0.51241921939,0.543187869425,1,0.5,2023-04-01,0.527808676307,historical_prior,30
2023-04-27,2023-05-27,0,-0.0888447200585,0.527808676307,0.57395651946,0.520422282109,0.547189400785,1,0.5,2023-04-01,0.527808676307,historical_prior,30
2023-04-28,2023-05-28,0,-0.0425325040854,0.527808676307,0.57395651946,0.519515393573,0.546735956517,1,0.5,2023-04-01,0.527808676307,historical_prior,30
2023-04-29,2023-05-29,0,-0.0511127950476,0.527808676307,0.57395651946,0.517715007651,0.545835763556,1,0.5,2023-04-01,0.527808676307,historical_prior,30
2023-04-30,2023-05-30,0,-0.0526391046348,0.527808676307,0.57395651946,0.51745980287,0.545708161165,1,0.5,2023-04-01,0.527808676307,historical_prior,30
2023-05-01,2023-05-31,0,-0.030565129438,0.535010940919,0.589610811943,0.521707072703,0.555658942323,1,0.5,2023-05-01,0.535010940919,historical_prior,30
2023-05-02,2023-06-01,0,-0.0645950137182,0.535010940919,0.589610811943,0.523109074104,0.556359943024,1,0.5,2023-05-01,0.535010940919,historical_prior,30
2023-05-03,2023-06-02,0,-0.0614469843755,0.535010940919,0.589610811943,0.525196152577,0.55740348226,1,0.5,2023-05-01,0.535010940919,historical_prior,30
2023-05-04,2023-06-03,0,-0.061340251944,0.535010940919,0.589610811943,0.520073031596,0.554841921769,1,0.5,2023-05-01,0.535010940919,historical_prior,30
2023-05-05,2023-06-04,0,-0.0810151018738,0.535010940919,0.589610811943,0.524461529846,0.557036170894,1,0.5,2023-05-01,0.535010940919,historical_prior,30
2023-05-06,2023-06-05,0,-0.108152328395,0.535010940919,0.589610811943,0.521949533132,0.555780172538,1,0.5,2023-05-01,0.535010940919,historical_prior,30
2023-05-07,2023-06-06,0,-0.0422094892385,0.535010940919,0.589610811943,0.520095087548,0.554852949745,1,0.5,2023-05-01,0.535010940919,historical_prior,30
2023-05-08,2023-06-07,0,-0.0480487220439,0.535010940919,0.589610811943,0.520267204227,0.554939008085,1,0.5,2023-05-01,0.535010940919,historical_prior,30
2023-05-09,2023-06-08,0,-0.0408878297483,0.535010940919,0.589610811943,0.5172086823,0.553409747121,1,0.5,2023-05-01,0.535010940919,historical_prior,30
2023-05-10,2023-06-09,0,-0.0406156075909,0.535010940919,0.589610811943,0.511706555346,0.550658683644,1,0.5,2023-05-01,0.535010940919,historical_prior,30
2023-05-11,2023-06-10,0,-0.0418045120588,0.535010940919,0.589610811943,0.507768686009,0.548689748976,1,0.5,2023-05-01,0.535010940919,historical_prior,30
2023-05-12,2023-06-11,0,-0.0324485790451,0.535010940919,0.589610811943,0.505144657174,0.547377734558,1,0.5,2023-05-01,0.535010940919,historical_prior,30
2023-05-13,2023-06-12,0,-0.0324960187158,0.535010940919,0.589610811943,0.50593866514,0.547774738541,1,0.5,2023-05-01,0.535010940919,historical_prior,30
2023-05-14,2023-06-13,0,-0.0365325760598,0.535010940919,0.589610811943,0.507960189652,0.548785500798,1,0.5,2023-05-01,0.535010940919,historical_prior,30
2023-05-15,2023-06-14,0,-0.0748667078514,0.535010940919,0.589610811943,0.51226092662,0.550935869282,1,0.5,2023-05-01,0.535010940919,historical_prior,30
2023-05-16,2023-06-15,0,-0.0530945659218,0.535010940919,0.589610811943,0.511633403404,0.550622107673,1,0.5,2023-05-01,0.535010940919,historical_prior,30
2023-05-17,2023-06-16,0,-0.0387004704511,0.535010940919,0.589610811943,0.514885352213,0.552248082078,1,0.5,2023-05-01,0.535010940919,historical_prior,30
2023-05-18,2023-06-17,0,-0.0113450961326,0.535010940919,0.589610811943,0.511305309397,0.55045806067,1,0.5,2023-05-01,0.535010940919,historical_prior,30
2023-05-19,2023-06-18,0,-0.0200998799863,0.535010940919,0.444270694348,0.512363204463,0.478316949406,1,0.5,2023-05-01,0.535010940919,historical_prior,30
2023-05-20,2023-06-19,0,-0.00952239337949,0.535010940919,0.589610811943,0.514413551491,0.552012181717,1,0.5,2023-05-01,0.535010940919,historical_prior,30
2023-05-21,2023-06-20,1,0.0583304483587,0.535010940919,0.444270694348,0.512522596374,0.478396645361,1,0.5,2023-05-01,0.535010940919,historical_prior,30
2023-05-22,2023-06-21,1,0.117121247617,0.535010940919,0.444270694348,0.510753702438,0.477512198393,1,0.5,2023-05-01,0.535010940919,historical_prior,30
2023-05-23,2023-06-22,1,0.0979187431414,0.535010940919,0.444270694348,0.51385130738,0.479061000864,1,0.5,2023-05-01,0.535010940919,historical_prior,30
2023-05-24,2023-06-23,1,0.165577437207,0.535010940919,0.444270694348,0.508852721868,0.476561708108,1,0.5,2023-05-01,0.535010940919,historical_prior,30
2023-05-25,2023-06-24,1,0.153118990519,0.535010940919,0.444270694348,0.509287897704,0.476779296026,1,0.5,2023-05-01,0.535010940919,historical_prior,30
2023-05-26,2023-06-25,1,0.140670682755,0.535010940919,0.444270694348,0.510286595483,0.477278644916,1,0.5,2023-05-01,0.535010940919,historical_prior,30
2023-05-27,2023-06-26,1,0.127120193548,0.535010940919,0.444270694348,0.506763933803,0.475517314076,1,0.5,2023-05-01,0.535010940919,historical_prior,30
2023-05-28,2023-06-27,1,0.0936198111527,0.535010940919,0.589610811943,0.517454240074,0.553532526008,1,0.5,2023-05-01,0.535010940919,historical_prior,30
2023-05-29,2023-06-28,1,0.0844020853463,0.535010940919,0.589610811943,0.515542027859,0.552576419901,1,0.5,2023-05-01,0.535010940919,historical_prior,30
2023-05-30,2023-06-29,1,0.0994031284303,0.535010940919,0.589610811943,0.514013527853,0.551812169898,1,0.5,2023-05-01,0.535010940919,historical_prior,30
2023-05-31,2023-06-30,1,0.119867991408,0.535010940919,0.444270694348,0.51496447534,0.479617584844,1,0.5,2023-05-01,0.535010940919,historical_prior,30
2023-06-01,2023-07-01,1,0.14050189556,0.529316837009,0.4430207691,0.501809463191,0.472415116145,1,0.5,2023-06-01,0.529316837009,historical_prior,30
2023-06-02,2023-07-02,1,0.123866343105,0.529316837009,0.4430207691,0.502850979017,0.472935874058,1,0.5,2023-06-01,0.529316837009,historical_prior,30
2023-06-03,2023-07-03,1,0.150982555094,0.529316837009,0.4430207691,0.501686325083,0.472353547091,1,0.5,2023-06-01,0.529316837009,historical_prior,30
2023-06-04,2023-07-04,1,0.134658739505,0.529316837009,0.4430207691,0.495727064983,0.469373917041,1,0.5,2023-06-01,0.529316837009,historical_prior,30
2023-06-05,2023-07-05,1,0.185656594709,0.529316837009,0.4430207691,0.492836773038,0.467928771069,1,0.5,2023-06-01,0.529316837009,historical_prior,30
2023-06-06,2023-07-06,1,0.0978825622253,0.529316837009,0.4430207691,0.506105667159,0.474563218129,1,0.5,2023-06-01,0.529316837009,historical_prior,30
2023-06-07,2023-07-07,1,0.152067591671,0.529316837009,0.4430207691,0.504528075886,0.473774422493,1,0.5,2023-06-01,0.529316837009,historical_prior,30
2023-06-08,2023-07-08,1,0.142876173505,0.529316837009,0.4430207691,0.506938293794,0.474979531447,1,0.5,2023-06-01,0.529316837009,historical_prior,30
2023-06-09,2023-07-09,1,0.13909382989,0.529316837009,0.4430207691,0.505373570668,0.474197169884,1,0.5,2023-06-01,0.529316837009,historical_prior,30
2023-06-10,2023-07-10,1,0.176863235119,0.529316837009,0.4430207691,0.503552637443,0.473286703271,1,0.5,2023-06-01,0.529316837009,historical_prior,30
2023-06-11,2023-07-11,1,0.181155269609,0.529316837009,0.4430207691,0.50419449053,0.473607629815,1,0.5,2023-06-01,0.529316837009,historical_prior,30
2023-06-12,2023-07-12,1,0.172737972584,0.529316837009,0.4430207691,0.509091491669,0.476056130384,1,0.5,2023-06-01,0.529316837009,historical_prior,30
2023-06-13,2023-07-13,1,0.212845175781,0.529316837009,0.4430207691,0.50355580914,0.47328828912,1,0.5,2023-06-01,0.529316837009,historical_prior,30
2023-06-14,2023-07-14,1,0.206275319755,0.529316837009,0.4430207691,0.502297088569,0.472658928834,1,0.5,2023-06-01,0.529316837009,historical_prior,30
2023-06-15,2023-07-15,1,0.183254168508,0.529316837009,0.4430207691,0.505166053517,0.474093411308,1,0.5,2023-06-01,0.529316837009,historical_prior,30
2023-06-16,2023-07-16,1,0.147541848548,0.529316837009,0.4430207691,0.509536201185,0.476278485142,1,0.5,2023-06-01,0.529316837009,historical_prior,30
2023-06-17,2023-07-17,1,0.136554337427,0.529316837009,0.4430207691,0.513547363045,0.478284066072,1,0.5,2023-06-01,0.529316837009,historical_prior,30
2023-06-18,2023-07-18,1,0.13360531542,0.529316837009,0.4430207691,0.512140795785,0.477580782442,1,0.5,2023-06-01,0.529316837009,historical_prior,30
2023-06-19,2023-07-19,1,0.114171510951,0.529316837009,0.4430207691,0.514938978498,0.478979873799,1,0.5,2023-06-01,0.529316837009,historical_prior,30
2023-06-20,2023-07-20,1,0.0527063207243,0.529316837009,0.4430207691,0.525887576569,0.484454172834,1,0.5,2023-06-01,0.529316837009,historical_prior,30
2023-06-21,2023-07-21,0,-0.00307295919269,0.529316837009,0.57410729131,0.539976748645,0.557042019977,1,0.5,2023-06-01,0.529316837009,historical_prior,30
2023-06-22,2023-07-22,0,-0.00304233707167,0.529316837009,0.57410729131,0.536934652681,0.555520971996,1,0.5,2023-06-01,0.529316837009,historical_prior,30
2023-06-23,2023-07-23,0,-0.0197060788243,0.529316837009,0.57410729131,0.539110738105,0.556609014708,1,0.5,2023-06-01,0.529316837009,historical_prior,30
2023-06-24,2023-07-24,0,-0.0442529882142,0.529316837009,0.57410729131,0.537507927909,0.555807609609,1,0.5,2023-06-01,0.529316837009,historical_prior,30
2023-06-25,2023-07-25,0,-0.0405004027882,0.529316837009,0.57410729131,0.537389313463,0.555748302386,1,0.5,2023-06-01,0.529316837009,historical_prior,30
2023-06-26,2023-07-26,0,-0.030263985154,0.529316837009,0.57410729131,0.5344395944,0.554273442855,1,0.5,2023-06-01,0.529316837009,historical_prior,30
2023-06-27,2023-07-27,0,-0.047883452733,0.529316837009,0.57410729131,0.527911778486,0.551009534898,1,0.5,2023-06-01,0.529316837009,historical_prior,30
2023-06-28,2023-07-28,0,-0.0253768525947,0.529316837009,0.57410729131,0.520242906389,0.547175098849,1,0.5,2023-06-01,0.529316837009,historical_prior,30
2023-06-29,2023-07-29,0,-0.0359443904897,0.529316837009,0.57410729131,0.52255435482,0.548330823065,1,0.5,2023-06-01,0.529316837009,historical_prior,30
2023-06-30,2023-07-30,0,-0.0390821081649,0.529316837009,0.57410729131,0.520654503938,0.547380897624,1,0.5,2023-06-01,0.529316837009,historical_prior,30
2023-07-01,2023-07-31,0,-0.0442573211839,0.526733721546,0.563127700874,0.519624920209,0.541376310541,1,0.5,2023-07-01,0.526733721546,historical_prior,30
2023-07-02,2023-08-01,0,-0.0297559887422,0.526733721546,0.563127700874,0.519047569362,0.541087635118,1,0.5,2023-07-01,0.526733721546,historical_prior,30
2023-07-03,2023-08-02,0,-0.063235888844,0.526733721546,0.563127700874,0.522793513419,0.542960607146,1,0.5,2023-07-01,0.526733721546,historical_prior,30
2023-07-04,2023-08-03,0,-0.0511227955332,0.526733721546,0.563127700874,0.5195969583,0.541362329587,1,0.5,2023-07-01,0.526733721546,historical_prior,30
2023-07-05,2023-08-04,0,-0.045593465424,0.526733721546,0.563127700874,0.520084026988,0.541605863931,1,0.5,2023-07-01,0.526733721546,historical_prior,30
2023-07-06,2023-08-05,0,-0.0275393262448,0.526733721546,0.563127700874,0.510490503962,0.536809102418,1,0.5,2023-07-01,0.526733721546,historical_prior,30
2023-07-07,2023-08-06,0,-0.0414003104331,0.526733721546,0.563127700874,0.513078527159,0.538103114016,1,0.5,2023-07-01,0.526733721546,historical_prior,30
2023-07-08,2023-08-07,0,-0.0354493351908,0.526733721546,0.563127700874,0.512116874969,0.537622287921,1,0.5,2023-07-01,0.526733721546,historical_prior,30
2023-07-09,2023-08-08,0,-0.0129403452372,0.526733721546,0.563127700874,0.51146218869,0.537294944782,1,0.5,2023-07-01,0.526733721546,historical_prior,30
2023-07-10,2023-08-09,0,-0.0272784338329,0.526733721546,0.563127700874,0.51129957367,0.537213637272,1,0.5,2023-07-01,0.526733721546,historical_prior,30
2023-07-11,2023-08-10,0,-0.0380885047074,0.526733721546,0.563127700874,0.513456609629,0.538292155251,1,0.5,2023-07-01,0.526733721546,historical_prior,30
2023-07-12,2023-08-11,0,-0.0314012508229,0.526733721546,0.563127700874,0.51327786796,0.538202784417,1,0.5,2023-07-01,0.526733721546,historical_prior,30
2023-07-13,2023-08-12,0,-0.0643493736772,0.526733721546,0.563127700874,0.521585056399,0.542356378637,1,0.5,2023-07-01,0.526733721546,historical_prior,30
2023-07-14,2023-08-13,0,-0.0332597541371,0.526733721546,0.563127700874,0.516478482123,0.539803091498,1,0.5,2023-07-01,0.526733721546,historical_prior,30
2023-07-15,2023-08-14,0,-0.0283461078287,0.526733721546,0.563127700874,0.515451044451,0.539289372662,1,0.5,2023-07-01,0.526733721546,historical_prior,30
2023-07-16,2023-08-15,0,-0.0341356953346,0.526733721546,0.563127700874,0.513468400758,0.538298050816,1,0.5,2023-07-01,0.526733721546,historical_prior,30
2023-07-17,2023-08-16,0,-0.0467015064039,0.526733721546,0.563127700874,0.511861304112,0.537494502493,1,0.5,2023-07-01,0.526733721546,historical_prior,30
2023-07-18,2023-08-17,0,-0.108366184815,0.526733721546,0.563127700874,0.510139929734,0.536633815304,1,0.5,2023-07-01,0.526733721546,historical_prior,30
2023-07-19,2023-08-18,0,-0.128897085547,0.526733721546,0.563127700874,0.509937944203,0.536532822538,1,0.5,2023-07-01,0.526733721546,historical_prior,30
2023-07-20,2023-08-19,0,-0.124160738255,0.526733721546,0.563127700874,0.500035850541,0.531581775707,1,0.5,2023-07-01,0.526733721546,historical_prior,30
2023-07-21,2023-08-20,0,-0.124130986445,0.526733721546,0.563127700874,0.496546572883,0.529837136878,1,0.5,2023-07-01,0.526733721546,historical_prior,30
2023-07-22,2023-08-21,0,-0.12308115728,0.526733721546,0.563127700874,0.496246239385,0.529686970129,1,0.5,2023-07-01,0.526733721546,historical_prior,30
2023-07-23,2023-08-22,0,-0.133884572236,0.526733721546,0.563127700874,0.495496302207,0.529312001541,1,0.5,2023-07-01,0.526733721546,historical_prior,30
2023-07-24,2023-08-23,0,-0.094040751975,0.526733721546,0.563127700874,0.492750671154,0.527939186014,1,0.5,2023-07-01,0.526733721546,historical_prior,30
2023-07-25,2023-08-24,0,-0.104309739912,0.526733721546,0.563127700874,0.494077986911,0.528602843893,1,0.5,2023-07-01,0.526733721546,historical_prior,30
2023-07-26,2023-08-25,0,-0.112154350169,0.526733721546,0.563127700874,0.49489443865,0.529011069762,1,0.5,2023-07-01,0.526733721546,historical_prior,30
2023-07-27,2023-08-26,0,-0.109688742823,0.526733721546,0.563127700874,0.493484484528,0.528306092701,1,0.5,2023-07-01,0.526733721546,historical_prior,30
2023-07-28,2023-08-27,0,-0.109584316647,0.526733721546,0.563127700874,0.494121560466,0.52862463067,1,0.5,2023-07-01,0.526733721546,historical_prior,30
2023-07-29,2023-08-28,0,-0.110139032259,0.526733721546,0.563127700874,0.493753832204,0.528440766539,1,0.5,2023-07-01,0.526733721546,historical_prior,30
2023-07-30,2023-08-29,0,-0.0534389259416,0.526733721546,0.563127700874,0.492356743162,0.527742222018,1,0.5,2023-07-01,0.526733721546,historical_prior,30
2023-07-31,2023-08-30,0,-0.0661002830778,0.526733721546,0.563127700874,0.494911288736,0.529019494805,1,0.5,2023-07-01,0.526733721546,historical_prior,30
2023-08-01,2023-08-31,0,-0.126749184255,0.528645833333,0.556100495916,0.502543751607,0.529322123761,1,0.5,2023-08-01,0.528645833333,historical_prior,30
2023-08-02,2023-09-01,0,-0.115841802288,0.528645833333,0.556100495916,0.498723196391,0.527411846153,1,0.5,2023-08-01,0.528645833333,historical_prior,30
2023-08-03,2023-09-02,0,-0.113864869198,0.528645833333,0.556100495916,0.499569048507,0.527834772211,1,0.5,2023-08-01,0.528645833333,historical_prior,30
2023-08-04,2023-09-03,0,-0.107947416345,0.528645833333,0.556100495916,0.499234826695,0.527667661305,1,0.5,2023-08-01,0.528645833333,historical_prior,30
2023-08-05,2023-09-04,0,-0.111657109403,0.528645833333,0.556100495916,0.499294762074,0.527697628995,1,0.5,2023-08-01,0.528645833333,historical_prior,30
2023-08-06,2023-09-05,0,-0.113320696002,0.528645833333,0.556100495916,0.4984705074,0.527285501658,1,0.5,2023-08-01,0.528645833333,historical_prior,30
2023-08-07,2023-09-06,0,-0.118143949586,0.528645833333,0.556100495916,0.499340630821,0.527720563368,1,0.5,2023-08-01,0.528645833333,historical_prior,30
2023-08-08,2023-09-07,0,-0.118084326657,0.528645833333,0.556100495916,0.501361164006,0.528730829961,1,0.5,2023-08-01,0.528645833333,historical_prior,30
2023-08-09,2023-09-08,0,-0.124112339974,0.528645833333,0.556100495916,0.501569845666,0.528835170791,1,0.5,2023-08-01,0.528645833333,historical_prior,30
2023-08-10,2023-09-09,0,-0.120660312503,0.528645833333,0.556100495916,0.500535348437,0.528317922176,1,0.5,2023-08-01,0.528645833333,historical_prior,30
2023-08-11,2023-09-10,0,-0.121811199132,0.528645833333,0.556100495916,0.500931149411,0.528515822664,1,0.5,2023-08-01,0.528645833333,historical_prior,30
2023-08-12,2023-09-11,0,-0.145009356045,0.528645833333,0.556100495916,0.497167720453,0.526634108184,1,0.5,2023-08-01,0.528645833333,historical_prior,30
2023-08-13,2023-09-12,0,-0.118200891078,0.528645833333,0.556100495916,0.495667963098,0.525884229507,1,0.5,2023-08-01,0.528645833333,historical_prior,30
2023-08-14,2023-09-13,0,-0.109032572195,0.528645833333,0.556100495916,0.49599533635,0.526047916133,1,0.5,2023-08-01,0.528645833333,historical_prior,30
2023-08-15,2023-09-14,0,-0.0916873287671,0.528645833333,0.556100495916,0.493414752877,0.524757624396,1,0.5,2023-08-01,0.528645833333,historical_prior,30
2023-08-16,2023-09-15,0,-0.074154966271,0.528645833333,0.556100495916,0.492351540951,0.524226018433,1,0.5,2023-08-01,0.528645833333,historical_prior,30
2023-08-17,2023-09-16,0,-0.00239413358394,0.528645833333,0.477398917995,0.491077094407,0.484238006201,1,0.5,2023-08-01,0.528645833333,historical_prior,30
2023-08-18,2023-09-17,1,0.0181741767099,0.528645833333,0.527553951794,0.488427920835,0.507990936314,1,0.5,2023-08-01,0.528645833333,historical_prior,30
2023-08-19,2023-09-18,1,0.0253831320371,0.528645833333,0.527553951794,0.488874261468,0.508214106631,1,0.5,2023-08-01,0.528645833333,historical_prior,30
2023-08-20,2023-09-19,1,0.0389564868104,0.528645833333,0.527553951794,0.489568233454,0.508561092624,1,0.5,2023-08-01,0.528645833333,historical_prior,30
2023-08-21,2023-09-20,1,0.0382012116239,0.528645833333,0.527553951794,0.489024982942,0.508289467368,1,0.5,2023-08-01,0.528645833333,historical_prior,30
2023-08-22,2023-09-21,1,0.0196530549586,0.528645833333,0.527553951794,0.488646395604,0.508100173699,1,0.5,2023-08-01,0.528645833333,historical_prior,30
2023-08-23,2023-09-22,1,0.00557717858775,0.528645833333,0.527553951794,0.493026158273,0.510290055033,1,0.5,2023-08-01,0.528645833333,historical_prior,30
2023-08-24,2023-09-23,1,0.0151225837995,0.528645833333,0.527553951794,0.498350095677,0.512952023735,1,0.5,2023-08-01,0.528645833333,historical_prior,30
2023-08-25,2023-09-24,1,0.00722831648952,0.528645833333,0.527553951794,0.499345548985,0.513449750389,1,0.5,2023-08-01,0.528645833333,historical_prior,30
2023-08-26,2023-09-25,1,0.0110480036991,0.528645833333,0.527553951794,0.499173010126,0.51336348096,1,0.5,2023-08-01,0.528645833333,historical_prior,30
2023-08-27,2023-09-26,1,0.00459355821463,0.528645833333,0.527553951794,0.499172121509,0.513363036651,1,0.5,2023-08-01,0.528645833333,historical_prior,30
2023-08-28,2023-09-27,1,0.00968568147014,0.528645833333,0.527553951794,0.499410135896,0.513482043845,1,0.5,2023-08-01,0.528645833333,historical_prior,30
2023-08-29,2023-09-28,0,-0.0250736569114,0.528645833333,0.477398917995,0.512445487948,0.494922202972,1,0.5,2023-08-01,0.528645833333,historical_prior,30
2023-08-30,2023-09-29,0,-0.0143967085702,0.528645833333,0.527553951794,0.509308385261,0.518431168528,1,0.5,2023-08-01,0.528645833333,historical_prior,30
2023-08-31,2023-09-30,1,0.0393889466701,0.528645833333,0.527553951794,0.504157522028,0.515855736911,1,0.5,2023-08-01,0.528645833333,historical_prior,30
2023-09-01,2023-10-01,1,0.0847710041252,0.520246027678,0.52670643777,0.493599452935,0.510152945353,1,0.5,2023-09-01,0.520246027678,historical_prior,30
2023-09-02,2023-10-02,1,0.0628152601267,0.520246027678,0.52670643777,0.494131838914,0.510419138342,1,0.5,2023-09-01,0.520246027678,historical_prior,30
2023-09-03,2023-10-03,1,0.0560331998394,0.520246027678,0.52670643777,0.49457861196,0.510642524865,1,0.5,2023-09-01,0.520246027678,historical_prior,30
2023-09-04,2023-10-04,1,0.0756039838891,0.520246027678,0.52670643777,0.493765554566,0.510235996168,1,0.5,2023-09-01,0.520246027678,historical_prior,30
2023-09-05,2023-10-05,1,0.0627436308017,0.520246027678,0.52670643777,0.487818647628,0.507262542699,1,0.5,2023-09-01,0.520246027678,historical_prior,30
2023-09-06,2023-10-06,1,0.084283548687,0.520246027678,0.52670643777,0.488833098573,0.507769768172,1,0.5,2023-09-01,0.520246027678,historical_prior,30
2023-09-07,2023-10-07,1,0.0648131784422,0.520246027678,0.52670643777,0.495630095657,0.511168266714,1,0.5,2023-09-01,0.520246027678,historical_prior,30
2023-09-08,2023-10-08,1,0.0774415777388,0.520246027678,0.52670643777,0.494610707094,0.510658572432,1,0.5,2023-09-01,0.520246027678,historical_prior,30
2023-09-09,2023-10-09,1,0.0651893839804,0.520246027678,0.52670643777,0.494535041296,0.510620739533,1,0.5,2023-09-01,0.520246027678,historical_prior,30
2023-09-10,2023-10-10,1,0.0599231239849,0.520246027678,0.52670643777,0.493860079645,0.510283258707,1,0.5,2023-09-01,0.520246027678,historical_prior,30
2023-09-11,2023-10-11,1,0.068077442164,0.520246027678,0.52670643777,0.491075340137,0.508890888954,1,0.5,2023-09-01,0.520246027678,historical_prior,30
2023-09-12,2023-10-12,1,0.0355853886014,0.520246027678,0.52670643777,0.496308430945,0.511507434358,1,0.5,2023-09-01,0.520246027678,historical_prior,30
2023-09-13,2023-10-13,1,0.0244069864999,0.520246027678,0.52670643777,0.49864943202,0.512677934895,1,0.5,2023-09-01,0.520246027678,historical_prior,30
2023-09-14,2023-10-14,1,0.0124327322263,0.520246027678,0.52670643777,0.499036281298,0.512871359534,1,0.5,2023-09-01,0.520246027678,historical_prior,30
2023-09-15,2023-10-15,1,0.0208327067669,0.520246027678,0.52670643777,0.501326787818,0.514016612794,1,0.5,2023-09-01,0.520246027678,historical_prior,30
2023-09-16,2023-10-16,1,0.0730848689009,0.520246027678,0.52670643777,0.497919285816,0.512312861793,1,0.5,2023-09-01,0.520246027678,historical_prior,30
2023-09-17,2023-10-17,1,0.0704325434238,0.520246027678,0.52670643777,0.498309273792,0.512507855781,1,0.5,2023-09-01,0.520246027678,historical_prior,30
2023-09-18,2023-10-18,1,0.0581967087541,0.520246027678,0.52670643777,0.502168744385,0.514437591077,1,0.5,2023-09-01,0.520246027678,historical_prior,30
2023-09-19,2023-10-19,1,0.0552530552814,0.520246027678,0.52670643777,0.502159298425,0.514432868098,1,0.5,2023-09-01,0.520246027678,historical_prior,30
2023-09-20,2023-10-20,1,0.0937894930876,0.520246027678,0.52670643777,0.500402913525,0.513554675647,1,0.5,2023-09-01,0.520246027678,historical_prior,30
2023-09-21,2023-10-21,1,0.125779506837,0.520246027678,0.52670643777,0.497046229441,0.511876333606,1,0.5,2023-09-01,0.520246027678,historical_prior,30
2023-09-22,2023-10-22,1,0.128378556321,0.520246027678,0.52670643777,0.495907593971,0.511307015871,1,0.5,2023-09-01,0.520246027678,historical_prior,30
2023-09-23,2023-10-23,1,0.244357306378,0.520246027678,0.52670643777,0.496339013681,0.511522725726,1,0.5,2023-09-01,0.520246027678,historical_prior,30
2023-09-24,2023-10-24,1,0.292374234143,0.520246027678,0.52670643777,0.495064766636,0.510885602203,1,0.5,2023-09-01,0.520246027678,historical_prior,30
2023-09-25,2023-10-25,1,0.311397041073,0.520246027678,0.52670643777,0.494595664386,0.510651051078,1,0.5,2023-09-01,0.520246027678,historical_prior,30
2023-09-26,2023-10-26,1,0.302421241668,0.520246027678,0.52670643777,0.492391468357,0.509548953064,1,0.5,2023-09-01,0.520246027678,historical_prior,30
2023-09-27,2023-10-27,1,0.285103433475,0.520246027678,0.52670643777,0.493529766779,0.510118102275,1,0.5,2023-09-01,0.520246027678,historical_prior,30
2023-09-28,2023-10-28,1,0.261260061011,0.520246027678,0.52670643777,0.49199174004,0.509349088905,1,0.5,2023-09-01,0.520246027678,historical_prior,30
2023-09-29,2023-10-29,1,0.283158335241,0.520246027678,0.52670643777,0.491713638266,0.509210038018,1,0.5,2023-09-01,0.520246027678,historical_prior,30
2023-09-30,2023-10-30,1,0.278614864464,0.520246027678,0.52670643777,0.489511870879,0.508109154325,1,0.5,2023-09-01,0.520246027678,historical_prior,30
2023-10-01,2023-10-31,1,0.237463012507,0.51842503786,0.532219064539,0.496267892262,0.5142434784,1,0.5,2023-10-01,0.51842503786,historical_prior,30
2023-10-02,2023-11-01,1,0.288309193363,0.51842503786,0.532219064539,0.494267103951,0.513243084245,1,0.5,2023-10-01,0.51842503786,historical_prior,30
2023-10-03,2023-11-02,1,0.274010207661,0.51842503786,0.532219064539,0.494058837989,0.513138951264,1,0.5,2023-10-01,0.51842503786,historical_prior,30
2023-10-04,2023-11-03,1,0.249768436604,0.51842503786,0.532219064539,0.495645878875,0.513932471707,1,0.5,2023-10-01,0.51842503786,historical_prior,30
2023-10-05,2023-11-04,1,0.279152540332,0.51842503786,0.532219064539,0.492111588258,0.512165326398,1,0.5,2023-10-01,0.51842503786,historical_prior,30
2023-10-06,2023-11-05,1,0.253509261543,0.51842503786,0.532219064539,0.495581046884,0.513900055711,1,0.5,2023-10-01,0.51842503786,historical_prior,30
2023-10-07,2023-11-06,1,0.253585995757,0.51842503786,0.532219064539,0.494159050642,0.51318905759,1,0.5,2023-10-01,0.51842503786,historical_prior,30
2023-10-08,2023-11-07,1,0.268010767613,0.51842503786,0.532219064539,0.490804108412,0.511511586475,1,0.5,2023-10-01,0.51842503786,historical_prior,30
2023-10-09,2023-11-08,1,0.291212941444,0.51842503786,0.532219064539,0.491161430943,0.511690247741,1,0.5,2023-10-01,0.51842503786,historical_prior,30
2023-10-10,2023-11-09,1,0.339938999902,0.51842503786,0.532219064539,0.490615515514,0.511417290026,1,0.5,2023-10-01,0.51842503786,historical_prior,30
2023-10-11,2023-11-10,1,0.387940772867,0.51842503786,0.532219064539,0.487422085898,0.509820575218,1,0.5,2023-10-01,0.51842503786,historical_prior,30
2023-10-12,2023-11-11,1,0.387537869545,0.51842503786,0.532219064539,0.485708888877,0.508963976708,1,0.5,2023-10-01,0.51842503786,historical_prior,30
2023-10-13,2023-11-12,1,0.379797855707,0.51842503786,0.532219064539,0.483527722548,0.507873393543,1,0.5,2023-10-01,0.51842503786,historical_prior,30
2023-10-14,2023-11-13,1,0.357898041447,0.51842503786,0.532219064539,0.482647391774,0.507433228156,1,0.5,2023-10-01,0.51842503786,historical_prior,30
2023-10-15,2023-11-14,1,0.309235973139,0.51842503786,0.532219064539,0.484372502207,0.508295783373,1,0.5,2023-10-01,0.51842503786,historical_prior,30
2023-10-16,2023-11-15,1,0.328321540674,0.51842503786,0.47314796691,0.496027231348,0.484587599129,1,0.5,2023-10-01,0.51842503786,historical_prior,30
2023-10-17,2023-11-16,1,0.273546436793,0.51842503786,0.47314796691,0.496269857221,0.484708912066,1,0.5,2023-10-01,0.51842503786,historical_prior,30
2023-10-18,2023-11-17,1,0.29286440678,0.51842503786,0.47314796691,0.497162482331,0.485155224621,1,0.5,2023-10-01,0.51842503786,historical_prior,30
2023-10-19,2023-11-18,1,0.273541454587,0.51842503786,0.526753326033,0.498556919456,0.512655122744,1,0.5,2023-10-01,0.51842503786,historical_prior,30
2023-10-20,2023-11-19,1,0.259220385965,0.51842503786,0.526753326033,0.504279851935,0.515516588984,1,0.5,2023-10-01,0.51842503786,historical_prior,30
2023-10-21,2023-11-20,1,0.25205718527,0.51842503786,0.526753326033,0.50548866721,0.516120996621,1,0.5,2023-10-01,0.51842503786,historical_prior,30
2023-10-22,2023-11-21,1,0.191687844212,0.51842503786,0.526753326033,0.504822880983,0.515788103508,1,0.5,2023-10-01,0.51842503786,historical_prior,30
2023-10-23,2023-11-22,1,0.131186915992,0.51842503786,0.526753326033,0.524903227109,0.525828276571,1,0.5,2023-10-01,0.51842503786,historical_prior,30
2023-10-24,2023-11-23,1,0.0993891116664,0.51842503786,0.526753326033,0.529177371792,0.527965348912,1,0.5,2023-10-01,0.51842503786,historical_prior,30
2023-10-25,2023-11-24,1,0.0932721282582,0.51842503786,0.526753326033,0.531629804003,0.529191565018,1,0.5,2023-10-01,0.51842503786,historical_prior,30
2023-10-26,2023-11-25,1,0.106261598997,0.51842503786,0.526753326033,0.529398361531,0.528075843782,1,0.5,2023-10-01,0.51842503786,historical_prior,30
2023-10-27,2023-11-26,1,0.104904045259,0.51842503786,0.526753326033,0.525428904693,0.526091115363,1,0.5,2023-10-01,0.51842503786,historical_prior,30
2023-10-28,2023-11-27,1,0.0927701651947,0.51842503786,0.526753326033,0.52406673186,0.525410028946,1,0.5,2023-10-01,0.51842503786,historical_prior,30
2023-10-29,2023-11-28,1,0.0953771213429,0.51842503786,0.526753326033,0.525656122732,0.526204724382,1,0.5,2023-10-01,0.51842503786,historical_prior,30
2023-10-30,2023-11-29,1,0.0980402167037,0.51842503786,0.526753326033,0.516637667674,0.521695496853,1,0.5,2023-10-01,0.51842503786,historical_prior,30
2023-10-31,2023-11-30,1,0.0890360992582,0.51842503786,0.526753326033,0.512288549897,0.519520937965,1,0.5,2023-10-01,0.51842503786,historical_prior,30
2023-11-01,2023-12-01,1,0.0920654530322,0.525844930417,0.527492850208,0.523186744084,0.525339797146,1,0.5,2023-11-01,0.525844930417,historical_prior,30
2023-11-02,2023-12-02,1,0.129037058703,0.525844930417,0.527492850208,0.522742308969,0.525117579588,1,0.5,2023-11-01,0.525844930417,historical_prior,30
2023-11-03,2023-12-03,1,0.151381550939,0.525844930417,0.527492850208,0.522253277258,0.524873063733,1,0.5,2023-11-01,0.525844930417,historical_prior,30
2023-11-04,2023-12-04,1,0.197621817537,0.525844930417,0.527492850208,0.523164823632,0.52532883692,1,0.5,2023-11-01,0.525844930417,historical_prior,30
2023-11-05,2023-12-05,1,0.258810438057,0.525844930417,0.527492850208,0.520987206643,0.524240028425,1,0.5,2023-11-01,0.525844930417,historical_prior,30
2023-11-06,2023-12-06,1,0.248718187963,0.525844930417,0.527492850208,0.521218261113,0.52435555566,1,0.5,2023-11-01,0.525844930417,historical_prior,30
2023-11-07,2023-12-07,1,0.222435472972,0.525844930417,0.527492850208,0.522092662724,0.524792756466,1,0.5,2023-11-01,0.525844930417,historical_prior,30
2023-11-08,2023-12-08,1,0.239897183753,0.525844930417,0.527492850208,0.52094221376,0.524217531984,1,0.5,2023-11-01,0.525844930417,historical_prior,30
2023-11-09,2023-12-09,1,0.1910708919,0.525844930417,0.527492850208,0.526628263943,0.527060557075,1,0.5,2023-11-01,0.525844930417,historical_prior,30
2023-11-10,2023-12-10,1,0.173930200905,0.525844930417,0.527492850208,0.529336806865,0.528414828537,1,0.5,2023-11-01,0.525844930417,historical_prior,30
2023-11-11,2023-12-11,1,0.111053056827,0.525844930417,0.527492850208,0.527978154658,0.527735502433,1,0.5,2023-11-01,0.525844930417,historical_prior,30
2023-11-12,2023-12-12,1,0.119475622387,0.525844930417,0.527492850208,0.527831138023,0.527661994116,1,0.5,2023-11-01,0.525844930417,historical_prior,30
2023-11-13,2023-12-13,1,0.175688020683,0.525844930417,0.527492850208,0.52615748159,0.526825165899,1,0.5,2023-11-01,0.525844930417,historical_prior,30
2023-11-14,2023-12-14,1,0.210149646186,0.525844930417,0.527492850208,0.522547974399,0.525020412303,1,0.5,2023-11-01,0.525844930417,historical_prior,30
2023-11-15,2023-12-15,1,0.107826045612,0.525844930417,0.527492850208,0.529657001413,0.52857492581,1,0.5,2023-11-01,0.525844930417,historical_prior,30
2023-11-16,2023-12-16,1,0.169079826599,0.525844930417,0.527492850208,0.523317714684,0.525405282446,1,0.5,2023-11-01,0.525844930417,historical_prior,30
2023-11-17,2023-12-17,1,0.13002513798,0.525844930417,0.527492850208,0.523476575293,0.52548471275,1,0.5,2023-11-01,0.525844930417,historical_prior,30
2023-11-18,2023-12-18,1,0.166530391243,0.525844930417,0.527492850208,0.523243624778,0.525368237493,1,0.5,2023-11-01,0.525844930417,historical_prior,30
2023-11-19,2023-12-19,1,0.131588555203,0.525844930417,0.527492850208,0.524620024113,0.52605643716,1,0.5,2023-11-01,0.525844930417,historical_prior,30
2023-11-20,2023-12-20,1,0.166097533751,0.525844930417,0.527492850208,0.526164192825,0.526828521517,1,0.5,2023-11-01,0.525844930417,historical_prior,30
2023-11-21,2023-12-21,1,0.227190126925,0.525844930417,0.527492850208,0.524448693367,0.525970771787,1,0.5,2023-11-01,0.525844930417,historical_prior,30
2023-11-22,2023-12-22,1,0.175380677143,0.525844930417,0.527492850208,0.514914921498,0.521203885853,1,0.5,2023-11-01,0.525844930417,historical_prior,30
2023-11-23,2023-12-23,1,0.1718193782,0.525844930417,0.527492850208,0.517368438627,0.522430644417,1,0.5,2023-11-01,0.525844930417,historical_prior,30
2023-11-24,2023-12-24,1,0.139947769463,0.525844930417,0.527492850208,0.516928185168,0.522210517688,1,0.5,2023-11-01,0.525844930417,historical_prior,30
2023-11-25,2023-12-25,1,0.153397491363,0.525844930417,0.527492850208,0.517512470779,0.522502660493,1,0.5,2023-11-01,0.525844930417,historical_prior,30
2023-11-26,2023-12-26,1,0.135162813576,0.525844930417,0.527492850208,0.514652621677,0.521072735942,1,0.5,2023-11-01,0.525844930417,historical_prior,30
2023-11-27,2023-12-27,1,0.166103692804,0.525844930417,0.527492850208,0.513540995085,0.520516922646,1,0.5,2023-11-01,0.525844930417,historical_prior,30
2023-11-28,2023-12-28,1,0.125463558271,0.525844930417,0.527492850208,0.519491726727,0.523492288467,1,0.5,2023-11-01,0.525844930417,historical_prior,30
2023-11-29,2023-12-29,1,0.111275922846,0.525844930417,0.527492850208,0.515401892121,0.521447371165,1,0.5,2023-11-01,0.525844930417,historical_prior,30
2023-11-30,2023-12-30,1,0.117069363874,0.525844930417,0.527492850208,0.515070449761,0.521281649985,1,0.5,2023-11-01,0.525844930417,historical_prior,30
2023-12-01,2023-12-31,1,0.0930926940644,0.532810969638,0.534883173873,0.526466313265,0.530674743569,1,0.5,2023-12-01,0.532810969638,historical_prior,30
2023-12-02,2024-01-01,1,0.119877263446,0.532810969638,0.534883173873,0.529699505957,0.532291339915,1,0.5,2023-12-01,0.532810969638,historical_prior,30
2023-12-03,2024-01-02,1,0.124452557849,0.532810969638,0.534883173873,0.532775948101,0.533829560987,1,0.5,2023-12-01,0.532810969638,historical_prior,30
2023-12-04,2024-01-03,1,0.0203407388709,0.532810969638,0.534883173873,0.541514582479,0.538198878176,1,0.5,2023-12-01,0.532810969638,historical_prior,30
2023-12-05,2024-01-04,1,0.00176478649668,0.532810969638,0.534883173873,0.548147942861,0.541515558367,1,0.5,2023-12-01,0.532810969638,historical_prior,30
2023-12-06,2024-01-05,1,0.00873849390885,0.532810969638,0.534883173873,0.54711222338,0.540997698626,1,0.5,2023-12-01,0.532810969638,historical_prior,30
2023-12-07,2024-01-06,1,0.0160649308093,0.532810969638,0.534883173873,0.545654497728,0.5402688358,1,0.5,2023-12-01,0.532810969638,historical_prior,30
2023-12-08,2024-01-07,0,-0.00547802981097,0.532810969638,0.534883173873,0.545893507052,0.540388340462,1,0.5,2023-12-01,0.532810969638,historical_prior,30
2023-12-09,2024-01-08,1,0.0740602466967,0.532810969638,0.534883173873,0.540946057838,0.537914615855,1,0.5,2023-12-01,0.532810969638,historical_prior,30
2023-12-10,2024-01-09,1,0.052991915187,0.532810969638,0.534883173873,0.539091271073,0.536987222473,1,0.5,2023-12-01,0.532810969638,historical_prior,30
2023-12-11,2024-01-10,1,0.130912603567,0.532810969638,0.534883173873,0.528143629537,0.531513401705,1,0.5,2023-12-01,0.532810969638,historical_prior,30
2023-12-12,2024-01-11,1,0.116811058606,0.532810969638,0.534883173873,0.524007195641,0.529445184757,1,0.5,2023-12-01,0.532810969638,historical_prior,30
2023-12-13,2024-01-12,0,-0.00201310829753,0.532810969638,0.534883173873,0.530413790611,0.532648482242,1,0.5,2023-12-01,0.532810969638,historical_prior,30
2023-12-14,2024-01-13,0,-0.00405069375714,0.532810969638,0.534883173873,0.532564177589,0.533723675731,1,0.5,2023-12-01,0.532810969638,historical_prior,30
2023-12-15,2024-01-14,0,-0.00495823825771,0.532810969638,0.534883173873,0.522457243139,0.528670208506,1,0.5,2023-12-01,0.532810969638,historical_prior,30
2023-12-16,2024-01-15,1,0.00551279234155,0.532810969638,0.534883173873,0.52490406942,0.529893621646,1,0.5,2023-12-01,0.532810969638,historical_prior,30
2023-12-17,2024-01-16,1,0.0426178831724,0.532810969638,0.534883173873,0.521499376097,0.528191274985,1,0.5,2023-12-01,0.532810969638,historical_prior,30
2023-12-18,2024-01-17,1,0.00277323256239,0.532810969638,0.534883173873,0.532667130693,0.533775152283,1,0.5,2023-12-01,0.532810969638,historical_prior,30
2023-12-19,2024-01-18,0,-0.022435666202,0.532810969638,0.534883173873,0.529787608169,0.532335391021,1,0.5,2023-12-01,0.532810969638,historical_prior,30
2023-12-20,2024-01-19,0,-0.0460258586597,0.532810969638,0.534883173873,0.531547264136,0.533215219004,1,0.5,2023-12-01,0.532810969638,historical_prior,30
2023-12-21,2024-01-20,0,-0.0493769065565,0.532810969638,0.534883173873,0.531817258493,0.533350216183,1,0.5,2023-12-01,0.532810969638,historical_prior,30
2023-12-22,2024-01-21,0,-0.0543270901525,0.532810969638,0.534883173873,0.531721233188,0.53330220353,1,0.5,2023-12-01,0.532810969638,historical_prior,30
2023-12-23,2024-01-22,0,-0.0945980702098,0.532810969638,0.534883173873,0.530178630979,0.532530902426,1,0.5,2023-12-01,0.532810969638,historical_prior,30
2023-12-24,2024-01-23,0,-0.071965388507,0.532810969638,0.534883173873,0.529883712174,0.532383443023,1,0.5,2023-12-01,0.532810969638,historical_prior,30
2023-12-25,2024-01-24,0,-0.0801184042732,0.532810969638,0.534883173873,0.528656718996,0.531769946434,1,0.5,2023-12-01,0.532810969638,historical_prior,30
2023-12-26,2024-01-25,0,-0.0599365827369,0.532810969638,0.534883173873,0.526869763251,0.530876468562,1,0.5,2023-12-01,0.532810969638,historical_prior,30
2023-12-27,2024-01-26,0,-0.0369648286796,0.532810969638,0.534883173873,0.526983003211,0.530933088542,1,0.5,2023-12-01,0.532810969638,historical_prior,30
2023-12-28,2024-01-27,0,-0.0104109693317,0.532810969638,0.534883173873,0.523303857265,0.529093515569,1,0.5,2023-12-01,0.532810969638,historical_prior,30
2023-12-29,2024-01-28,0,-0.000853163825759,0.532810969638,0.534883173873,0.521466230455,0.528174702164,1,0.5,2023-12-01,0.532810969638,historical_prior,30
2023-12-30,2024-01-29,1,0.027584534322,0.532810969638,0.534883173873,0.522469124269,0.528676149071,1,0.5,2023-12-01,0.532810969638,historical_prior,30
2023-12-31,2024-01-30,1,0.0155502443265,0.532810969638,0.534883173873,0.523263356342,0.529073265107,1,0.5,2023-12-01,0.532810969638,historical_prior,30
2024-01-01,2024-01-31,0,-0.0362056652908,0.53979739508,0.550772719701,0.53776002905,0.544266374376,1,0.5,2024-01-01,0.53979739508,historical_prior,30
2024-01-02,2024-02-01,0,-0.0414704815081,0.53979739508,0.550772719701,0.542215769032,0.546494244366,1,0.5,2024-01-01,0.53979739508,historical_prior,30
2024-01-03,2024-02-02,1,0.00828026830525,0.53979739508,0.550772719701,0.530498969396,0.540635844549,1,0.5,2024-01-01,0.53979739508,historical_prior,30
2024-01-04,2024-02-03,0,-0.0258206477302,0.53979739508,0.550772719701,0.533696615646,0.542234667673,1,0.5,2024-01-01,0.53979739508,historical_prior,30
2024-01-05,2024-02-04,0,-0.0353885175504,0.53979739508,0.550772719701,0.535168659516,0.542970689608,1,0.5,2024-01-01,0.53979739508,historical_prior,30
2024-01-06,2024-02-05,0,-0.0286483540877,0.53979739508,0.550772719701,0.534880862115,0.542826790908,1,0.5,2024-01-01,0.53979739508,historical_prior,30
2024-01-07,2024-02-06,0,-0.0188957094877,0.53979739508,0.550772719701,0.533087533929,0.541930126815,1,0.5,2024-01-01,0.53979739508,historical_prior,30
2024-01-08,2024-02-07,0,-0.0554075053503,0.53979739508,0.550772719701,0.5418986683,0.546335694001,1,0.5,2024-01-01,0.53979739508,historical_prior,30
2024-01-09,2024-02-08,0,-0.0178128388636,0.53979739508,0.550772719701,0.5375922706,0.544182495151,1,0.5,2024-01-01,0.53979739508,historical_prior,30
2024-01-10,2024-02-09,1,0.0102623591251,0.53979739508,0.550772719701,0.544824315147,0.547798517424,1,0.5,2024-01-01,0.53979739508,historical_prior,30
2024-01-11,2024-02-10,1,0.0304694776513,0.53979739508,0.550772719701,0.540598779393,0.545685749547,1,0.5,2024-01-01,0.53979739508,historical_prior,30
2024-01-12,2024-02-11,1,0.12895997988,0.53979739508,0.550772719701,0.530201636616,0.540487178159,1,0.5,2024-01-01,0.53979739508,historical_prior,30
2024-01-13,2024-02-12,1,0.164985101985,0.53979739508,0.550772719701,0.530643280436,0.540708000069,1,0.5,2024-01-01,0.53979739508,historical_prior,30
2024-01-14,2024-02-13,1,0.190912805054,0.53979739508,0.550772719701,0.528043771501,0.539408245601,1,0.5,2024-01-01,0.53979739508,historical_prior,30
2024-01-15,2024-02-14,1,0.218391667118,0.53979739508,0.550772719701,0.523953853749,0.537363286725,1,0.5,2024-01-01,0.53979739508,historical_prior,30
2024-01-16,2024-02-15,1,0.202653348154,0.53979739508,0.550772719701,0.528919340225,0.539846029963,1,0.5,2024-01-01,0.53979739508,historical_prior,30
2024-01-17,2024-02-16,1,0.218533480144,0.53979739508,0.550772719701,0.524454653829,0.537613686765,1,0.5,2024-01-01,0.53979739508,historical_prior,30
2024-01-18,2024-02-17,1,0.249595063819,0.53979739508,0.550772719701,0.520946387661,0.535859553681,1,0.5,2024-01-01,0.53979739508,historical_prior,30
2024-01-19,2024-02-18,1,0.251533461053,0.53979739508,0.550772719701,0.527901518639,0.53933711917,1,0.5,2024-01-01,0.53979739508,historical_prior,30
2024-01-20,2024-02-19,1,0.241718158367,0.53979739508,0.550772719701,0.527640357583,0.539206538642,1,0.5,2024-01-01,0.53979739508,historical_prior,30
2024-01-21,2024-02-20,1,0.256815903096,0.53979739508,0.550772719701,0.52971472837,0.540243724036,1,0.5,2024-01-01,0.53979739508,historical_prior,30
2024-01-22,2024-02-21,1,0.310386266485,0.53979739508,0.550772719701,0.521833389401,0.536303054551,1,0.5,2024-01-01,0.53979739508,historical_prior,30
2024-01-23,2024-02-22,1,0.285501383542,0.53979739508,0.550772719701,0.522440049401,0.536606384551,1,0.5,2024-01-01,0.53979739508,historical_prior,30
2024-01-24,2024-02-23,1,0.265917473122,0.53979739508,0.550772719701,0.523190956015,0.536981837858,1,0.5,2024-01-01,0.53979739508,historical_prior,30
2024-01-25,2024-02-24,1,0.290460795739,0.53979739508,0.550772719701,0.527157209834,0.538964964768,1,0.5,2024-01-01,0.53979739508,historical_prior,30
2024-01-26,2024-02-25,1,0.236836650009,0.53979739508,0.550772719701,0.533094863498,0.5419337916,1,0.5,2024-01-01,0.53979739508,historical_prior,30
2024-01-27,2024-02-26,1,0.293344140389,0.53979739508,0.550772719701,0.534941781379,0.54285725054,1,0.5,2024-01-01,0.53979739508,historical_prior,30
2024-01-28,2024-02-27,1,0.357028349987,0.53979739508,0.550772719701,0.535423337883,0.543098028792,1,0.5,2024-01-01,0.53979739508,historical_prior,30
2024-01-29,2024-02-28,1,0.441759982634,0.53979739508,0.550772719701,0.545214878033,0.547993798867,1,0.5,2024-01-01,0.53979739508,historical_prior,30
2024-01-30,2024-02-29,1,0.423600699563,0.53979739508,0.550772719701,0.542992787809,0.546882753755,1,0.5,2024-01-01,0.53979739508,historical_prior,30
2024-01-31,2024-03-01,1,0.465192578675,0.53979739508,0.550772719701,0.538024788512,0.544398754107,1,0.5,2024-01-01,0.53979739508,historical_prior,30
2024-02-01,2024-03-02,1,0.438789460515,0.53897338403,0.548576282784,0.538497428399,0.543536855592,1,0.5,2024-02-01,0.53897338403,historical_prior,30
2024-02-02,2024-03-03,1,0.460971527778,0.53897338403,0.548576282784,0.535305022098,0.541940652441,1,0.5,2024-02-01,0.53897338403,historical_prior,30
2024-02-03,2024-03-04,1,0.586700313803,0.53897338403,0.548576282784,0.531857229633,0.540216756208,1,0.5,2024-02-01,0.53897338403,historical_prior,30
2024-02-04,2024-03-05,1,0.496470177686,0.53897338403,0.548576282784,0.530582537635,0.53957941021,1,0.5,2024-02-01,0.53897338403,historical_prior,30
2024-02-05,2024-03-06,1,0.54708619087,0.53897338403,0.548576282784,0.528129645049,0.538352963916,1,0.5,2024-02-01,0.53897338403,historical_prior,30
2024-02-06,2024-03-07,1,0.550459349938,0.53897338403,0.480872983249,0.53051803444,0.505695508845,1,0.5,2024-02-01,0.53897338403,historical_prior,30
2024-02-07,2024-03-08,1,0.536072253188,0.53897338403,0.548576282784,0.530202376995,0.53938932989,1,0.5,2024-02-01,0.53897338403,historical_prior,30
2024-02-08,2024-03-09,1,0.508397137031,0.53897338403,0.548576282784,0.533262323452,0.540919303118,1,0.5,2024-02-01,0.53897338403,historical_prior,30
2024-02-09,2024-03-10,1,0.463013525409,0.53897338403,0.548576282784,0.53949098444,0.544033633612,1,0.5,2024-02-01,0.53897338403,historical_prior,30
2024-02-10,2024-03-11,1,0.509454548577,0.53897338403,0.548576282784,0.54235182611,0.545464054447,1,0.5,2024-02-01,0.53897338403,historical_prior,30
2024-02-11,2024-03-12,1,0.479337987441,0.53897338403,0.548576282784,0.544499248076,0.54653776543,1,0.5,2024-02-01,0.53897338403,historical_prior,30
2024-02-12,2024-03-13,1,0.463870319831,0.53897338403,0.548576282784,0.549777182112,0.549176732448,1,0.5,2024-02-01,0.53897338403,historical_prior,30
2024-02-13,2024-03-14,1,0.436409032751,0.53897338403,0.548576282784,0.548772194953,0.548674238869,1,0.5,2024-02-01,0.53897338403,historical_prior,30
2024-02-14,2024-03-15,1,0.341821061694,0.53897338403,0.548576282784,0.552047930426,0.550312106605,1,0.5,2024-02-01,0.53897338403,historical_prior,30
2024-02-15,2024-03-16,1,0.258686006168,0.53897338403,0.548576282784,0.549380707254,0.548978495019,1,0.5,2024-02-01,0.53897338403,historical_prior,30
2024-02-16,2024-03-17,1,0.312127535607,0.53897338403,0.548576282784,0.54623009902,0.547403190902,1,0.5,2024-02-01,0.53897338403,historical_prior,30
2024-02-17,2024-03-18,1,0.309189266854,0.53897338403,0.548576282784,0.544029847127,0.546303064956,1,0.5,2024-02-01,0.53897338403,historical_prior,30
2024-02-18,2024-03-19,1,0.187958725428,0.53897338403,0.548576282784,0.543917495318,0.546246889051,1,0.5,2024-02-01,0.53897338403,historical_prior,30
2024-02-19,2024-03-20,1,0.310301569897,0.53897338403,0.548576282784,0.539506593897,0.54404143834,1,0.5,2024-02-01,0.53897338403,historical_prior,30
2024-02-20,2024-03-21,1,0.253401244039,0.53897338403,0.548576282784,0.54145241695,0.545014349867,1,0.5,2024-02-01,0.53897338403,historical_prior,30
2024-02-21,2024-03-22,1,0.230422190116,0.53897338403,0.548576282784,0.535705346156,0.54214081447,1,0.5,2024-02-01,0.53897338403,historical_prior,30
2024-02-22,2024-03-23,1,0.247650249316,0.53897338403,0.548576282784,0.533797800212,0.541187041498,1,0.5,2024-02-01,0.53897338403,historical_prior,30
2024-02-23,2024-03-24,1,0.324487453234,0.53897338403,0.548576282784,0.531735719482,0.540156001133,1,0.5,2024-02-01,0.53897338403,historical_prior,30
2024-02-24,2024-03-25,1,0.355098353211,0.53897338403,0.548576282784,0.535292467745,0.541934375264,1,0.5,2024-02-01,0.53897338403,historical_prior,30
2024-02-25,2024-03-26,1,0.352978077031,0.53897338403,0.548576282784,0.531146472757,0.53986137777,1,0.5,2024-02-01,0.53897338403,historical_prior,30
2024-02-26,2024-03-27,1,0.275229287067,0.53897338403,0.548576282784,0.541346892338,0.544961587561,1,0.5,2024-02-01,0.53897338403,historical_prior,30
2024-02-27,2024-03-28,1,0.240951979878,0.53897338403,0.548576282784,0.548581441642,0.548578862213,1,0.5,2024-02-01,0.53897338403,historical_prior,30
2024-02-28,2024-03-29,1,0.118824130535,0.53897338403,0.548576282784,0.565929925463,0.557253104124,1,0.5,2024-02-01,0.53897338403,historical_prior,30
2024-02-29,2024-03-30,1,0.138247415631,0.53897338403,0.548576282784,0.564700815652,0.556638549218,1,0.5,2024-02-01,0.53897338403,historical_prior,30
2024-03-01,2024-03-31,1,0.142529400733,0.5419596812,0.554892126423,0.570978737987,0.562935432205,1,0.5,2024-03-01,0.5419596812,historical_prior,30
2024-03-02,2024-04-01,1,0.123614393146,0.5419596812,0.554892126423,0.568236145533,0.561564135978,1,0.5,2024-03-01,0.5419596812,historical_prior,30
2024-03-03,2024-04-02,1,0.0372345456957,0.5419596812,0.554892126423,0.570328562106,0.562610344264,1,0.5,2024-03-01,0.5419596812,historical_prior,30
2024-03-04,2024-04-03,0,-0.0334443000153,0.5419596812,0.554892126423,0.578933629747,0.566912878085,1,0.5,2024-03-01,0.5419596812,historical_prior,30
2024-03-05,2024-04-04,1,0.074756437958,0.5419596812,0.554892126423,0.568662904191,0.561777515307,1,0.5,2024-03-01,0.5419596812,historical_prior,30
2024-03-06,2024-04-05,1,0.026433679551,0.5419596812,0.554892126423,0.565486382893,0.560189254658,1,0.5,2024-03-01,0.5419596812,historical_prior,30
2024-03-07,2024-04-06,1,0.0310196298679,0.5419596812,0.554892126423,0.56859204946,0.561742087942,1,0.5,2024-03-01,0.5419596812,historical_prior,30
2024-03-08,2024-04-07,1,0.0181462708034,0.5419596812,0.554892126423,0.5680290157,0.561460571062,1,0.5,2024-03-01,0.5419596812,historical_prior,30
2024-03-09,2024-04-08,1,0.0484053830244,0.5419596812,0.554892126423,0.568063795418,0.561477960921,1,0.5,2024-03-01,0.5419596812,historical_prior,30
2024-03-10,2024-04-09,1,0.00275712528069,0.5419596812,0.554892126423,0.565524582877,0.56020835465,1,0.5,2024-03-01,0.5419596812,historical_prior,30
2024-03-11,2024-04-10,0,-0.0200757234167,0.5419596812,0.554892126423,0.564444700395,0.559668413409,1,0.5,2024-03-01,0.5419596812,historical_prior,30
2024-03-12,2024-04-11,0,-0.0202342803233,0.5419596812,0.554892126423,0.569216819686,0.562054473055,1,0.5,2024-03-01,0.5419596812,historical_prior,30
2024-03-13,2024-04-12,0,-0.0815066863129,0.5419596812,0.554892126423,0.567374595683,0.561133361053,1,0.5,2024-03-01,0.5419596812,historical_prior,30
2024-03-14,2024-04-13,0,-0.104560034089,0.5419596812,0.554892126423,0.563637758863,0.559264942643,1,0.5,2024-03-01,0.5419596812,historical_prior,30
2024-03-15,2024-04-14,0,-0.0552232846546,0.5419596812,0.554892126423,0.556246780953,0.555569453688,1,0.5,2024-03-01,0.5419596812,historical_prior,30
2024-03-16,2024-04-15,0,-0.0287997221466,0.5419596812,0.554892126423,0.549081779127,0.551986952775,1,0.5,2024-03-01,0.5419596812,historical_prior,30
2024-03-17,2024-04-16,0,-0.0672591890338,0.5419596812,0.554892126423,0.555284229152,0.555088177788,1,0.5,2024-03-01,0.5419596812,historical_prior,30
2024-03-18,2024-04-17,0,-0.0936639688898,0.5419596812,0.554892126423,0.549895460909,0.552393793666,1,0.5,2024-03-01,0.5419596812,historical_prior,30
2024-03-19,2024-04-18,1,0.0247456302654,0.5419596812,0.554892126423,0.541070978485,0.547981552454,1,0.5,2024-03-01,0.5419596812,historical_prior,30
2024-03-20,2024-04-19,0,-0.0592934811369,0.5419596812,0.554892126423,0.554986485936,0.554939306179,1,0.5,2024-03-01,0.5419596812,historical_prior,30
2024-03-21,2024-04-20,0,-0.0085598340307,0.5419596812,0.554892126423,0.552290107146,0.553591116784,1,0.5,2024-03-01,0.5419596812,historical_prior,30
2024-03-22,2024-04-21,1,0.0179399730143,0.5419596812,0.554892126423,0.551659880275,0.553276003349,1,0.5,2024-03-01,0.5419596812,historical_prior,30
2024-03-23,2024-04-22,1,0.0442148704149,0.5419596812,0.554892126423,0.558348156075,0.556620141249,1,0.5,2024-03-01,0.5419596812,historical_prior,30
2024-03-24,2024-04-23,0,-0.011843328648,0.5419596812,0.554892126423,0.561999258866,0.558445692644,1,0.5,2024-03-01,0.5419596812,historical_prior,30
2024-03-25,2024-04-24,0,-0.0800002747567,0.5419596812,0.554892126423,0.568134177926,0.561513152174,1,0.5,2024-03-01,0.5419596812,historical_prior,30
2024-03-26,2024-04-25,0,-0.0784371606561,0.5419596812,0.554892126423,0.576238323496,0.565565224959,1,0.5,2024-03-01,0.5419596812,historical_prior,30
2024-03-27,2024-04-26,0,-0.0820495295882,0.5419596812,0.554892126423,0.5638853966,0.559388761511,1,0.5,2024-03-01,0.5419596812,historical_prior,30
2024-03-28,2024-04-27,0,-0.103398671387,0.5419596812,0.554892126423,0.567198792529,0.561045459476,1,0.5,2024-03-01,0.5419596812,historical_prior,30
2024-03-29,2024-04-28,0,-0.0963760623755,0.5419596812,0.554892126423,0.561115236843,0.558003681633,1,0.5,2024-03-01,0.5419596812,historical_prior,30
2024-03-30,2024-04-29,0,-0.0821500562357,0.5419596812,0.554892126423,0.561040868014,0.557966497218,1,0.5,2024-03-01,0.5419596812,historical_prior,30
2024-03-31,2024-04-30,0,-0.148821668235,0.5419596812,0.554892126423,0.558997678834,0.556944902629,1,0.5,2024-03-01,0.5419596812,historical_prior,30
2024-04-01,2024-05-01,0,-0.162022432225,0.548521256932,0.568338392598,0.560078094837,0.564208243718,1,0.5,2024-04-01,0.548521256932,historical_prior,30
2024-04-02,2024-05-02,0,-0.0978153027336,0.548521256932,0.568338392598,0.550181373026,0.559259882812,1,0.5,2024-04-01,0.548521256932,historical_prior,30
2024-04-03,2024-05-03,0,-0.0467118978923,0.548521256932,0.568338392598,0.546607301958,0.557472847278,1,0.5,2024-04-01,0.548521256932,historical_prior,30
2024-04-04,2024-05-04,0,-0.0671032018992,0.548521256932,0.568338392598,0.552824546985,0.560581469792,1,0.5,2024-04-01,0.548521256932,historical_prior,30
2024-04-05,2024-05-05,0,-0.0561572571882,0.548521256932,0.568338392598,0.550521423001,0.5594299078,1,0.5,2024-04-01,0.548521256932,historical_prior,30
2024-04-06,2024-05-06,0,-0.0831805910358,0.548521256932,0.568338392598,0.552937905261,0.560638148929,1,0.5,2024-04-01,0.548521256932,historical_prior,30
2024-04-07,2024-05-07,0,-0.101618661602,0.548521256932,0.568338392598,0.550434248627,0.559386320612,1,0.5,2024-04-01,0.548521256932,historical_prior,30
2024-04-08,2024-05-08,0,-0.145587405753,0.548521256932,0.568338392598,0.558192217961,0.563265305279,1,0.5,2024-04-01,0.548521256932,historical_prior,30
2024-04-09,2024-05-09,0,-0.0878140456426,0.548521256932,0.568338392598,0.558909033626,0.563623713112,1,0.5,2024-04-01,0.548521256932,historical_prior,30
2024-04-10,2024-05-10,0,-0.13918929174,0.548521256932,0.568338392598,0.558922324802,0.5636303587,1,0.5,2024-04-01,0.548521256932,historical_prior,30
2024-04-11,2024-05-11,0,-0.131134614734,0.548521256932,0.568338392598,0.553917314678,0.561127853638,1,0.5,2024-04-01,0.548521256932,historical_prior,30
2024-04-12,2024-05-12,0,-0.0839216633997,0.548521256932,0.568338392598,0.547356907352,0.557847649975,1,0.5,2024-04-01,0.548521256932,historical_prior,30
2024-04-13,2024-05-13,0,-0.0153998833937,0.548521256932,0.568338392598,0.53938275338,0.553860572989,1,0.5,2024-04-01,0.548521256932,historical_prior,30
2024-04-14,2024-05-14,0,-0.0622027954136,0.548521256932,0.568338392598,0.544360340923,0.55634936676,1,0.5,2024-04-01,0.548521256932,historical_prior,30
2024-04-15,2024-05-15,1,0.0439374083787,0.548521256932,0.568338392598,0.537391615349,0.552865003973,1,0.5,2024-04-01,0.548521256932,historical_prior,30
2024-04-16,2024-05-16,1,0.0226014011797,0.548521256932,0.568338392598,0.539084964734,0.553711678666,1,0.5,2024-04-01,0.548521256932,historical_prior,30
2024-04-17,2024-05-17,1,0.0937806240705,0.548521256932,0.568338392598,0.531250890868,0.549794641733,1,0.5,2024-04-01,0.548521256932,historical_prior,30
2024-04-18,2024-05-18,1,0.0542794337111,0.548521256932,0.568338392598,0.539893880191,0.554116136395,1,0.5,2024-04-01,0.548521256932,historical_prior,30
2024-04-19,2024-05-19,1,0.0384844340963,0.548521256932,0.568338392598,0.537610362374,0.552974377486,1,0.5,2024-04-01,0.548521256932,historical_prior,30
2024-04-20,2024-05-20,1,0.100184337715,0.548521256932,0.568338392598,0.546887069159,0.557612730878,1,0.5,2024-04-01,0.548521256932,historical_prior,30
2024-04-21,2024-05-21,1,0.0801832120312,0.548521256932,0.568338392598,0.544965804464,0.556652098531,1,0.5,2024-04-01,0.548521256932,historical_prior,30
2024-04-22,2024-05-22,1,0.035129061475,0.548521256932,0.568338392598,0.553377216945,0.560857804771,1,0.5,2024-04-01,0.548521256932,historical_prior,30
2024-04-23,2024-05-23,1,0.0234235251604,0.548521256932,0.568338392598,0.54841364582,0.558376019209,1,0.5,2024-04-01,0.548521256932,historical_prior,30
2024-04-24,2024-05-24,1,0.0662688936109,0.548521256932,0.568338392598,0.545215466558,0.556776929578,1,0.5,2024-04-01,0.548521256932,historical_prior,30
2024-04-25,2024-05-25,1,0.0743000517533,0.548521256932,0.568338392598,0.541921574571,0.555129983584,1,0.5,2024-04-01,0.548521256932,historical_prior,30
2024-04-26,2024-05-26,1,0.0742929160588,0.548521256932,0.568338392598,0.539845402975,0.554091897786,1,0.5,2024-04-01,0.548521256932,historical_prior,30
2024-04-27,2024-05-27,1,0.0941421934834,0.548521256932,0.568338392598,0.536067449774,0.552202921186,1,0.5,2024-04-01,0.548521256932,historical_prior,30
2024-04-28,2024-05-28,1,0.0836483750754,0.548521256932,0.568338392598,0.535742099598,0.552040246098,1,0.5,2024-04-01,0.548521256932,historical_prior,30
2024-04-29,2024-05-29,1,0.0592869445401,0.548521256932,0.568338392598,0.534877471461,0.551607932029,1,0.5,2024-04-01,0.548521256932,historical_prior,30
2024-04-30,2024-05-30,1,0.126585080432,0.548521256932,0.568338392598,0.526669337072,0.547503864835,1,0.5,2024-04-01,0.548521256932,historical_prior,30
2024-05-01,2024-05-31,1,0.157201143083,0.546034639927,0.483467679985,0.52293933011,0.503203505048,1,0.5,2024-05-01,0.546034639927,historical_prior,30
2024-05-02,2024-06-01,1,0.147411955278,0.546034639927,0.483467679985,0.525871020505,0.504669350245,1,0.5,2024-05-01,0.546034639927,historical_prior,30
2024-05-03,2024-06-02,1,0.0776632299127,0.546034639927,0.562458404492,0.538265929577,0.550362167035,1,0.5,2024-05-01,0.546034639927,historical_prior,30
2024-05-04,2024-06-03,1,0.0769714036365,0.546034639927,0.562458404492,0.539098776888,0.55077859069,1,0.5,2024-05-01,0.546034639927,historical_prior,30
2024-05-05,2024-06-04,1,0.101947134912,0.546034639927,0.562458404492,0.540373102276,0.551415753384,1,0.5,2024-05-01,0.546034639927,historical_prior,30
2024-05-06,2024-06-05,1,0.125746633549,0.546034639927,0.483467679985,0.536241142316,0.509854411151,1,0.5,2024-05-01,0.546034639927,historical_prior,30
2024-05-07,2024-06-06,1,0.136201198869,0.546034639927,0.483467679985,0.539353897815,0.5114107889,1,0.5,2024-05-01,0.546034639927,historical_prior,30
2024-05-08,2024-06-07,1,0.133390518495,0.546034639927,0.483467679985,0.538817359977,0.511142519981,1,0.5,2024-05-01,0.546034639927,historical_prior,30
2024-05-09,2024-06-08,1,0.0988751151227,0.546034639927,0.483467679985,0.543865447705,0.513666563845,1,0.5,2024-05-01,0.546034639927,historical_prior,30
2024-05-10,2024-06-09,1,0.14552880683,0.546034639927,0.483467679985,0.530633025171,0.507050352578,1,0.5,2024-05-01,0.546034639927,historical_prior,30
2024-05-11,2024-06-10,1,0.143261293404,0.546034639927,0.483467679985,0.52936349993,0.506415589958,1,0.5,2024-05-01,0.546034639927,historical_prior,30
2024-05-12,2024-06-11,1,0.0948254984753,0.546034639927,0.483467679985,0.532148577591,0.507808128788,1,0.5,2024-05-01,0.546034639927,historical_prior,30
2024-05-13,2024-06-12,1,0.0845869595336,0.546034639927,0.483467679985,0.538666956762,0.511067318374,1,0.5,2024-05-01,0.546034639927,historical_prior,30
2024-05-14,2024-06-13,1,0.0843736891517,0.546034639927,0.483467679985,0.535375152999,0.509421416492,1,0.5,2024-05-01,0.546034639927,historical_prior,30
2024-05-15,2024-06-14,0,-0.00245459282699,0.546034639927,0.483467679985,0.551830860337,0.517649270161,1,0.5,2024-05-01,0.546034639927,historical_prior,30
2024-05-16,2024-06-15,1,0.0152224542544,0.546034639927,0.483467679985,0.546132748665,0.514800214325,1,0.5,2024-05-01,0.546034639927,historical_prior,30
2024-05-17,2024-06-16,0,-0.00517918954404,0.546034639927,0.483467679985,0.555502475948,0.519485077967,1,0.5,2024-05-01,0.546034639927,historical_prior,30
2024-05-18,2024-06-17,0,-0.00614015948544,0.546034639927,0.562458404492,0.55322610674,0.557842255616,1,0.5,2024-05-01,0.546034639927,historical_prior,30
2024-05-19,2024-06-18,0,-0.0165779918855,0.546034639927,0.483467679985,0.550390144315,0.51692891215,1,0.5,2024-05-01,0.546034639927,historical_prior,30
2024-05-20,2024-06-19,0,-0.09058861007,0.546034639927,0.562458404492,0.560709643779,0.561584024136,1,0.5,2024-05-01,0.546034639927,historical_prior,30
2024-05-21,2024-06-20,0,-0.075245543943,0.546034639927,0.562458404492,0.560372832316,0.561415618404,1,0.5,2024-05-01,0.546034639927,historical_prior,30
2024-05-22,2024-06-21,0,-0.0726226032153,0.546034639927,0.562458404492,0.549068114823,0.555763259658,1,0.5,2024-05-01,0.546034639927,historical_prior,30
2024-05-23,2024-06-22,0,-0.05454846391,0.546034639927,0.562458404492,0.548314978213,0.555386691353,1,0.5,2024-05-01,0.546034639927,historical_prior,30
2024-05-24,2024-06-23,0,-0.0778990631508,0.546034639927,0.562458404492,0.5477151899,0.555086797196,1,0.5,2024-05-01,0.546034639927,historical_prior,30
2024-05-25,2024-06-24,0,-0.129848405057,0.546034639927,0.562458404492,0.549424177308,0.5559412909,1,0.5,2024-05-01,0.546034639927,historical_prior,30
2024-05-26,2024-06-25,0,-0.097823499179,0.546034639927,0.562458404492,0.549182094228,0.55582024936,1,0.5,2024-05-01,0.546034639927,historical_prior,30
2024-05-27,2024-06-26,0,-0.123442982308,0.546034639927,0.483467679985,0.54342925923,0.513448469608,1,0.5,2024-05-01,0.546034639927,historical_prior,30
2024-05-28,2024-06-27,0,-0.0978373906169,0.546034639927,0.483467679985,0.54338712582,0.513427402903,1,0.5,2024-05-01,0.546034639927,historical_prior,30
2024-05-29,2024-06-28,0,-0.106789675816,0.546034639927,0.483467679985,0.54270764403,0.513087662008,1,0.5,2024-05-01,0.546034639927,historical_prior,30
2024-05-30,2024-06-29,0,-0.107757954137,0.546034639927,0.483467679985,0.547263768175,0.51536572408,1,0.5,2024-05-01,0.546034639927,historical_prior,30
2024-05-31,2024-06-30,0,-0.0705951923904,0.546034639927,0.483467679985,0.545521945742,0.514494812864,1,0.5,2024-05-01,0.546034639927,historical_prior,30
2024-06-01,2024-07-01,0,-0.0718177102816,0.54606741573,0.484632438152,0.544558191152,0.514595314652,1,0.5,2024-06-01,0.54606741573,historical_prior,30
2024-06-02,2024-07-02,0,-0.0830828253202,0.54606741573,0.484632438152,0.541690911224,0.513161674688,1,0.5,2024-06-01,0.54606741573,historical_prior,30
2024-06-03,2024-07-03,0,-0.125001198955,0.54606741573,0.484632438152,0.541883032194,0.513257735173,1,0.5,2024-06-01,0.54606741573,historical_prior,30
2024-06-04,2024-07-04,0,-0.191214105791,0.54606741573,0.561664601108,0.547295552755,0.554480076932,1,0.5,2024-06-01,0.54606741573,historical_prior,30
2024-06-05,2024-07-05,0,-0.203622799122,0.54606741573,0.561664601108,0.55008581937,0.555875210239,1,0.5,2024-06-01,0.54606741573,historical_prior,30
2024-06-06,2024-07-06,0,-0.177529616919,0.54606741573,0.561664601108,0.548820117758,0.555242359433,1,0.5,2024-06-01,0.54606741573,historical_prior,30
2024-06-07,2024-07-07,0,-0.194617161412,0.54606741573,0.561664601108,0.547794184897,0.554729393002,1,0.5,2024-06-01,0.54606741573,historical_prior,30
2024-06-08,2024-07-08,0,-0.181730722895,0.54606741573,0.561664601108,0.545770884711,0.55371774291,1,0.5,2024-06-01,0.54606741573,historical_prior,30
2024-06-09,2024-07-09,0,-0.166524762901,0.54606741573,0.561664601108,0.547315198602,0.554489899855,1,0.5,2024-06-01,0.54606741573,historical_prior,30
2024-06-10,2024-07-10,0,-0.169889991372,0.54606741573,0.484632438152,0.545462696308,0.51504756723,1,0.5,2024-06-01,0.54606741573,historical_prior,30
2024-06-11,2024-07-11,0,-0.148175928303,0.54606741573,0.484632438152,0.538072335846,0.511352386999,1,0.5,2024-06-01,0.54606741573,historical_prior,30
2024-06-12,2024-07-12,0,-0.15198188679,0.54606741573,0.484632438152,0.538203262632,0.511417850392,1,0.5,2024-06-01,0.54606741573,historical_prior,30
2024-06-13,2024-07-13,0,-0.113354033314,0.54606741573,0.484632438152,0.536264240022,0.510448339087,1,0.5,2024-06-01,0.54606741573,historical_prior,30
2024-06-14,2024-07-14,0,-0.0794331172299,0.54606741573,0.484632438152,0.53136095812,0.507996698136,1,0.5,2024-06-01,0.54606741573,historical_prior,30
2024-06-15,2024-07-15,0,-0.022711003235,0.54606741573,0.561664601108,0.532354706266,0.547009653687,1,0.5,2024-06-01,0.54606741573,historical_prior,30
2024-06-16,2024-07-16,0,-0.0244894518894,0.54606741573,0.561664601108,0.53134076318,0.546502682144,1,0.5,2024-06-01,0.54606741573,historical_prior,30
2024-06-17,2024-07-17,0,-0.0363335740695,0.54606741573,0.561664601108,0.531178779079,0.546421690094,1,0.5,2024-06-01,0.54606741573,historical_prior,30
2024-06-18,2024-07-18,0,-0.0182185526669,0.54606741573,0.561664601108,0.532142292479,0.546903446794,1,0.5,2024-06-01,0.54606741573,historical_prior,30
2024-06-19,2024-07-19,1,0.0259429987547,0.54606741573,0.561664601108,0.523232895167,0.542448748138,1,0.5,2024-06-01,0.54606741573,historical_prior,30
2024-06-20,2024-07-20,1,0.0349926059801,0.54606741573,0.561664601108,0.525911534359,0.543788067734,1,0.5,2024-06-01,0.54606741573,historical_prior,30
2024-06-21,2024-07-21,1,0.0626996693043,0.54606741573,0.561664601108,0.525922657474,0.543793629291,1,0.5,2024-06-01,0.54606741573,historical_prior,30
2024-06-22,2024-07-22,1,0.0508854298208,0.54606741573,0.484632438152,0.526466915795,0.505549676974,1,0.5,2024-06-01,0.54606741573,historical_prior,30
2024-06-23,2024-07-23,1,0.0431260808217,0.54606741573,0.484632438152,0.522971179408,0.50380180878,1,0.5,2024-06-01,0.54606741573,historical_prior,30
2024-06-24,2024-07-24,1,0.084299582209,0.54606741573,0.484632438152,0.516944743944,0.500788591048,1,0.5,2024-06-01,0.54606741573,historical_prior,30
2024-06-25,2024-07-25,1,0.0646205765426,0.54606741573,0.484632438152,0.52381683022,0.504224634186,1,0.5,2024-06-01,0.54606741573,historical_prior,30
2024-06-26,2024-07-26,1,0.115715126216,0.54606741573,0.484632438152,0.521143921674,0.502888179913,1,0.5,2024-06-01,0.54606741573,historical_prior,30
2024-06-27,2024-07-27,1,0.10031411617,0.54606741573,0.484632438152,0.524141487804,0.504386962978,1,0.5,2024-06-01,0.54606741573,historical_prior,30
2024-06-28,2024-07-28,1,0.129444309113,0.54606741573,0.484632438152,0.522803431631,0.503717934891,1,0.5,2024-06-01,0.54606741573,historical_prior,30
2024-06-29,2024-07-29,1,0.0950701038325,0.54606741573,0.484632438152,0.52353421237,0.504083325261,1,0.5,2024-06-01,0.54606741573,historical_prior,30
2024-06-30,2024-07-30,1,0.0544189998058,0.54606741573,0.484632438152,0.530723797199,0.507678117675,1,0.5,2024-06-01,0.54606741573,historical_prior,30
2024-07-01,2024-07-31,1,0.0274723414105,0.545011086475,0.488281715662,0.535248499554,0.511765107608,1,0.5,2024-07-01,0.545011086475,historical_prior,30
2024-07-02,2024-08-01,1,0.0517989161424,0.545011086475,0.558710286807,0.531070818084,0.544890552446,1,0.5,2024-07-01,0.545011086475,historical_prior,30
2024-07-03,2024-08-02,1,0.0214213655263,0.545011086475,0.558710286807,0.527800933895,0.543255610351,1,0.5,2024-07-01,0.545011086475,historical_prior,30
2024-07-04,2024-08-03,1,0.0639435470739,0.545011086475,0.55689578714,0.518601306595,0.537748546867,1,0.5,2024-07-01,0.545011086475,historical_prior,30
2024-07-05,2024-08-04,1,0.0270570852741,0.545011086475,0.55689578714,0.519216870128,0.538056328634,1,0.5,2024-07-01,0.545011086475,historical_prior,30
2024-07-06,2024-08-05,0,-0.0723220092416,0.545011086475,0.55689578714,0.523057126115,0.539976456627,1,0.5,2024-07-01,0.545011086475,historical_prior,30
2024-07-07,2024-08-06,1,0.00293960683385,0.545011086475,0.55689578714,0.515567923725,0.536231855432,1,0.5,2024-07-01,0.545011086475,historical_prior,30
2024-07-08,2024-08-07,0,-0.0278668886435,0.545011086475,0.55689578714,0.517764709727,0.537330248433,1,0.5,2024-07-01,0.545011086475,historical_prior,30
2024-07-09,2024-08-08,1,0.0626354866494,0.545011086475,0.55689578714,0.522468612565,0.539682199852,1,0.5,2024-07-01,0.545011086475,historical_prior,30
2024-07-10,2024-08-09,1,0.0539124153217,0.545011086475,0.55689578714,0.524893736621,0.54089476188,1,0.5,2024-07-01,0.545011086475,historical_prior,30
2024-07-11,2024-08-10,1,0.0624978527165,0.545011086475,0.55689578714,0.53026859117,0.543582189155,1,0.5,2024-07-01,0.545011086475,historical_prior,30
2024-07-12,2024-08-11,1,0.0142253032091,0.545011086475,0.55689578714,0.531746383923,0.544321085531,1,0.5,2024-07-01,0.545011086475,historical_prior,30
2024-07-13,2024-08-12,1,0.00240895804035,0.545011086475,0.488281715662,0.5331815815,0.510731648581,1,0.5,2024-07-01,0.545011086475,historical_prior,30
2024-07-14,2024-08-13,0,-0.00346656653165,0.545011086475,0.488281715662,0.541924724467,0.515103220064,1,0.5,2024-07-01,0.545011086475,historical_prior,30
2024-07-15,2024-08-14,0,-0.0933307109218,0.545011086475,0.558710286807,0.550893450237,0.554801868522,1,0.5,2024-07-01,0.545011086475,historical_prior,30
2024-07-16,2024-08-15,0,-0.115351625877,0.545011086475,0.558710286807,0.548998028025,0.553854157416,1,0.5,2024-07-01,0.545011086475,historical_prior,30
2024-07-17,2024-08-16,0,-0.0813473788147,0.545011086475,0.488281715662,0.547645410776,0.517963563219,1,0.5,2024-07-01,0.545011086475,historical_prior,30
2024-07-18,2024-08-17,0,-0.0702621682343,0.545011086475,0.488281715662,0.548705482605,0.518493599133,1,0.5,2024-07-01,0.545011086475,historical_prior,30
2024-07-19,2024-08-18,0,-0.12350210021,0.545011086475,0.488281715662,0.554267298786,0.521274507224,1,0.5,2024-07-01,0.545011086475,historical_prior,30
2024-07-20,2024-08-19,0,-0.114707545253,0.545011086475,0.558710286807,0.553112230998,0.555911258903,1,0.5,2024-07-01,0.545011086475,historical_prior,30
2024-07-21,2024-08-20,0,-0.134255033423,0.545011086475,0.558710286807,0.553027158157,0.555868722482,1,0.5,2024-07-01,0.545011086475,historical_prior,30
2024-07-22,2024-08-21,0,-0.0944141896561,0.545011086475,0.488281715662,0.545459903514,0.516870809588,1,0.5,2024-07-01,0.545011086475,historical_prior,30
2024-07-23,2024-08-22,0,-0.0843267586255,0.545011086475,0.488281715662,0.542345237177,0.515313476419,1,0.5,2024-07-01,0.545011086475,historical_prior,30
2024-07-24,2024-08-23,0,-0.0204778511992,0.545011086475,0.488281715662,0.543489133391,0.515885424527,1,0.5,2024-07-01,0.545011086475,historical_prior,30
2024-07-25,2024-08-24,0,-0.0249687119823,0.545011086475,0.488281715662,0.543402723335,0.515842219498,1,0.5,2024-07-01,0.545011086475,historical_prior,30
2024-07-26,2024-08-25,0,-0.0543086314291,0.545011086475,0.488281715662,0.544546287105,0.516414001384,1,0.5,2024-07-01,0.545011086475,historical_prior,30
2024-07-27,2024-08-26,0,-0.0745620171879,0.545011086475,0.488281715662,0.543236888401,0.515759302031,1,0.5,2024-07-01,0.545011086475,historical_prior,30
2024-07-28,2024-08-27,0,-0.129449018811,0.545011086475,0.488281715662,0.542996031962,0.515638873812,1,0.5,2024-07-01,0.545011086475,historical_prior,30
2024-07-29,2024-08-28,0,-0.116041416079,0.545011086475,0.488281715662,0.540762964764,0.514522340213,1,0.5,2024-07-01,0.545011086475,historical_prior,30
2024-07-30,2024-08-29,0,-0.103175651175,0.545011086475,0.488281715662,0.540541236676,0.514411476169,1,0.5,2024-07-01,0.545011086475,historical_prior,30
2024-07-31,2024-08-30,0,-0.085164479792,0.545011086475,0.488281715662,0.538208642626,0.513245179144,1,0.5,2024-07-01,0.545011086475,historical_prior,30
2024-08-01,2024-08-31,0,-0.0976226099022,0.543307086614,0.490471299783,0.538145261972,0.514308280878,1,0.5,2024-08-01,0.543307086614,historical_prior,30
2024-08-02,2024-09-01,0,-0.0682371374963,0.543307086614,0.490471299783,0.528699488169,0.509585393976,1,0.5,2024-08-01,0.543307086614,historical_prior,30
2024-08-03,2024-09-02,0,-0.025797559359,0.543307086614,0.556734355574,0.527618592597,0.542176474086,1,0.5,2024-08-01,0.543307086614,historical_prior,30
2024-08-04,2024-09-03,0,-0.0115759701518,0.543307086614,0.556734355574,0.522194023976,0.539464189775,1,0.5,2024-08-01,0.543307086614,historical_prior,30
2024-08-05,2024-09-04,1,0.0731613673089,0.543307086614,0.556734355574,0.514948226902,0.535841291238,1,0.5,2024-08-01,0.543307086614,historical_prior,30
2024-08-06,2024-09-05,1,0.00282014158364,0.543307086614,0.556734355574,0.522161100991,0.539447728283,1,0.5,2024-08-01,0.543307086614,historical_prior,30
2024-08-07,2024-09-06,0,-0.0212425472701,0.543307086614,0.556734355574,0.521884474057,0.539309414816,1,0.5,2024-08-01,0.543307086614,historical_prior,30
2024-08-08,2024-09-07,0,-0.121990909119,0.543307086614,0.556734355574,0.539033973684,0.547884164629,1,0.5,2024-08-01,0.543307086614,historical_prior,30
2024-08-09,2024-09-08,0,-0.0980972579798,0.543307086614,0.556734355574,0.543521135247,0.55012774541,1,0.5,2024-08-01,0.543307086614,historical_prior,30
2024-08-10,2024-09-09,0,-0.0637112011439,0.543307086614,0.556734355574,0.545230129131,0.550982242352,1,0.5,2024-08-01,0.543307086614,historical_prior,30
2024-08-11,2024-09-10,0,-0.0183367826219,0.543307086614,0.556734355574,0.544561493813,0.550647924693,1,0.5,2024-08-01,0.543307086614,historical_prior,30
2024-08-12,2024-09-11,0,-0.0338458925392,0.543307086614,0.556734355574,0.552597957625,0.554666156599,1,0.5,2024-08-01,0.543307086614,historical_prior,30
2024-08-13,2024-09-12,0,-0.0405173374222,0.543307086614,0.556734355574,0.550800578783,0.553767467179,1,0.5,2024-08-01,0.543307086614,historical_prior,30
2024-08-14,2024-09-13,1,0.030922037735,0.543307086614,0.556734355574,0.545113972588,0.550924164081,1,0.5,2024-08-01,0.543307086614,historical_prior,30
2024-08-15,2024-09-14,1,0.0426125274717,0.543307086614,0.556734355574,0.530949266921,0.543841811248,1,0.5,2024-08-01,0.543307086614,historical_prior,30
2024-08-16,2024-09-15,1,0.00437200422593,0.543307086614,0.556734355574,0.536141534039,0.546437944806,1,0.5,2024-08-01,0.543307086614,historical_prior,30
2024-08-17,2024-09-16,0,-0.0214818835275,0.543307086614,0.556734355574,0.537523151448,0.547128753511,1,0.5,2024-08-01,0.543307086614,historical_prior,30
2024-08-18,2024-09-17,1,0.0322903571701,0.543307086614,0.556734355574,0.536936779185,0.54683556738,1,0.5,2024-08-01,0.543307086614,historical_prior,30
2024-08-19,2024-09-18,1,0.0390570085046,0.543307086614,0.556734355574,0.538049739922,0.547392047748,1,0.5,2024-08-01,0.543307086614,historical_prior,30
2024-08-20,2024-09-19,1,0.0666655934714,0.543307086614,0.556734355574,0.534357822247,0.54554608891,1,0.5,2024-08-01,0.543307086614,historical_prior,30
2024-08-21,2024-09-20,1,0.0334393844728,0.543307086614,0.556734355574,0.543212466993,0.549973411283,1,0.5,2024-08-01,0.543307086614,historical_prior,30
2024-08-22,2024-09-21,1,0.049243538475,0.543307086614,0.556734355574,0.544135275072,0.550434815323,1,0.5,2024-08-01,0.543307086614,historical_prior,30
2024-08-23,2024-09-22,0,-0.00715958401705,0.543307086614,0.490471299783,0.551116075121,0.520793687452,1,0.5,2024-08-01,0.543307086614,historical_prior,30
2024-08-24,2024-09-23,0,-0.0127346957098,0.543307086614,0.490471299783,0.550094685519,0.520282992651,1,0.5,2024-08-01,0.543307086614,historical_prior,30
2024-08-25,2024-09-24,1,0.00066490189972,0.543307086614,0.554770417302,0.550709161543,0.552739789423,1,0.5,2024-08-01,0.543307086614,historical_prior,30
2024-08-26,2024-09-25,1,0.00506111340994,0.543307086614,0.490471299783,0.546125607925,0.518298453854,1,0.5,2024-08-01,0.543307086614,historical_prior,30
2024-08-27,2024-09-26,1,0.0969282167803,0.543307086614,0.556734355574,0.539760912528,0.548247634051,1,0.5,2024-08-01,0.543307086614,historical_prior,30
2024-08-28,2024-09-27,1,0.114085905117,0.543307086614,0.556734355574,0.53591148559,0.546322920582,1,0.5,2024-08-01,0.543307086614,historical_prior,30
2024-08-29,2024-09-28,1,0.109486158883,0.543307086614,0.556734355574,0.538272184644,0.547503270109,1,0.5,2024-08-01,0.543307086614,historical_prior,30
2024-08-30,2024-09-29,1,0.109566691964,0.543307086614,0.556734355574,0.532438158122,0.544586256848,1,0.5,2024-08-01,0.543307086614,historical_prior,30
2024-08-31,2024-09-30,1,0.0738223749148,0.543307086614,0.556734355574,0.53147266198,0.544103508777,1,0.5,2024-08-01,0.543307086614,historical_prior,30
2024-09-01,2024-10-01,1,0.0611484513766,0.540353905913,0.558531649147,0.527167641178,0.542849645162,1,0.5,2024-09-01,0.540353905913,historical_prior,30
2024-09-02,2024-10-02,1,0.0256569482615,0.540353905913,0.558531649147,0.533766377303,0.546149013225,1,0.5,2024-09-01,0.540353905913,historical_prior,30
2024-09-03,2024-10-03,1,0.0567943802965,0.540353905913,0.558531649147,0.536367759209,0.547449704178,1,0.5,2024-09-01,0.540353905913,historical_prior,30
2024-09-04,2024-10-04,1,0.0709856151966,0.540353905913,0.558531649147,0.53863419964,0.548582924393,1,0.5,2024-09-01,0.540353905913,historical_prior,30
2024-09-05,2024-10-05,1,0.104627981488,0.540353905913,0.558531649147,0.533037600415,0.545784624781,1,0.5,2024-09-01,0.540353905913,historical_prior,30
2024-09-06,2024-10-06,1,0.164129958006,0.540353905913,0.558531649147,0.529279905909,0.543905777528,1,0.5,2024-09-01,0.540353905913,historical_prior,30
2024-09-07,2024-10-07,1,0.148873928516,0.540353905913,0.558531649147,0.521928525259,0.540230087203,1,0.5,2024-09-01,0.540353905913,historical_prior,30
2024-09-08,2024-10-08,1,0.132869448578,0.540353905913,0.558531649147,0.526684117921,0.542607883534,1,0.5,2024-09-01,0.540353905913,historical_prior,30
2024-09-09,2024-10-09,1,0.0630065565724,0.540353905913,0.476216135335,0.529297343581,0.502756739458,1,0.5,2024-09-01,0.540353905913,historical_prior,30
2024-09-10,2024-10-10,1,0.046679166958,0.540353905913,0.558531649147,0.533871903525,0.546201776336,1,0.5,2024-09-01,0.540353905913,historical_prior,30
2024-09-11,2024-10-11,1,0.0907251735324,0.540353905913,0.558531649147,0.532082154892,0.54530690202,1,0.5,2024-09-01,0.540353905913,historical_prior,30
2024-09-12,2024-10-12,1,0.0872819113361,0.540353905913,0.476216135335,0.535912108249,0.506064121792,1,0.5,2024-09-01,0.540353905913,historical_prior,30
2024-09-13,2024-10-13,1,0.0392082382889,0.540353905913,0.476216135335,0.545745487114,0.510980811225,1,0.5,2024-09-01,0.540353905913,historical_prior,30
2024-09-14,2024-10-14,1,0.101527794145,0.540353905913,0.476216135335,0.544845344309,0.510530739822,1,0.5,2024-09-01,0.540353905913,historical_prior,30
2024-09-15,2024-10-15,1,0.134312047622,0.540353905913,0.558531649147,0.541063476391,0.549797562769,1,0.5,2024-09-01,0.540353905913,historical_prior,30
2024-09-16,2024-10-16,1,0.161576624451,0.540353905913,0.558531649147,0.535313667242,0.546922658194,1,0.5,2024-09-01,0.540353905913,historical_prior,30
2024-09-17,2024-10-17,1,0.117846456519,0.540353905913,0.558531649147,0.539708341932,0.54911999554,1,0.5,2024-09-01,0.540353905913,historical_prior,30
2024-09-18,2024-10-18,1,0.107966500642,0.540353905913,0.558531649147,0.54269605701,0.550613853079,1,0.5,2024-09-01,0.540353905913,historical_prior,30
2024-09-19,2024-10-19,1,0.0862618488692,0.540353905913,0.558531649147,0.544127812624,0.551329730886,1,0.5,2024-09-01,0.540353905913,historical_prior,30
2024-09-20,2024-10-20,1,0.0922601760572,0.540353905913,0.558531649147,0.539473450303,0.549002549725,1,0.5,2024-09-01,0.540353905913,historical_prior,30
2024-09-21,2024-10-21,1,0.0635928356203,0.540353905913,0.558531649147,0.540843649789,0.549687649468,1,0.5,2024-09-01,0.540353905913,historical_prior,30
2024-09-22,2024-10-22,1,0.0605114034939,0.540353905913,0.558531649147,0.539397354744,0.548964501945,1,0.5,2024-09-01,0.540353905913,historical_prior,30
2024-09-23,2024-10-23,1,0.0525522659539,0.540353905913,0.558531649147,0.540292836576,0.549412242861,1,0.5,2024-09-01,0.540353905913,historical_prior,30
2024-09-24,2024-10-24,1,0.0612420579901,0.540353905913,0.476216135335,0.538947093685,0.50758161451,1,0.5,2024-09-01,0.540353905913,historical_prior,30
2024-09-25,2024-10-25,1,0.0561552989366,0.540353905913,0.558531649147,0.535216894936,0.546874272042,1,0.5,2024-09-01,0.540353905913,historical_prior,30
2024-09-26,2024-10-26,1,0.0294407324149,0.540353905913,0.476216135335,0.53806716781,0.507141651573,1,0.5,2024-09-01,0.540353905913,historical_prior,30
2024-09-27,2024-10-27,1,0.0342367601009,0.540353905913,0.476216135335,0.539011972689,0.507614054012,1,0.5,2024-09-01,0.540353905913,historical_prior,30
2024-09-28,2024-10-28,1,0.0623190804458,0.540353905913,0.476216135335,0.538799771425,0.50750795338,1,0.5,2024-09-01,0.540353905913,historical_prior,30
2024-09-29,2024-10-29,1,0.108752917784,0.540353905913,0.476216135335,0.53810822341,0.507162179372,1,0.5,2024-09-01,0.540353905913,historical_prior,30
2024-09-30,2024-10-30,1,0.142388965062,0.540353905913,0.558531649147,0.534774559507,0.546653104327,1,0.5,2024-09-01,0.540353905913,historical_prior,30
2024-10-01,2024-10-31,1,0.156008688648,0.540690242863,0.559615977498,0.529819672449,0.544717824974,1,0.5,2024-10-01,0.540690242863,historical_prior,30
2024-10-02,2024-11-01,1,0.145867024308,0.540690242863,0.559615977498,0.529847759903,0.5447318687,1,0.5,2024-10-01,0.540690242863,historical_prior,30
2024-10-03,2024-11-02,1,0.141920088832,0.540690242863,0.559615977498,0.52754432618,0.543580151839,1,0.5,2024-10-01,0.540690242863,historical_prior,30
2024-10-04,2024-11-03,1,0.107753599845,0.540690242863,0.474477379439,0.529302321866,0.501889850653,1,0.5,2024-10-01,0.540690242863,historical_prior,30
2024-10-05,2024-11-04,1,0.0933322053563,0.540690242863,0.474477379439,0.529438135373,0.501957757406,1,0.5,2024-10-01,0.540690242863,historical_prior,30
2024-10-06,2024-11-05,1,0.104299735546,0.540690242863,0.474477379439,0.531433911022,0.50295564523,1,0.5,2024-10-01,0.540690242863,historical_prior,30
2024-10-07,2024-11-06,1,0.214515138853,0.540690242863,0.474477379439,0.533501087293,0.503989233366,1,0.5,2024-10-01,0.540690242863,historical_prior,30
2024-10-08,2024-11-07,1,0.220355405821,0.540690242863,0.474477379439,0.536709679617,0.505593529528,1,0.5,2024-10-01,0.540690242863,historical_prior,30
2024-10-09,2024-11-08,1,0.261787630521,0.540690242863,0.474477379439,0.532593607319,0.503535493379,1,0.5,2024-10-01,0.540690242863,historical_prior,30
2024-10-10,2024-11-09,1,0.271043402398,0.540690242863,0.559615977498,0.53151704759,0.545566512544,1,0.5,2024-10-01,0.540690242863,historical_prior,30
2024-10-11,2024-11-10,1,0.285097697474,0.540690242863,0.474477379439,0.534645812233,0.504561595836,1,0.5,2024-10-01,0.540690242863,historical_prior,30
2024-10-12,2024-11-11,1,0.402520036794,0.540690242863,0.474477379439,0.535579271222,0.50502832533,1,0.5,2024-10-01,0.540690242863,historical_prior,30
2024-10-13,2024-11-12,1,0.398949928758,0.540690242863,0.474477379439,0.532005942268,0.503241660853,1,0.5,2024-10-01,0.540690242863,historical_prior,30
2024-10-14,2024-11-13,1,0.36758086187,0.540690242863,0.553778476824,0.540304526222,0.547041501523,1,0.5,2024-10-01,0.540690242863,historical_prior,30
2024-10-15,2024-11-14,1,0.301926345981,0.540690242863,0.553778476824,0.542505388855,0.54814193284,1,0.5,2024-10-01,0.540690242863,historical_prior,30
2024-10-16,2024-11-15,1,0.346229762462,0.540690242863,0.553778476824,0.545975909491,0.549877193158,1,0.5,2024-10-01,0.540690242863,historical_prior,30
2024-10-17,2024-11-16,1,0.343585411124,0.540690242863,0.553778476824,0.544659680733,0.549219078779,1,0.5,2024-10-01,0.540690242863,historical_prior,30
2024-10-18,2024-11-17,1,0.313146518969,0.540690242863,0.553778476824,0.542403531971,0.548091004398,1,0.5,2024-10-01,0.540690242863,historical_prior,30
2024-10-19,2024-11-18,1,0.322999795256,0.540690242863,0.553778476824,0.54070404418,0.547241260502,1,0.5,2024-10-01,0.540690242863,historical_prior,30
2024-10-20,2024-11-19,1,0.337217571158,0.540690242863,0.553778476824,0.542264930882,0.548021703853,1,0.5,2024-10-01,0.540690242863,historical_prior,30
2024-10-21,2024-11-20,1,0.399377537012,0.540690242863,0.553778476824,0.535065556665,0.544422016745,1,0.5,2024-10-01,0.540690242863,historical_prior,30
2024-10-22,2024-11-21,1,0.458148488714,0.540690242863,0.553778476824,0.533695989362,0.543737233093,1,0.5,2024-10-01,0.540690242863,historical_prior,30
2024-10-23,2024-11-22,1,0.483335870758,0.540690242863,0.553778476824,0.531746035567,0.542762256195,1,0.5,2024-10-01,0.540690242863,historical_prior,30
2024-10-24,2024-11-23,1,0.432182747131,0.540690242863,0.553778476824,0.534542025232,0.544160251028,1,0.5,2024-10-01,0.540690242863,historical_prior,30
2024-10-25,2024-11-24,1,0.467803466743,0.540690242863,0.553778476824,0.531043443976,0.5424109604,1,0.5,2024-10-01,0.540690242863,historical_prior,30
2024-10-26,2024-11-25,1,0.386289817262,0.540690242863,0.553778476824,0.530517909377,0.542148193101,1,0.5,2024-10-01,0.540690242863,historical_prior,30
2024-10-27,2024-11-26,1,0.351997377308,0.540690242863,0.553778476824,0.531137435192,0.542457956008,1,0.5,2024-10-01,0.540690242863,historical_prior,30
2024-10-28,2024-11-27,1,0.370212719124,0.540690242863,0.553778476824,0.537128951454,0.545453714139,1,0.5,2024-10-01,0.540690242863,historical_prior,30
2024-10-29,2024-11-28,1,0.314939338505,0.540690242863,0.553778476824,0.542547081666,0.548162779245,1,0.5,2024-10-01,0.540690242863,historical_prior,30
2024-10-30,2024-11-29,1,0.347160830214,0.540690242863,0.553778476824,0.543156765371,0.548467621098,1,0.5,2024-10-01,0.540690242863,historical_prior,30
2024-10-31,2024-11-30,1,0.371535541522,0.540690242863,0.553778476824,0.538190334285,0.545984405554,1,0.5,2024-10-01,0.540690242863,historical_prior,30
2024-11-01,2024-12-01,1,0.398428197532,0.546677880572,0.554256213875,0.546221478512,0.550238846194,1,0.5,2024-11-01,0.546677880572,historical_prior,30
2024-11-02,2024-12-02,1,0.381491591896,0.546677880572,0.554256213875,0.545418884174,0.549837549025,1,0.5,2024-11-01,0.546677880572,historical_prior,30
2024-11-03,2024-12-03,1,0.393650458539,0.546677880572,0.554256213875,0.542390131263,0.548323172569,1,0.5,2024-11-01,0.546677880572,historical_prior,30
2024-11-04,2024-12-04,1,0.453018503608,0.546677880572,0.554256213875,0.538196293157,0.546226253516,1,0.5,2024-11-01,0.546677880572,historical_prior,30
2024-11-05,2024-12-05,1,0.397474716388,0.546677880572,0.554256213875,0.537046788405,0.54565150114,1,0.5,2024-11-01,0.546677880572,historical_prior,30
2024-11-06,2024-12-06,1,0.319812274362,0.546677880572,0.554256213875,0.550846589285,0.55255140158,1,0.5,2024-11-01,0.546677880572,historical_prior,30
2024-11-07,2024-12-07,1,0.316039636747,0.546677880572,0.554256213875,0.554012089525,0.5541341517,1,0.5,2024-11-01,0.546677880572,historical_prior,30
2024-11-08,2024-12-08,1,0.321525039021,0.546677880572,0.554256213875,0.556422507641,0.555339360758,1,0.5,2024-11-01,0.546677880572,historical_prior,30
2024-11-09,2024-12-09,1,0.268644918598,0.546677880572,0.554256213875,0.556939261209,0.555597737542,1,0.5,2024-11-01,0.546677880572,historical_prior,30
2024-11-10,2024-12-10,1,0.201853776054,0.546677880572,0.554256213875,0.562744128282,0.558500171079,1,0.5,2024-11-01,0.546677880572,historical_prior,30
2024-11-11,2024-12-11,1,0.140747804885,0.546677880572,0.554256213875,0.577905382617,0.566080798246,1,0.5,2024-11-01,0.546677880572,historical_prior,30
2024-11-12,2024-12-12,1,0.137032456677,0.546677880572,0.554256213875,0.575123495553,0.564689854714,1,0.5,2024-11-01,0.546677880572,historical_prior,30
2024-11-13,2024-12-13,1,0.122257544105,0.546677880572,0.554256213875,0.568863963927,0.561560088901,1,0.5,2024-11-01,0.546677880572,historical_prior,30
2024-11-14,2024-12-14,1,0.161400684496,0.546677880572,0.554256213875,0.564538678203,0.559397446039,1,0.5,2024-11-01,0.546677880572,historical_prior,30
2024-11-15,2024-12-15,1,0.147551516735,0.546677880572,0.554256213875,0.56883353197,0.561544872923,1,0.5,2024-11-01,0.546677880572,historical_prior,30
2024-11-16,2024-12-16,1,0.170794414911,0.546677880572,0.554256213875,0.568132697,0.561194455438,1,0.5,2024-11-01,0.546677880572,historical_prior,30
2024-11-17,2024-12-17,1,0.181153755025,0.546677880572,0.554256213875,0.562495115072,0.558375664474,1,0.5,2024-11-01,0.546677880572,historical_prior,30
2024-11-18,2024-12-18,1,0.107666269308,0.546677880572,0.554256213875,0.554184533411,0.554220373643,1,0.5,2024-11-01,0.546677880572,historical_prior,30
2024-11-19,2024-12-19,1,0.0558013857318,0.546677880572,0.554256213875,0.557159580713,0.555707897294,1,0.5,2024-11-01,0.546677880572,historical_prior,30
2024-11-20,2024-12-20,1,0.0373211197863,0.546677880572,0.554256213875,0.55755019177,0.555903202823,1,0.5,2024-11-01,0.546677880572,historical_prior,30
2024-11-21,2024-12-21,0,-0.0104267700274,0.546677880572,0.554256213875,0.566007886859,0.560132050367,1,0.5,2024-11-01,0.546677880572,historical_prior,30
2024-11-22,2024-12-22,0,-0.0374724952473,0.546677880572,0.554256213875,0.563020767176,0.558638490526,1,0.5,2024-11-01,0.546677880572,historical_prior,30
2024-11-23,2024-12-23,0,-0.0285743976804,0.546677880572,0.554256213875,0.561503153837,0.557879683856,1,0.5,2024-11-01,0.546677880572,historical_prior,30
2024-11-24,2024-12-24,1,0.00779917965304,0.546677880572,0.554256213875,0.562813831363,0.558535022619,1,0.5,2024-11-01,0.546677880572,historical_prior,30
2024-11-25,2024-12-25,1,0.0690204204902,0.546677880572,0.554256213875,0.556894932522,0.555575573199,1,0.5,2024-11-01,0.546677880572,historical_prior,30
2024-11-26,2024-12-26,1,0.0416074957082,0.546677880572,0.554256213875,0.553376035906,0.553816124891,1,0.5,2024-11-01,0.546677880572,historical_prior,30
2024-11-27,2024-12-27,0,-0.0163157652615,0.546677880572,0.554256213875,0.555883714473,0.555069964174,1,0.5,2024-11-01,0.546677880572,historical_prior,30
2024-11-28,2024-12-28,0,-0.00359646263152,0.546677880572,0.554256213875,0.550440205019,0.552348209447,1,0.5,2024-11-01,0.546677880572,historical_prior,30
2024-11-29,2024-12-29,0,-0.0381879745537,0.546677880572,0.554256213875,0.552307122835,0.553281668355,1,0.5,2024-11-01,0.546677880572,historical_prior,30
2024-11-30,2024-12-30,0,-0.0375066423436,0.546677880572,0.554256213875,0.552620395915,0.553438304895,1,0.5,2024-11-01,0.546677880572,historical_prior,30
2024-12-01,2024-12-31,0,-0.0371371437497,0.552325581395,0.56170096189,0.559804979146,0.560752970518,1,0.5,2024-12-01,0.552325581395,historical_prior,30
2024-12-02,2025-01-01,0,-0.0130302788108,0.552325581395,0.56170096189,0.563039844944,0.562370403417,1,0.5,2024-12-01,0.552325581395,historical_prior,30
2024-12-03,2025-01-02,1,0.0118425004817,0.552325581395,0.56170096189,0.564313323862,0.563007142876,1,0.5,2024-12-01,0.552325581395,historical_prior,30
2024-12-04,2025-01-03,0,-0.00419059976476,0.552325581395,0.56170096189,0.564220246185,0.562960604037,1,0.5,2024-12-01,0.552325581395,historical_prior,30
2024-12-05,2025-01-04,1,0.0131503606712,0.552325581395,0.56170096189,0.561850777217,0.561775869553,1,0.5,2024-12-01,0.552325581395,historical_prior,30
2024-12-06,2025-01-05,0,-0.0138080850332,0.552325581395,0.56170096189,0.559933124726,0.560817043308,1,0.5,2024-12-01,0.552325581395,historical_prior,30
2024-12-07,2025-01-06,1,0.0240765510134,0.552325581395,0.56170096189,0.560962811152,0.561331886521,1,0.5,2024-12-01,0.552325581395,historical_prior,30
2024-12-08,2025-01-07,0,-0.0410938270049,0.552325581395,0.56170096189,0.561527406542,0.561614184216,1,0.5,2024-12-01,0.552325581395,historical_prior,30
2024-12-09,2025-01-08,0,-0.0227789926999,0.552325581395,0.56170096189,0.558467557404,0.560084259647,1,0.5,2024-12-01,0.552325581395,historical_prior,30
2024-12-10,2025-01-09,0,-0.0418302568509,0.552325581395,0.56170096189,0.555881665358,0.558791313624,1,0.5,2024-12-01,0.552325581395,historical_prior,30
2024-12-11,2025-01-10,0,-0.0632770333745,0.552325581395,0.56170096189,0.554341700904,0.558021331397,1,0.5,2024-12-01,0.552325581395,historical_prior,30
2024-12-12,2025-01-11,0,-0.0540406816548,0.552325581395,0.56170096189,0.554803679199,0.558252320544,1,0.5,2024-12-01,0.552325581395,historical_prior,30
2024-12-13,2025-01-12,0,-0.067825889765,0.552325581395,0.56170096189,0.552942418807,0.557321690348,1,0.5,2024-12-01,0.552325581395,historical_prior,30
2024-12-14,2025-01-13,0,-0.0678751725498,0.552325581395,0.56170096189,0.553481947946,0.557591454918,1,0.5,2024-12-01,0.552325581395,historical_prior,30
2024-12-15,2025-01-14,0,-0.0756541081764,0.552325581395,0.56170096189,0.554508447299,0.558104704594,1,0.5,2024-12-01,0.552325581395,historical_prior,30
2024-12-16,2025-01-15,0,-0.0524361707003,0.552325581395,0.56170096189,0.560179468049,0.560940214969,1,0.5,2024-12-01,0.552325581395,historical_prior,30
2024-12-17,2025-01-16,0,-0.0579122152861,0.552325581395,0.56170096189,0.561125737269,0.561413349579,1,0.5,2024-12-01,0.552325581395,historical_prior,30
2024-12-18,2025-01-17,1,0.0386558382244,0.552325581395,0.56170096189,0.550475797809,0.556088379849,1,0.5,2024-12-01,0.552325581395,historical_prior,30
2024-12-19,2025-01-18,1,0.0727912436721,0.552325581395,0.56170096189,0.54761573881,0.55465835035,1,0.5,2024-12-01,0.552325581395,historical_prior,30
2024-12-20,2025-01-19,1,0.0360524936036,0.552325581395,0.56170096189,0.54598236862,0.553841665255,1,0.5,2024-12-01,0.552325581395,historical_prior,30
2024-12-21,2025-01-20,1,0.0510629908999,0.552325581395,0.56170096189,0.543634120639,0.552667541264,1,0.5,2024-12-01,0.552325581395,historical_prior,30
2024-12-22,2025-01-21,1,0.115116917597,0.552325581395,0.56170096189,0.537994515879,0.549847738885,1,0.5,2024-12-01,0.552325581395,historical_prior,30
2024-12-23,2025-01-22,1,0.0930127874284,0.552325581395,0.56170096189,0.536486231488,0.549093596689,1,0.5,2024-12-01,0.552325581395,historical_prior,30
2024-12-24,2025-01-23,1,0.0531782852396,0.552325581395,0.56170096189,0.541654216557,0.551677589223,1,0.5,2024-12-01,0.552325581395,historical_prior,30
2024-12-25,2025-01-24,1,0.0547211293217,0.552325581395,0.56170096189,0.548935445939,0.555318203915,1,0.5,2024-12-01,0.552325581395,historical_prior,30
2024-12-26,2025-01-25,1,0.0934867984249,0.552325581395,0.56170096189,0.547613346123,0.554657154006,1,0.5,2024-12-01,0.552325581395,historical_prior,30
2024-12-27,2025-01-26,1,0.0882402501913,0.552325581395,0.56170096189,0.54368397514,0.552692468515,1,0.5,2024-12-01,0.552325581395,historical_prior,30
2024-12-28,2025-01-27,1,0.071173452256,0.552325581395,0.56170096189,0.545608180514,0.553654571202,1,0.5,2024-12-01,0.552325581395,historical_prior,30
2024-12-29,2025-01-28,1,0.081048281277,0.552325581395,0.56170096189,0.545021582324,0.553361272107,1,0.5,2024-12-01,0.552325581395,historical_prior,30
2024-12-30,2025-01-29,1,0.11791085551,0.552325581395,0.56170096189,0.544380177546,0.553040569718,1,0.5,2024-12-01,0.552325581395,historical_prior,30
2024-12-31,2025-01-30,1,0.119121783363,0.552325581395,0.56170096189,0.541467738174,0.551584350032,1,0.5,2024-12-01,0.552325581395,historical_prior,30
2025-01-01,2025-01-31,1,0.0828588823618,0.554735547355,0.566632284845,0.544398173491,0.555515229168,1,0.5,2025-01-01,0.554735547355,historical_prior,30
2025-01-02,2025-02-01,1,0.0376436346359,0.554735547355,0.566632284845,0.5518387834,0.559235534122,1,0.5,2025-01-01,0.554735547355,historical_prior,30
2025-01-03,2025-02-02,0,-0.00482397713941,0.554735547355,0.566632284845,0.554100960158,0.560366622501,1,0.5,2025-01-01,0.554735547355,historical_prior,30
2025-01-04,2025-02-03,1,0.031643292388,0.554735547355,0.566632284845,0.553511601156,0.560071943,1,0.5,2025-01-01,0.554735547355,historical_prior,30
2025-01-05,2025-02-04,0,-0.00610469664544,0.554735547355,0.566632284845,0.554359506647,0.560495895746,1,0.5,2025-01-01,0.554735547355,historical_prior,30
2025-01-06,2025-02-05,0,-0.0550020736417,0.554735547355,0.566632284845,0.560926761624,0.563779523234,1,0.5,2025-01-01,0.554735547355,historical_prior,30
2025-01-07,2025-02-06,0,-0.00412832355264,0.554735547355,0.566632284845,0.553145071928,0.559888678386,1,0.5,2025-01-01,0.554735547355,historical_prior,30
2025-01-08,2025-02-07,1,0.0152133465165,0.554735547355,0.566632284845,0.550313640501,0.558472962673,1,0.5,2025-01-01,0.554735547355,historical_prior,30
2025-01-09,2025-02-08,1,0.0420545141465,0.554735547355,0.566632284845,0.5444344018,0.555533343322,1,0.5,2025-01-01,0.554735547355,historical_prior,30
2025-01-10,2025-02-09,1,0.0183332768547,0.554735547355,0.566632284845,0.544491518166,0.555561901505,1,0.5,2025-01-01,0.554735547355,historical_prior,30
2025-01-11,2025-02-10,1,0.0299242103514,0.554735547355,0.566632284845,0.544590496955,0.5556113909,1,0.5,2025-01-01,0.554735547355,historical_prior,30
2025-01-12,2025-02-11,1,0.013042881352,0.554735547355,0.566632284845,0.54385989436,0.555246089602,1,0.5,2025-01-01,0.554735547355,historical_prior,30
2025-01-13,2025-02-12,1,0.0352657873553,0.554735547355,0.566632284845,0.539780394988,0.553206339916,1,0.5,2025-01-01,0.554735547355,historical_prior,30
2025-01-14,2025-02-13,1,0.000489639383908,0.554735547355,0.566632284845,0.547207615327,0.556919950086,1,0.5,2025-01-01,0.554735547355,historical_prior,30
2025-01-15,2025-02-14,0,-0.0298203882988,0.554735547355,0.566632284845,0.554546886291,0.560589585568,1,0.5,2025-01-01,0.554735547355,historical_prior,30
2025-01-16,2025-02-15,0,-0.0241794707928,0.554735547355,0.566632284845,0.556636800506,0.561634542675,1,0.5,2025-01-01,0.554735547355,historical_prior,30
2025-01-17,2025-02-16,0,-0.0764753335688,0.554735547355,0.566632284845,0.560977251384,0.563804768114,1,0.5,2025-01-01,0.554735547355,historical_prior,30
2025-01-18,2025-02-17,0,-0.0839378963836,0.554735547355,0.566632284845,0.562370747352,0.564501516098,1,0.5,2025-01-01,0.554735547355,historical_prior,30
2025-01-19,2025-02-18,0,-0.0558545574691,0.554735547355,0.566632284845,0.558403799057,0.562518041951,1,0.5,2025-01-01,0.554735547355,historical_prior,30
2025-01-20,2025-02-19,0,-0.0549153085356,0.554735547355,0.566632284845,0.559802899466,0.563217592155,1,0.5,2025-01-01,0.554735547355,historical_prior,30
2025-01-21,2025-02-20,0,-0.0738509316887,0.554735547355,0.566632284845,0.563395222017,0.565013753431,1,0.5,2025-01-01,0.554735547355,historical_prior,30
2025-01-22,2025-02-21,0,-0.0725573458831,0.554735547355,0.566632284845,0.556389575591,0.561510930218,1,0.5,2025-01-01,0.554735547355,historical_prior,30
2025-01-23,2025-02-22,0,-0.0708238467895,0.554735547355,0.566632284845,0.555663141316,0.56114771308,1,0.5,2025-01-01,0.554735547355,historical_prior,30
2025-01-24,2025-02-23,0,-0.0821250971436,0.554735547355,0.566632284845,0.552476911145,0.559554597995,1,0.5,2025-01-01,0.554735547355,historical_prior,30
2025-01-25,2025-02-24,0,-0.125960542012,0.554735547355,0.566632284845,0.552607679609,0.559619982227,1,0.5,2025-01-01,0.554735547355,historical_prior,30
2025-01-26,2025-02-25,0,-0.135837068798,0.554735547355,0.566632284845,0.553664069936,0.56014817739,1,0.5,2025-01-01,0.554735547355,historical_prior,30
2025-01-27,2025-02-26,0,-0.174688926629,0.554735547355,0.566632284845,0.551677670989,0.559154977917,1,0.5,2025-01-01,0.554735547355,historical_prior,30
2025-01-28,2025-02-27,0,-0.164078104104,0.554735547355,0.566632284845,0.547221782598,0.556927033721,1,0.5,2025-01-01,0.554735547355,historical_prior,30
2025-01-29,2025-02-28,0,-0.186857173265,0.554735547355,0.566632284845,0.553189935711,0.559911110278,1,0.5,2025-01-01,0.554735547355,historical_prior,30
2025-01-30,2025-03-01,0,-0.178169272177,0.554735547355,0.566632284845,0.554007994571,0.560320139708,1,0.5,2025-01-01,0.554735547355,historical_prior,30
2025-01-31,2025-03-02,0,-0.0796602074635,0.554735547355,0.566632284845,0.549874975794,0.558253630319,1,0.5,2025-01-01,0.554735547355,historical_prior,30
2025-02-01,2025-03-03,0,-0.143239895604,0.555060728745,0.567016113897,0.547801895677,0.557409004787,1,0.5,2025-02-01,0.555060728745,historical_prior,30
2025-02-02,2025-03-04,0,-0.106638148245,0.555060728745,0.567016113897,0.545944257116,0.556480185506,1,0.5,2025-02-01,0.555060728745,historical_prior,30
2025-02-03,2025-03-05,0,-0.105819269836,0.555060728745,0.567016113897,0.551309347957,0.559162730927,1,0.5,2025-02-01,0.555060728745,historical_prior,30
2025-02-04,2025-03-06,0,-0.0801042274322,0.555060728745,0.567016113897,0.547775829272,0.557395971584,1,0.5,2025-02-01,0.555060728745,historical_prior,30
2025-02-05,2025-03-07,0,-0.101546767843,0.555060728745,0.495116056789,0.542623236593,0.518869646691,1,0.5,2025-02-01,0.555060728745,historical_prior,30
2025-02-06,2025-03-08,0,-0.107006054103,0.555060728745,0.495116056789,0.542440570775,0.518778313782,1,0.5,2025-02-01,0.555060728745,historical_prior,30
2025-02-07,2025-03-09,0,-0.163433353919,0.555060728745,0.495116056789,0.545002206361,0.520059131575,1,0.5,2025-02-01,0.555060728745,historical_prior,30
2025-02-08,2025-03-10,0,-0.185068465113,0.555060728745,0.495116056789,0.547200026147,0.521158041468,1,0.5,2025-02-01,0.555060728745,historical_prior,30
2025-02-09,2025-03-11,0,-0.140258908231,0.555060728745,0.495116056789,0.549377307026,0.522246681908,1,0.5,2025-02-01,0.555060728745,historical_prior,30
2025-02-10,2025-03-12,0,-0.141132959776,0.555060728745,0.567016113897,0.54710473582,0.557060424858,1,0.5,2025-02-01,0.555060728745,historical_prior,30
2025-02-11,2025-03-13,0,-0.15308723697,0.555060728745,0.495116056789,0.548571406011,0.5218437314,1,0.5,2025-02-01,0.555060728745,historical_prior,30
2025-02-12,2025-03-14,0,-0.141890174915,0.555060728745,0.495116056789,0.552549628019,0.523832842404,1,0.5,2025-02-01,0.555060728745,historical_prior,30
2025-02-13,2025-03-15,0,-0.127004825887,0.555060728745,0.495116056789,0.550349501085,0.522732778937,1,0.5,2025-02-01,0.555060728745,historical_prior,30
2025-02-14,2025-03-16,0,-0.153085913013,0.555060728745,0.495116056789,0.550073853551,0.52259495517,1,0.5,2025-02-01,0.555060728745,historical_prior,30
2025-02-15,2025-03-17,0,-0.138973836744,0.555060728745,0.495116056789,0.550359778569,0.522737917679,1,0.5,2025-02-01,0.555060728745,historical_prior,30
2025-02-16,2025-03-18,0,-0.139443946677,0.555060728745,0.495116056789,0.546941434183,0.521028745486,1,0.5,2025-02-01,0.555060728745,historical_prior,30
2025-02-17,2025-03-19,0,-0.093276884527,0.555060728745,0.495116056789,0.545375599596,0.520245828193,1,0.5,2025-02-01,0.555060728745,historical_prior,30
2025-02-18,2025-03-20,0,-0.119662817881,0.555060728745,0.495116056789,0.547525123207,0.521320589998,1,0.5,2025-02-01,0.555060728745,historical_prior,30
2025-02-19,2025-03-21,0,-0.129915275975,0.555060728745,0.495116056789,0.546430118982,0.520773087885,1,0.5,2025-02-01,0.555060728745,historical_prior,30
2025-02-20,2025-03-22,0,-0.147138090636,0.555060728745,0.567016113897,0.548466367169,0.557741240533,1,0.5,2025-02-01,0.555060728745,historical_prior,30
2025-02-21,2025-03-23,0,-0.105003868708,0.555060728745,0.495116056789,0.545432250672,0.520274153731,1,0.5,2025-02-01,0.555060728745,historical_prior,30
2025-02-22,2025-03-24,0,-0.0937623542208,0.555060728745,0.495116056789,0.545796738481,0.520456397635,1,0.5,2025-02-01,0.555060728745,historical_prior,30
2025-02-23,2025-03-25,0,-0.0920975918885,0.555060728745,0.567016113897,0.54659365607,0.556804884984,1,0.5,2025-02-01,0.555060728745,historical_prior,30
2025-02-24,2025-03-26,0,-0.0507216157482,0.555060728745,0.495116056789,0.541317682298,0.518216869543,1,0.5,2025-02-01,0.555060728745,historical_prior,30
2025-02-25,2025-03-27,0,-0.0163326958381,0.555060728745,0.495116056789,0.538107196837,0.516611626813,1,0.5,2025-02-01,0.555060728745,historical_prior,30
2025-02-26,2025-03-28,1,0.0020687218257,0.555060728745,0.495116056789,0.531333312686,0.513224684737,1,0.5,2025-02-01,0.555060728745,historical_prior,30
2025-02-27,2025-03-29,0,-0.0243191421695,0.555060728745,0.495116056789,0.530568686222,0.512842371506,1,0.5,2025-02-01,0.555060728745,historical_prior,30
2025-02-28,2025-03-30,0,-0.0232359382828,0.555060728745,0.495116056789,0.531323934356,0.513219995573,1,0.5,2025-02-01,0.555060728745,historical_prior,30
2025-03-01,2025-03-31,0,-0.04083587048,0.552441953563,0.494663677199,0.530807621166,0.512735649182,1,0.5,2025-03-01,0.552441953563,historical_prior,30
2025-03-02,2025-04-01,0,-0.0966549273364,0.552441953563,0.561261954547,0.544761954026,0.553011954287,1,0.5,2025-03-01,0.552441953563,historical_prior,30
2025-03-03,2025-04-02,0,-0.0429632775737,0.552441953563,0.494663677199,0.540818982063,0.517741329631,1,0.5,2025-03-01,0.552441953563,historical_prior,30
2025-03-04,2025-04-03,0,-0.0466177554634,0.552441953563,0.494663677199,0.545930854726,0.520297265962,1,0.5,2025-03-01,0.552441953563,historical_prior,30
2025-03-05,2025-04-04,0,-0.0741246634743,0.552441953563,0.494663677199,0.553879792887,0.524271735043,1,0.5,2025-03-01,0.552441953563,historical_prior,30
2025-03-06,2025-04-05,0,-0.0710971380675,0.552441953563,0.494663677199,0.553350814543,0.524007245871,1,0.5,2025-03-01,0.552441953563,historical_prior,30
2025-03-07,2025-04-06,0,-0.0964467882272,0.552441953563,0.494663677199,0.550128683278,0.522396180238,1,0.5,2025-03-01,0.552441953563,historical_prior,30
2025-03-08,2025-04-07,0,-0.0818720646421,0.552441953563,0.494663677199,0.54755215684,0.521107917019,1,0.5,2025-03-01,0.552441953563,historical_prior,30
2025-03-09,2025-04-08,0,-0.0546477293376,0.552441953563,0.571575595462,0.53228929019,0.551932442826,1,0.5,2025-03-01,0.552441953563,historical_prior,30
2025-03-10,2025-04-09,1,0.0511395892863,0.552441953563,0.571575595462,0.537304029213,0.554439812337,1,0.5,2025-03-01,0.552441953563,historical_prior,30
2025-03-11,2025-04-10,0,-0.0401009296783,0.552441953563,0.571575595462,0.543162283654,0.557368939558,1,0.5,2025-03-01,0.552441953563,historical_prior,30
2025-03-12,2025-04-11,0,-0.00306261511097,0.552441953563,0.494663677199,0.54054468433,0.517604180764,1,0.5,2025-03-01,0.552441953563,historical_prior,30
2025-03-13,2025-04-12,1,0.0512985266245,0.552441953563,0.571575595462,0.538142815201,0.554859205331,1,0.5,2025-03-01,0.552441953563,historical_prior,30
2025-03-14,2025-04-13,0,-0.00265767439202,0.552441953563,0.494663677199,0.544966170444,0.519814923821,1,0.5,2025-03-01,0.552441953563,historical_prior,30
2025-03-15,2025-04-14,1,0.00300147832945,0.552441953563,0.494663677199,0.546447942902,0.52055581005,1,0.5,2025-03-01,0.552441953563,historical_prior,30
2025-03-16,2025-04-15,1,0.0129514512526,0.552441953563,0.571575595462,0.54963977279,0.560607684126,1,0.5,2025-03-01,0.552441953563,historical_prior,30
2025-03-17,2025-04-16,1,0.000242232980991,0.552441953563,0.571575595462,0.554130172108,0.562852883785,1,0.5,2025-03-01,0.552441953563,historical_prior,30
2025-03-18,2025-04-17,1,0.0269948520843,0.552441953563,0.571575595462,0.547920051851,0.559747823656,1,0.5,2025-03-01,0.552441953563,historical_prior,30
2025-03-19,2025-04-18,0,-0.0273040973476,0.552441953563,0.494663677199,0.553391478017,0.524027577608,1,0.5,2025-03-01,0.552441953563,historical_prior,30
2025-03-20,2025-04-19,1,0.0101351892865,0.552441953563,0.571575595462,0.552754730585,0.562165163023,1,0.5,2025-03-01,0.552441953563,historical_prior,30
2025-03-21,2025-04-20,1,0.0129678403031,0.552441953563,0.571575595462,0.549121227775,0.560348411618,1,0.5,2025-03-01,0.552441953563,historical_prior,30
2025-03-22,2025-04-21,1,0.043840817437,0.552441953563,0.571575595462,0.54782502137,0.559700308416,1,0.5,2025-03-01,0.552441953563,historical_prior,30
2025-03-23,2025-04-22,1,0.0855050678129,0.552441953563,0.494663677199,0.553556052536,0.524109864867,1,0.5,2025-03-01,0.552441953563,historical_prior,30
2025-03-24,2025-04-23,1,0.0707777169257,0.552441953563,0.494663677199,0.553862339379,0.524263008289,1,0.5,2025-03-01,0.552441953563,historical_prior,30
2025-03-25,2025-04-24,1,0.0753791470631,0.552441953563,0.494663677199,0.555206001835,0.524934839517,1,0.5,2025-03-01,0.552441953563,historical_prior,30
2025-03-26,2025-04-25,1,0.0889377956319,0.552441953563,0.494663677199,0.551262148079,0.522962912639,1,0.5,2025-03-01,0.552441953563,historical_prior,30
2025-03-27,2025-04-26,1,0.0847852754969,0.552441953563,0.494663677199,0.555215059022,0.52493936811,1,0.5,2025-03-01,0.552441953563,historical_prior,30
2025-03-28,2025-04-27,1,0.110452928408,0.552441953563,0.571575595462,0.552755026913,0.562165311187,1,0.5,2025-03-01,0.552441953563,historical_prior,30
2025-03-29,2025-04-28,1,0.149580863739,0.552441953563,0.571575595462,0.550447222672,0.561011409067,1,0.5,2025-03-01,0.552441953563,historical_prior,30
2025-03-30,2025-04-29,1,0.144032424327,0.552441953563,0.571575595462,0.547827923484,0.559701759473,1,0.5,2025-03-01,0.552441953563,historical_prior,30
2025-03-31,2025-04-30,1,0.140787263381,0.552441953563,0.571575595462,0.545928155536,0.558751875499,1,0.5,2025-03-01,0.552441953563,historical_prior,30
2025-04-01,2025-05-01,1,0.133064712159,0.546065638592,0.571006845861,0.538613723492,0.554810284676,1,0.5,2025-04-01,0.546065638592,historical_prior,30
2025-04-02,2025-05-02,1,0.174157732976,0.546065638592,0.571006845861,0.536206304933,0.553606575397,1,0.5,2025-04-01,0.546065638592,historical_prior,30
2025-04-03,2025-05-03,1,0.151939196105,0.546065638592,0.571006845861,0.536471313929,0.553739079895,1,0.5,2025-04-01,0.546065638592,historical_prior,30
2025-04-04,2025-05-04,1,0.123826035253,0.546065638592,0.571006845861,0.538962745132,0.554984795496,1,0.5,2025-04-01,0.546065638592,historical_prior,30
2025-04-05,2025-05-05,1,0.134019145062,0.546065638592,0.571006845861,0.540792813792,0.555899829826,1,0.5,2025-04-01,0.546065638592,historical_prior,30
2025-04-06,2025-05-06,1,0.234655361469,0.546065638592,0.571006845861,0.535022248514,0.553014547187,1,0.5,2025-04-01,0.546065638592,historical_prior,30
2025-04-07,2025-05-07,1,0.225701474573,0.546065638592,0.571006845861,0.536329255603,0.553668050732,1,0.5,2025-04-01,0.546065638592,historical_prior,30
2025-04-08,2025-05-08,1,0.352965485109,0.546065638592,0.571006845861,0.529871649636,0.550439247748,1,0.5,2025-04-01,0.546065638592,historical_prior,30
2025-04-09,2025-05-09,1,0.246404597119,0.546065638592,0.571006845861,0.546052319138,0.558529582499,1,0.5,2025-04-01,0.546065638592,historical_prior,30
2025-04-10,2025-05-10,1,0.316581896384,0.546065638592,0.571006845861,0.53805407429,0.554530460075,1,0.5,2025-04-01,0.546065638592,historical_prior,30
2025-04-11,2025-05-11,1,0.248060506445,0.546065638592,0.571006845861,0.54367249538,0.557339670621,1,0.5,2025-04-01,0.546065638592,historical_prior,30
2025-04-12,2025-05-12,1,0.205382934886,0.546065638592,0.571006845861,0.547862974238,0.559434910049,1,0.5,2025-04-01,0.546065638592,historical_prior,30
2025-04-13,2025-05-13,1,0.242881088825,0.546065638592,0.571006845861,0.550309790849,0.560658318355,1,0.5,2025-04-01,0.546065638592,historical_prior,30
2025-04-14,2025-05-14,1,0.223618473612,0.546065638592,0.571006845861,0.550545224243,0.560776035052,1,0.5,2025-04-01,0.546065638592,historical_prior,30
2025-04-15,2025-05-15,1,0.240539935983,0.546065638592,0.571006845861,0.553343428538,0.562175137199,1,0.5,2025-04-01,0.546065638592,historical_prior,30
2025-04-16,2025-05-16,1,0.231267786722,0.546065638592,0.571006845861,0.545440650978,0.558223748419,1,0.5,2025-04-01,0.546065638592,historical_prior,30
2025-04-17,2025-05-17,1,0.213998672834,0.546065638592,0.571006845861,0.551009542176,0.561008194018,1,0.5,2025-04-01,0.546065638592,historical_prior,30
2025-04-18,2025-05-18,1,0.260191188627,0.546065638592,0.571006845861,0.543201591942,0.557104218901,1,0.5,2025-04-01,0.546065638592,historical_prior,30
2025-04-19,2025-05-19,1,0.240919726728,0.546065638592,0.571006845861,0.542753764126,0.556880304993,1,0.5,2025-04-01,0.546065638592,historical_prior,30
2025-04-20,2025-05-20,1,0.254413516721,0.546065638592,0.571006845861,0.544748904598,0.557877875229,1,0.5,2025-04-01,0.546065638592,historical_prior,30
2025-04-21,2025-05-21,1,0.252841787175,0.546065638592,0.571006845861,0.547597361693,0.559302103777,1,0.5,2025-04-01,0.546065638592,historical_prior,30
2025-04-22,2025-05-22,1,0.195340709881,0.546065638592,0.475406827759,0.557254649466,0.516330738612,1,0.5,2025-04-01,0.546065638592,historical_prior,30
2025-04-23,2025-05-23,1,0.145448424759,0.546065638592,0.475406827759,0.556521777699,0.515964302729,1,0.5,2025-04-01,0.546065638592,historical_prior,30
2025-04-24,2025-05-24,1,0.146641530948,0.546065638592,0.475406827759,0.555899591698,0.515653209728,1,0.5,2025-04-01,0.546065638592,historical_prior,30
2025-04-25,2025-05-25,1,0.151793220277,0.546065638592,0.475406827759,0.557525414741,0.51646612125,1,0.5,2025-04-01,0.546065638592,historical_prior,30
2025-04-26,2025-05-26,1,0.1564736653,0.546065638592,0.475406827759,0.556698477851,0.516052652805,1,0.5,2025-04-01,0.546065638592,historical_prior,30
2025-04-27,2025-05-27,1,0.162015823051,0.546065638592,0.475406827759,0.556204754005,0.515805790882,1,0.5,2025-04-01,0.546065638592,historical_prior,30
2025-04-28,2025-05-28,1,0.134411550304,0.546065638592,0.556743700782,0.555841298259,0.55629249952,1,0.5,2025-04-01,0.546065638592,historical_prior,30
2025-04-29,2025-05-29,1,0.120234588861,0.546065638592,0.556743700782,0.548529384734,0.552636542758,1,0.5,2025-04-01,0.546065638592,historical_prior,30
2025-04-30,2025-05-30,1,0.104208044854,0.546065638592,0.556743700782,0.548100271083,0.552421985933,1,0.5,2025-04-01,0.546065638592,historical_prior,30
2025-05-01,2025-05-31,1,0.0839670178986,0.546697928878,0.55634254703,0.550381987736,0.553362267383,1,0.5,2025-05-01,0.546697928878,historical_prior,30
2025-05-02,2025-06-01,1,0.0903710234403,0.546697928878,0.55634254703,0.550893490685,0.553618018858,1,0.5,2025-05-01,0.546697928878,historical_prior,30
2025-05-03,2025-06-02,1,0.104339072959,0.546697928878,0.55634254703,0.549315367626,0.552828957328,1,0.5,2025-05-01,0.546697928878,historical_prior,30
2025-05-04,2025-06-03,1,0.117729637214,0.546697928878,0.55634254703,0.547967467237,0.552155007133,1,0.5,2025-05-01,0.546697928878,historical_prior,30
2025-05-05,2025-06-04,1,0.105170410355,0.546697928878,0.55634254703,0.547384464123,0.551863505576,1,0.5,2025-05-01,0.546697928878,historical_prior,30
2025-05-06,2025-06-05,1,0.0482749760879,0.546697928878,0.55634254703,0.551673262343,0.554007904687,1,0.5,2025-05-01,0.546697928878,historical_prior,30
2025-05-07,2025-06-06,1,0.0748006039338,0.546697928878,0.55634254703,0.551713391273,0.554027969151,1,0.5,2025-05-01,0.546697928878,historical_prior,30
2025-05-08,2025-06-07,1,0.0221820115125,0.546697928878,0.55634254703,0.558904817691,0.557623682361,1,0.5,2025-05-01,0.546697928878,historical_prior,30
2025-05-09,2025-06-08,1,0.0268229253412,0.546697928878,0.55634254703,0.55345075656,0.554896651795,1,0.5,2025-05-01,0.546697928878,historical_prior,30
2025-05-10,2025-06-09,1,0.0520323867496,0.546697928878,0.55634254703,0.557236393248,0.556789470139,1,0.5,2025-05-01,0.546697928878,historical_prior,30
2025-05-11,2025-06-10,1,0.0591289690543,0.546697928878,0.55634254703,0.555815263488,0.556078905259,1,0.5,2025-05-01,0.546697928878,historical_prior,30
2025-05-12,2025-06-11,1,0.0569483882491,0.546697928878,0.55634254703,0.552999803041,0.554671175035,1,0.5,2025-05-01,0.546697928878,historical_prior,30
2025-05-13,2025-06-12,1,0.0150619977845,0.546697928878,0.55634254703,0.552802085467,0.554572316248,1,0.5,2025-05-01,0.546697928878,historical_prior,30
2025-05-14,2025-06-13,1,0.0247205476842,0.546697928878,0.55634254703,0.551600859624,0.553971703327,1,0.5,2025-05-01,0.546697928878,historical_prior,30
2025-05-15,2025-06-14,1,0.0159104758301,0.546697928878,0.55634254703,0.545922239703,0.551132393366,1,0.5,2025-05-01,0.546697928878,historical_prior,30
2025-05-16,2025-06-15,1,0.020587953866,0.546697928878,0.55634254703,0.545726090542,0.551034318786,1,0.5,2025-05-01,0.546697928878,historical_prior,30
2025-05-17,2025-06-16,1,0.0355667521441,0.546697928878,0.55634254703,0.543186122702,0.549764334866,1,0.5,2025-05-01,0.546697928878,historical_prior,30
2025-05-18,2025-06-17,0,-0.0178770675781,0.546697928878,0.55634254703,0.548394042803,0.552368294916,1,0.5,2025-05-01,0.546697928878,historical_prior,30
2025-05-19,2025-06-18,0,-0.00650692113399,0.546697928878,0.55634254703,0.548493046256,0.552417796643,1,0.5,2025-05-01,0.546697928878,historical_prior,30
2025-05-20,2025-06-19,0,-0.0205091268609,0.546697928878,0.55634254703,0.548731819094,0.552537183062,1,0.5,2025-05-01,0.546697928878,historical_prior,30
2025-05-21,2025-06-20,0,-0.0578782293494,0.546697928878,0.55634254703,0.551665597367,0.554004072198,1,0.5,2025-05-01,0.546697928878,historical_prior,30
2025-05-22,2025-06-21,0,-0.0857343324362,0.546697928878,0.55634254703,0.549753362949,0.553047954989,1,0.5,2025-05-01,0.546697928878,historical_prior,30
2025-05-23,2025-06-22,0,-0.0592110572009,0.546697928878,0.55634254703,0.545921838919,0.551132192974,1,0.5,2025-05-01,0.546697928878,historical_prior,30
2025-05-24,2025-06-23,0,-0.0225309666467,0.546697928878,0.55634254703,0.546687393445,0.551514970237,1,0.5,2025-05-01,0.546697928878,historical_prior,30
2025-05-25,2025-06-24,0,-0.0267988780982,0.546697928878,0.55634254703,0.544755966869,0.550549256949,1,0.5,2025-05-01,0.546697928878,historical_prior,30
2025-05-26,2025-06-25,0,-0.0191366018064,0.546697928878,0.55634254703,0.546106809061,0.551224678045,1,0.5,2025-05-01,0.546697928878,historical_prior,30
2025-05-27,2025-06-26,0,-0.0182774320516,0.546697928878,0.55634254703,0.544593025565,0.550467786297,1,0.5,2025-05-01,0.546697928878,historical_prior,30
2025-05-28,2025-06-27,0,-0.00681181921471,0.546697928878,0.55634254703,0.540221309588,0.548281928309,1,0.5,2025-05-01,0.546697928878,historical_prior,30
2025-05-29,2025-06-28,1,0.0161667207281,0.546697928878,0.55634254703,0.536202360656,0.546272453843,1,0.5,2025-05-01,0.546697928878,historical_prior,30
2025-05-30,2025-06-29,1,0.042039042374,0.546697928878,0.55634254703,0.538462396519,0.547402471775,1,0.5,2025-05-01,0.546697928878,historical_prior,30
2025-05-31,2025-06-30,1,0.0244246494087,0.546697928878,0.55634254703,0.537715845618,0.547029196324,1,0.5,2025-05-01,0.546697928878,historical_prior,30
2025-06-01,2025-07-01,1,0.000361690081863,0.552123552124,0.558152895753,0.543459392719,0.550806144236,1,0.5,2025-06-01,0.552123552124,historical_prior,30
2025-06-02,2025-07-02,1,0.0282605970508,0.552123552124,0.558152895753,0.543610483435,0.550881689594,1,0.5,2025-06-01,0.552123552124,historical_prior,30
2025-06-03,2025-07-03,1,0.0399318104757,0.552123552124,0.558152895753,0.543923149943,0.551038022848,1,0.5,2025-06-01,0.552123552124,historical_prior,30
2025-06-04,2025-07-04,1,0.0313990314514,0.552123552124,0.558152895753,0.544079026688,0.551115961221,1,0.5,2025-06-01,0.552123552124,historical_prior,30
2025-06-05,2025-07-05,1,0.0659001772065,0.552123552124,0.558152895753,0.541712726579,0.549932811166,1,0.5,2025-06-01,0.552123552124,historical_prior,30
2025-06-06,2025-07-06,1,0.0471327406949,0.552123552124,0.558152895753,0.547167066186,0.552659980969,1,0.5,2025-06-01,0.552123552124,historical_prior,30
2025-06-07,2025-07-07,1,0.0256819970034,0.552123552124,0.558152895753,0.544170820091,0.551161857922,1,0.5,2025-06-01,0.552123552124,historical_prior,30
2025-06-08,2025-07-08,1,0.0301604025195,0.552123552124,0.558152895753,0.543434227631,0.550793561692,1,0.5,2025-06-01,0.552123552124,historical_prior,30
2025-06-09,2025-07-09,1,0.00880594418691,0.552123552124,0.558152895753,0.548893004511,0.553522950132,1,0.5,2025-06-01,0.552123552124,historical_prior,30
2025-06-10,2025-07-10,1,0.0520121671043,0.552123552124,0.558152895753,0.549596151469,0.553874523611,1,0.5,2025-06-01,0.552123552124,historical_prior,30
2025-06-11,2025-07-11,1,0.0817573766774,0.552123552124,0.558152895753,0.548805287563,0.553479091658,1,0.5,2025-06-01,0.552123552124,historical_prior,30
2025-06-12,2025-07-12,1,0.111177038551,0.552123552124,0.558152895753,0.548306822247,0.553229859,1,0.5,2025-06-01,0.552123552124,historical_prior,30
2025-06-13,2025-07-13,1,0.122753545674,0.552123552124,0.558152895753,0.546127200869,0.552140048311,1,0.5,2025-06-01,0.552123552124,historical_prior,30
2025-06-14,2025-07-14,1,0.136855184441,0.552123552124,0.558152895753,0.543964403457,0.551058649605,1,0.5,2025-06-01,0.552123552124,historical_prior,30
2025-06-15,2025-07-15,1,0.115196685873,0.552123552124,0.558152895753,0.544109915815,0.551131405784,1,0.5,2025-06-01,0.552123552124,historical_prior,30
2025-06-16,2025-07-16,1,0.110828710047,0.552123552124,0.558152895753,0.541313831153,0.549733363453,1,0.5,2025-06-01,0.552123552124,historical_prior,30
2025-06-17,2025-07-17,1,0.139896951894,0.552123552124,0.558152895753,0.537076475057,0.547614685405,1,0.5,2025-06-01,0.552123552124,historical_prior,30
2025-06-18,2025-07-18,1,0.124306037424,0.552123552124,0.558152895753,0.539370026554,0.548761461154,1,0.5,2025-06-01,0.552123552124,historical_prior,30
2025-06-19,2025-07-19,1,0.125946756974,0.552123552124,0.558152895753,0.541536535903,0.549844715828,1,0.5,2025-06-01,0.552123552124,historical_prior,30
2025-06-20,2025-07-20,1,0.135212021066,0.552123552124,0.558152895753,0.538163388653,0.548158142203,1,0.5,2025-06-01,0.552123552124,historical_prior,30
2025-06-21,2025-07-21,1,0.149435453443,0.552123552124,0.558152895753,0.536434578529,0.547293737141,1,0.5,2025-06-01,0.552123552124,historical_prior,30
2025-06-22,2025-07-22,1,0.188092532507,0.552123552124,0.558152895753,0.53541613516,0.546784515456,1,0.5,2025-06-01,0.552123552124,historical_prior,30
2025-06-23,2025-07-23,1,0.127423898453,0.552123552124,0.558152895753,0.540771623342,0.549462259548,1,0.5,2025-06-01,0.552123552124,historical_prior,30
2025-06-24,2025-07-24,1,0.115550936531,0.552123552124,0.558152895753,0.543527540392,0.550840218073,1,0.5,2025-06-01,0.552123552124,historical_prior,30
2025-06-25,2025-07-25,1,0.0957115193527,0.552123552124,0.558152895753,0.544688612277,0.551420754015,1,0.5,2025-06-01,0.552123552124,historical_prior,30
2025-06-26,2025-07-26,1,0.102601511439,0.552123552124,0.558152895753,0.544593190182,0.551373042968,1,0.5,2025-06-01,0.552123552124,historical_prior,30
2025-06-27,2025-07-27,1,0.115537024234,0.552123552124,0.558152895753,0.5464412833,0.552297089527,1,0.5,2025-06-01,0.552123552124,historical_prior,30
2025-06-28,2025-07-28,1,0.100334129288,0.552123552124,0.558152895753,0.54848251806,0.553317706906,1,0.5,2025-06-01,0.552123552124,historical_prior,30
2025-06-29,2025-07-29,1,0.0885391455812,0.552123552124,0.558152895753,0.55144111158,0.554797003666,1,0.5,2025-06-01,0.552123552124,historical_prior,30
2025-06-30,2025-07-30,1,0.0998054066162,0.552123552124,0.558152895753,0.545317990205,0.551735442979,1,0.5,2025-06-01,0.552123552124,historical_prior,30
2025-07-01,2025-07-31,1,0.0954090767757,0.553053435115,0.559980319656,0.543275068157,0.551627693907,1,0.5,2025-07-01,0.553053435115,historical_prior,30
2025-07-02,2025-08-01,1,0.0408667555967,0.553053435115,0.559980319656,0.54634000782,0.553160163738,1,0.5,2025-07-01,0.553053435115,historical_prior,30
2025-07-03,2025-08-02,1,0.0270253770642,0.553053435115,0.559980319656,0.547798190033,0.553889254845,1,0.5,2025-07-01,0.553053435115,historical_prior,30
2025-07-04,2025-08-03,1,0.057643226456,0.553053435115,0.559980319656,0.546081373873,0.553030846765,1,0.5,2025-07-01,0.553053435115,historical_prior,30
2025-07-05,2025-08-04,1,0.0633736519636,0.553053435115,0.559980319656,0.546725480141,0.553352899899,1,0.5,2025-07-01,0.553053435115,historical_prior,30
2025-07-06,2025-08-05,1,0.045107479737,0.553053435115,0.559980319656,0.545592328715,0.552786324186,1,0.5,2025-07-01,0.553053435115,historical_prior,30
2025-07-07,2025-08-06,1,0.0621572811527,0.553053435115,0.559980319656,0.545162108204,0.55257121393,1,0.5,2025-07-01,0.553053435115,historical_prior,30
2025-07-08,2025-08-07,1,0.0784869271847,0.553053435115,0.559980319656,0.547380022904,0.55368017128,1,0.5,2025-07-01,0.553053435115,historical_prior,30
2025-07-09,2025-08-08,1,0.0489126570035,0.553053435115,0.559980319656,0.544738156995,0.552359238326,1,0.5,2025-07-01,0.553053435115,historical_prior,30
2025-07-10,2025-08-09,1,0.0038983708301,0.553053435115,0.559980319656,0.550576016592,0.555278168124,1,0.5,2025-07-01,0.553053435115,historical_prior,30
2025-07-11,2025-08-10,1,0.0150292280132,0.553053435115,0.559980319656,0.554316082517,0.557148201087,1,0.5,2025-07-01,0.553053435115,historical_prior,30
2025-07-12,2025-08-11,1,0.0107818088912,0.553053435115,0.559980319656,0.55451997953,0.557250149593,1,0.5,2025-07-01,0.553053435115,historical_prior,30
2025-07-13,2025-08-12,1,0.00879561300915,0.553053435115,0.559980319656,0.555338704377,0.557659512017,1,0.5,2025-07-01,0.553053435115,historical_prior,30
2025-07-14,2025-08-13,1,0.0289153528028,0.553053435115,0.559980319656,0.557261186685,0.558620753171,1,0.5,2025-07-01,0.553053435115,historical_prior,30
2025-07-15,2025-08-14,1,0.00456019624639,0.553053435115,0.559980319656,0.554526717152,0.557253518404,1,0.5,2025-07-01,0.553053435115,historical_prior,30
2025-07-16,2025-08-15,0,-0.010860451235,0.553053435115,0.559980319656,0.552860285824,0.55642030274,1,0.5,2025-07-01,0.553053435115,historical_prior,30
2025-07-17,2025-08-16,0,-0.0150775028453,0.553053435115,0.559980319656,0.549500160734,0.554740240195,1,0.5,2025-07-01,0.553053435115,historical_prior,30
2025-07-18,2025-08-17,0,-0.00440814674839,0.553053435115,0.559980319656,0.546750365885,0.553365342771,1,0.5,2025-07-01,0.553053435115,historical_prior,30
2025-07-19,2025-08-18,0,-0.0136876272912,0.553053435115,0.559980319656,0.546837960573,0.553409140115,1,0.5,2025-07-01,0.553053435115,historical_prior,30
2025-07-20,2025-08-19,0,-0.0374551273217,0.553053435115,0.559980319656,0.545083733412,0.552532026534,1,0.5,2025-07-01,0.553053435115,historical_prior,30
2025-07-21,2025-08-20,0,-0.0264875657222,0.553053435115,0.559980319656,0.544848803008,0.552414561332,1,0.5,2025-07-01,0.553053435115,historical_prior,30
2025-07-22,2025-08-21,0,-0.0621437709423,0.553053435115,0.559980319656,0.550010889801,0.554995604729,1,0.5,2025-07-01,0.553053435115,historical_prior,30
2025-07-23,2025-08-22,0,-0.0153255427368,0.553053435115,0.559980319656,0.545569136802,0.552774728229,1,0.5,2025-07-01,0.553053435115,historical_prior,30
2025-07-24,2025-08-23,0,-0.0245303001099,0.553053435115,0.559980319656,0.544390158155,0.552185238906,1,0.5,2025-07-01,0.553053435115,historical_prior,30
2025-07-25,2025-08-24,0,-0.0350358727607,0.553053435115,0.559980319656,0.544262889799,0.552121604728,1,0.5,2025-07-01,0.553053435115,historical_prior,30
2025-07-26,2025-08-25,0,-0.0662144730508,0.553053435115,0.559980319656,0.544803209176,0.552391764416,1,0.5,2025-07-01,0.553053435115,historical_prior,30
2025-07-27,2025-08-26,0,-0.0640815203715,0.553053435115,0.559980319656,0.54702015383,0.553500236743,1,0.5,2025-07-01,0.553053435115,historical_prior,30
2025-07-28,2025-08-27,0,-0.0575993255088,0.553053435115,0.559980319656,0.545472970325,0.552726644991,1,0.5,2025-07-01,0.553053435115,historical_prior,30
2025-07-29,2025-08-28,0,-0.0456449793117,0.553053435115,0.559980319656,0.542676724605,0.551328522131,1,0.5,2025-07-01,0.553053435115,historical_prior,30
2025-07-30,2025-08-29,0,-0.0803027487201,0.553053435115,0.559980319656,0.543928129594,0.551954224625,1,0.5,2025-07-01,0.553053435115,historical_prior,30
2025-07-31,2025-08-30,0,-0.0600164576093,0.553053435115,0.559980319656,0.542563628519,0.551271974088,1,0.5,2025-07-01,0.553053435115,historical_prior,30
2025-08-01,2025-08-31,0,-0.0445866928019,0.558279894379,0.570743852398,0.547660858616,0.559202355507,1,0.5,2025-08-01,0.558279894379,historical_prior,30
2025-08-02,2025-09-01,0,-0.0294005980647,0.558279894379,0.570743852398,0.546308098858,0.558525975628,1,0.5,2025-08-01,0.558279894379,historical_prior,30
2025-08-03,2025-09-02,0,-0.0259944067357,0.558279894379,0.570743852398,0.547396182721,0.55907001756,1,0.5,2025-08-01,0.558279894379,historical_prior,30
2025-08-04,2025-09-03,0,-0.0291105916882,0.558279894379,0.570743852398,0.549486332007,0.560115092203,1,0.5,2025-08-01,0.558279894379,historical_prior,30
2025-08-05,2025-09-04,0,-0.0297808415422,0.558279894379,0.570743852398,0.548232410562,0.55948813148,1,0.5,2025-08-01,0.558279894379,historical_prior,30
2025-08-06,2025-09-05,0,-0.0376745323838,0.558279894379,0.570743852398,0.549583991542,0.56016392197,1,0.5,2025-08-01,0.558279894379,historical_prior,30
2025-08-07,2025-09-06,0,-0.0620066005511,0.558279894379,0.570743852398,0.554129078932,0.562436465665,1,0.5,2025-08-01,0.558279894379,historical_prior,30
2025-08-08,2025-09-07,0,-0.0474601443294,0.558279894379,0.570743852398,0.554620021332,0.562681936865,1,0.5,2025-08-01,0.558279894379,historical_prior,30
2025-08-09,2025-09-08,0,-0.0377548948264,0.558279894379,0.570743852398,0.552780305062,0.56176207873,1,0.5,2025-08-01,0.558279894379,historical_prior,30
2025-08-10,2025-09-09,0,-0.0649455911491,0.558279894379,0.570743852398,0.554125072169,0.562434462284,1,0.5,2025-08-01,0.558279894379,historical_prior,30
2025-08-11,2025-09-10,0,-0.0398193552736,0.558279894379,0.570743852398,0.552756906691,0.561750379544,1,0.5,2025-08-01,0.558279894379,historical_prior,30
2025-08-12,2025-09-11,0,-0.0387183220615,0.558279894379,0.570743852398,0.554640636354,0.562692244376,1,0.5,2025-08-01,0.558279894379,historical_prior,30
2025-08-13,2025-09-12,0,-0.0590156571721,0.558279894379,0.570743852398,0.557302521873,0.564023187136,1,0.5,2025-08-01,0.558279894379,historical_prior,30
2025-08-14,2025-09-13,0,-0.0200921272388,0.558279894379,0.570743852398,0.551014077931,0.560878965165,1,0.5,2025-08-01,0.558279894379,historical_prior,30
2025-08-15,2025-09-14,0,-0.0176751641888,0.558279894379,0.570743852398,0.550422471895,0.560583162147,1,0.5,2025-08-01,0.558279894379,historical_prior,30
2025-08-16,2025-09-15,0,-0.0173022540511,0.558279894379,0.570743852398,0.550488722781,0.56061628759,1,0.5,2025-08-01,0.558279894379,historical_prior,30
2025-08-17,2025-09-16,0,-0.0052472207106,0.558279894379,0.570743852398,0.548361801776,0.559552827087,1,0.5,2025-08-01,0.558279894379,historical_prior,30
2025-08-18,2025-09-17,1,0.00189749288139,0.558279894379,0.570743852398,0.54765431321,0.559199082804,1,0.5,2025-08-01,0.558279894379,historical_prior,30
2025-08-19,2025-09-18,1,0.0372152085345,0.558279894379,0.570743852398,0.543081324219,0.556912588309,1,0.5,2025-08-01,0.558279894379,historical_prior,30
2025-08-20,2025-09-19,1,0.0119114835894,0.558279894379,0.570743852398,0.542014432973,0.556379142686,1,0.5,2025-08-01,0.558279894379,historical_prior,30
2025-08-21,2025-09-20,1,0.0283167111111,0.558279894379,0.570743852398,0.54339847159,0.557071161994,1,0.5,2025-08-01,0.558279894379,historical_prior,30
2025-08-22,2025-09-21,0,-0.0145695093529,0.558279894379,0.570743852398,0.550199326186,0.560471589292,1,0.5,2025-08-01,0.558279894379,historical_prior,30
2025-08-23,2025-09-22,0,-0.0241433392196,0.558279894379,0.570743852398,0.548674992115,0.559709422257,1,0.5,2025-08-01,0.558279894379,historical_prior,30
2025-08-24,2025-09-23,0,-0.0131706997726,0.558279894379,0.570743852398,0.546751116987,0.558747484693,1,0.5,2025-08-01,0.558279894379,historical_prior,30
2025-08-25,2025-09-24,1,0.0290160979759,0.558279894379,0.570743852398,0.544040184609,0.557392018504,1,0.5,2025-08-01,0.558279894379,historical_prior,30
2025-08-26,2025-09-25,0,-0.0247731767213,0.558279894379,0.570743852398,0.548606308001,0.5596750802,1,0.5,2025-08-01,0.558279894379,historical_prior,30
2025-08-27,2025-09-26,0,-0.0145471936018,0.558279894379,0.570743852398,0.547126284446,0.558935068422,1,0.5,2025-08-01,0.558279894379,historical_prior,30
2025-08-28,2025-09-27,0,-0.0260382936725,0.558279894379,0.570743852398,0.550363298444,0.560553575421,1,0.5,2025-08-01,0.558279894379,historical_prior,30
2025-08-29,2025-09-28,1,0.0349385573007,0.558279894379,0.570743852398,0.541846477753,0.556295165076,1,0.5,2025-08-01,0.558279894379,historical_prior,30
2025-08-30,2025-09-29,1,0.0505037249464,0.558279894379,0.570743852398,0.544291259298,0.557517555848,1,0.5,2025-08-01,0.558279894379,historical_prior,30
2025-08-31,2025-09-30,1,0.0536053178698,0.558279894379,0.480931188819,0.546017591502,0.513474390161,1,0.5,2025-08-01,0.558279894379,historical_prior,30
2025-09-01,2025-10-01,1,0.0856626785949,0.557046979866,0.567909260945,0.548831472169,0.558370366557,1,0.5,2025-09-01,0.557046979866,historical_prior,30
2025-09-02,2025-10-02,1,0.0835071841507,0.557046979866,0.567909260945,0.549194380736,0.55855182084,1,0.5,2025-09-01,0.557046979866,historical_prior,30
2025-09-03,2025-10-03,1,0.0942323360193,0.557046979866,0.567909260945,0.550000449661,0.558954855303,1,0.5,2025-09-01,0.557046979866,historical_prior,30
2025-09-04,2025-10-04,1,0.105301529736,0.557046979866,0.567909260945,0.547807992123,0.557858626534,1,0.5,2025-09-01,0.557046979866,historical_prior,30
2025-09-05,2025-10-05,1,0.11587132802,0.557046979866,0.567909260945,0.551648573646,0.559778917296,1,0.5,2025-09-01,0.557046979866,historical_prior,30
2025-09-06,2025-10-06,1,0.131326223725,0.557046979866,0.567909260945,0.549738545681,0.558823903313,1,0.5,2025-09-01,0.557046979866,historical_prior,30
2025-09-07,2025-10-07,1,0.0917388341308,0.557046979866,0.567909260945,0.551734597959,0.559821929452,1,0.5,2025-09-01,0.557046979866,historical_prior,30
2025-09-08,2025-10-08,1,0.100305598802,0.557046979866,0.567909260945,0.551945155581,0.559927208263,1,0.5,2025-09-01,0.557046979866,historical_prior,30
2025-09-09,2025-10-09,1,0.0906888156578,0.557046979866,0.567909260945,0.548281947737,0.558095604341,1,0.5,2025-09-01,0.557046979866,historical_prior,30
2025-09-10,2025-10-10,0,-0.0104027729028,0.557046979866,0.567909260945,0.551069757882,0.559489509413,1,0.5,2025-09-01,0.557046979866,historical_prior,30
2025-09-11,2025-10-11,0,-0.0418962357042,0.557046979866,0.480734447142,0.553436578666,0.517085512904,1,0.5,2025-09-01,0.557046979866,historical_prior,30
2025-09-12,2025-10-12,0,-0.00922714256436,0.557046979866,0.480734447142,0.553019391254,0.516876919198,1,0.5,2025-09-01,0.557046979866,historical_prior,30
2025-09-13,2025-10-13,0,-0.00648983003459,0.557046979866,0.480734447142,0.554095836808,0.517415141975,1,0.5,2025-09-01,0.557046979866,historical_prior,30
2025-09-14,2025-10-14,0,-0.0194318440997,0.557046979866,0.480734447142,0.552664434263,0.516699440702,1,0.5,2025-09-01,0.557046979866,historical_prior,30
2025-09-15,2025-10-15,0,-0.0397610882593,0.557046979866,0.480734447142,0.55184488045,0.516289663796,1,0.5,2025-09-01,0.557046979866,historical_prior,30
2025-09-16,2025-10-16,0,-0.0735915449542,0.557046979866,0.480734447142,0.554092917619,0.51741368238,1,0.5,2025-09-01,0.557046979866,historical_prior,30
2025-09-17,2025-10-17,0,-0.0860121707972,0.557046979866,0.480734447142,0.551646152407,0.516190299775,1,0.5,2025-09-01,0.557046979866,historical_prior,30
2025-09-18,2025-10-18,0,-0.0844641824672,0.557046979866,0.480734447142,0.551495188741,0.516114817941,1,0.5,2025-09-01,0.557046979866,historical_prior,30
2025-09-19,2025-10-19,0,-0.0604467364591,0.557046979866,0.480734447142,0.548937599834,0.514836023488,1,0.5,2025-09-01,0.557046979866,historical_prior,30
2025-09-20,2025-10-20,0,-0.0445477973366,0.557046979866,0.480734447142,0.549514591681,0.515124519411,1,0.5,2025-09-01,0.557046979866,historical_prior,30
2025-09-21,2025-10-21,0,-0.0601794861492,0.557046979866,0.480734447142,0.547634166534,0.514184306838,1,0.5,2025-09-01,0.557046979866,historical_prior,30
2025-09-22,2025-10-22,0,-0.0451265452705,0.557046979866,0.480734447142,0.545111961829,0.512923204486,1,0.5,2025-09-01,0.557046979866,historical_prior,30
2025-09-23,2025-10-23,0,-0.0171485765919,0.557046979866,0.480734447142,0.543403165658,0.5120688064,1,0.5,2025-09-01,0.557046979866,historical_prior,30
2025-09-24,2025-10-24,0,-0.0203174561148,0.557046979866,0.480734447142,0.545877614311,0.513306030726,1,0.5,2025-09-01,0.557046979866,historical_prior,30
2025-09-25,2025-10-25,1,0.0243294867474,0.557046979866,0.480734447142,0.540233785421,0.510484116281,1,0.5,2025-09-01,0.557046979866,historical_prior,30
2025-09-26,2025-10-26,1,0.0448356883302,0.557046979866,0.480734447142,0.542590588638,0.51166251789,1,0.5,2025-09-01,0.557046979866,historical_prior,30
2025-09-27,2025-10-27,1,0.040787753276,0.557046979866,0.480734447142,0.542079759319,0.511407103231,1,0.5,2025-09-01,0.557046979866,historical_prior,30
2025-09-28,2025-10-28,1,0.00654844983615,0.557046979866,0.480734447142,0.546377545586,0.513555996364,1,0.5,2025-09-01,0.557046979866,historical_prior,30
2025-09-29,2025-10-29,0,-0.0375347426464,0.557046979866,0.480734447142,0.55148120703,0.516107827086,1,0.5,2025-09-01,0.557046979866,historical_prior,30
2025-09-30,2025-10-30,0,-0.0502069594165,0.557046979866,0.480734447142,0.551982457827,0.516358452484,1,0.5,2025-09-01,0.557046979866,historical_prior,30
2025-10-01,2025-10-31,0,-0.0757787491698,0.55383480826,0.560791489966,0.551250984269,0.556021237118,1,0.5,2025-10-01,0.55383480826,historical_prior,30
2025-10-02,2025-11-01,0,-0.0865453103331,0.55383480826,0.560791489966,0.556896082794,0.55884378638,1,0.5,2025-10-01,0.55383480826,historical_prior,30
2025-10-03,2025-11-02,0,-0.0956486026572,0.55383480826,0.560791489966,0.558048428545,0.559419959256,1,0.5,2025-10-01,0.55383480826,historical_prior,30
2025-10-04,2025-11-03,0,-0.129159497022,0.55383480826,0.560791489966,0.558469248874,0.55963036942,1,0.5,2025-10-01,0.55383480826,historical_prior,30
2025-10-05,2025-11-04,0,-0.178042425672,0.55383480826,0.560791489966,0.557241600342,0.559016545154,1,0.5,2025-10-01,0.55383480826,historical_prior,30
2025-10-06,2025-11-05,0,-0.166642253311,0.55383480826,0.560791489966,0.556601763649,0.558696626808,1,0.5,2025-10-01,0.55383480826,historical_prior,30
2025-10-07,2025-11-06,0,-0.164727800651,0.55383480826,0.560791489966,0.553546826892,0.557169158429,1,0.5,2025-10-01,0.55383480826,historical_prior,30
2025-10-08,2025-11-07,0,-0.161929833098,0.55383480826,0.560791489966,0.551278798434,0.5560351442,1,0.5,2025-10-01,0.55383480826,historical_prior,30
2025-10-09,2025-11-08,0,-0.159042234906,0.55383480826,0.560791489966,0.548063022823,0.554427256395,1,0.5,2025-10-01,0.55383480826,historical_prior,30
2025-10-10,2025-11-09,0,-0.0713950405455,0.55383480826,0.481141827864,0.538356206279,0.509749017072,1,0.5,2025-10-01,0.55383480826,historical_prior,30
2025-10-11,2025-11-10,0,-0.0418753231072,0.55383480826,0.481141827864,0.535255931901,0.508198879883,1,0.5,2025-10-01,0.55383480826,historical_prior,30
2025-10-12,2025-11-11,0,-0.103513693602,0.55383480826,0.481141827864,0.539867619541,0.510504723703,1,0.5,2025-10-01,0.55383480826,historical_prior,30
2025-10-13,2025-11-12,0,-0.117323081465,0.55383480826,0.481141827864,0.539129369808,0.510135598836,1,0.5,2025-10-01,0.55383480826,historical_prior,30
2025-10-14,2025-11-13,0,-0.117989378574,0.55383480826,0.481141827864,0.539889431316,0.51051562959,1,0.5,2025-10-01,0.55383480826,historical_prior,30
2025-10-15,2025-11-14,0,-0.145980509064,0.55383480826,0.481141827864,0.53555944913,0.508350638497,1,0.5,2025-10-01,0.55383480826,historical_prior,30
2025-10-16,2025-11-15,0,-0.116439057592,0.55383480826,0.481141827864,0.533535628868,0.507338728366,1,0.5,2025-10-01,0.55383480826,historical_prior,30
2025-10-17,2025-11-16,0,-0.114347908442,0.55383480826,0.584142847455,0.539743147775,0.561942997615,1,0.5,2025-10-01,0.55383480826,historical_prior,30
2025-10-18,2025-11-17,0,-0.139663839188,0.55383480826,0.584142847455,0.542587079991,0.563364963723,1,0.5,2025-10-01,0.55383480826,historical_prior,30
2025-10-19,2025-11-18,0,-0.14434415246,0.55383480826,0.481141827864,0.540766867659,0.510954347761,1,0.5,2025-10-01,0.55383480826,historical_prior,30
2025-10-20,2025-11-19,0,-0.17168887334,0.55383480826,0.481141827864,0.543012029118,0.512076928491,1,0.5,2025-10-01,0.55383480826,historical_prior,30
2025-10-21,2025-11-20,0,-0.200008365831,0.55383480826,0.481141827864,0.542581241397,0.511861534631,1,0.5,2025-10-01,0.55383480826,historical_prior,30
2025-10-22,2025-11-21,0,-0.208594812705,0.55383480826,0.584142847455,0.544522481147,0.564332664301,1,0.5,2025-10-01,0.55383480826,historical_prior,30
2025-10-23,2025-11-22,0,-0.23018585518,0.55383480826,0.481141827864,0.55056402265,0.515852925257,1,0.5,2025-10-01,0.55383480826,historical_prior,30
2025-10-24,2025-11-23,0,-0.217782207613,0.55383480826,0.481141827864,0.553027856291,0.517084842078,1,0.5,2025-10-01,0.55383480826,historical_prior,30
2025-10-25,2025-11-24,0,-0.209109180271,0.55383480826,0.481141827864,0.55385912647,0.517500477167,1,0.5,2025-10-01,0.55383480826,historical_prior,30
2025-10-26,2025-11-25,0,-0.237339231874,0.55383480826,0.560791489966,0.555851707675,0.558321598821,1,0.5,2025-10-01,0.55383480826,historical_prior,30
2025-10-27,2025-11-26,0,-0.207029327131,0.55383480826,0.560791489966,0.553506049205,0.557148769586,1,0.5,2025-10-01,0.55383480826,historical_prior,30
2025-10-28,2025-11-27,0,-0.191007936779,0.55383480826,0.560791489966,0.553365591646,0.557078540806,1,0.5,2025-10-01,0.55383480826,historical_prior,30
2025-10-29,2025-11-28,0,-0.173880800707,0.55383480826,0.481141827864,0.550100485277,0.515621156571,1,0.5,2025-10-01,0.55383480826,historical_prior,30
2025-10-30,2025-11-29,0,-0.161742745392,0.55383480826,0.584142847455,0.545697693638,0.564920270547,1,0.5,2025-10-01,0.55383480826,historical_prior,30
2025-10-31,2025-11-30,0,-0.175607695095,0.55383480826,0.560791489966,0.544419744854,0.55260561741,1,0.5,2025-10-01,0.55383480826,historical_prior,30
2025-11-01,2025-12-01,0,-0.216280662427,0.552314983595,0.562741207325,0.541822299586,0.552281753456,1,0.5,2025-11-01,0.552314983595,historical_prior,30
2025-11-02,2025-12-02,0,-0.174259829051,0.552314983595,0.562741207325,0.539042976313,0.550892091819,1,0.5,2025-11-01,0.552314983595,historical_prior,30
2025-11-03,2025-12-03,0,-0.123406969814,0.552314983595,0.584011828088,0.535071550231,0.559541689159,1,0.5,2025-11-01,0.552314983595,historical_prior,30
2025-11-04,2025-12-04,0,-0.0928021476844,0.552314983595,0.584011828088,0.530112362318,0.557062095203,1,0.5,2025-11-01,0.552314983595,historical_prior,30
2025-11-05,2025-12-05,0,-0.140107788254,0.552314983595,0.584011828088,0.535818733451,0.55991528077,1,0.5,2025-11-01,0.552314983595,historical_prior,30
2025-11-06,2025-12-06,0,-0.119484194942,0.552314983595,0.584011828088,0.535132969833,0.559572398961,1,0.5,2025-11-01,0.552314983595,historical_prior,30
2025-11-07,2025-12-07,0,-0.12525532451,0.552314983595,0.584011828088,0.535954155,0.559982991544,1,0.5,2025-11-01,0.552314983595,historical_prior,30
2025-11-08,2025-12-08,0,-0.114145874412,0.552314983595,0.584011828088,0.534640516117,0.559326172102,1,0.5,2025-11-01,0.552314983595,historical_prior,30
2025-11-09,2025-12-09,0,-0.115009736165,0.552314983595,0.584011828088,0.538164862298,0.561088345193,1,0.5,2025-11-01,0.552314983595,historical_prior,30
2025-11-10,2025-12-10,0,-0.132021609429,0.552314983595,0.584011828088,0.544249827616,0.564130827852,1,0.5,2025-11-01,0.552314983595,historical_prior,30
2025-11-11,2025-12-11,0,-0.102325959142,0.552314983595,0.584011828088,0.543795894703,0.563903861395,1,0.5,2025-11-01,0.552314983595,historical_prior,30
2025-11-12,2025-12-12,0,-0.112006498097,0.552314983595,0.584011828088,0.539516518176,0.561764173132,1,0.5,2025-11-01,0.552314983595,historical_prior,30
2025-11-13,2025-12-13,0,-0.0948121023127,0.552314983595,0.584011828088,0.540227239287,0.562119533687,1,0.5,2025-11-01,0.552314983595,historical_prior,30
2025-11-14,2025-12-14,0,-0.0678883438696,0.552314983595,0.584011828088,0.532898499302,0.558455163695,1,0.5,2025-11-01,0.552314983595,historical_prior,30
2025-11-15,2025-12-15,0,-0.0958631845771,0.552314983595,0.584011828088,0.536147391598,0.560079609843,1,0.5,2025-11-01,0.552314983595,historical_prior,30
2025-11-16,2025-12-16,0,-0.0678752626737,0.552314983595,0.584011828088,0.532403297784,0.558207562936,1,0.5,2025-11-01,0.552314983595,historical_prior,30
2025-11-17,2025-12-17,0,-0.0647607323483,0.552314983595,0.584011828088,0.528010906457,0.556011367272,1,0.5,2025-11-01,0.552314983595,historical_prior,30
2025-11-18,2025-12-18,0,-0.0800812557289,0.552314983595,0.584011828088,0.531485156539,0.557748492313,1,0.5,2025-11-01,0.552314983595,historical_prior,30
2025-11-19,2025-12-19,0,-0.0373329855641,0.552314983595,0.584011828088,0.530070205004,0.557041016546,1,0.5,2025-11-01,0.552314983595,historical_prior,30
2025-11-20,2025-12-20,1,0.0198952575007,0.552314983595,0.584011828088,0.526430196973,0.55522101253,1,0.5,2025-11-01,0.552314983595,historical_prior,30
2025-11-21,2025-12-21,1,0.0414595751434,0.552314983595,0.584011828088,0.529885417218,0.556948622653,1,0.5,2025-11-01,0.552314983595,historical_prior,30
2025-11-22,2025-12-22,1,0.0457996448892,0.552314983595,0.584011828088,0.526903362439,0.555457595263,1,0.5,2025-11-01,0.552314983595,historical_prior,30
2025-11-23,2025-12-23,1,0.00755499251411,0.552314983595,0.584011828088,0.531678848962,0.557845338525,1,0.5,2025-11-01,0.552314983595,historical_prior,30
2025-11-24,2025-12-24,0,-0.00714110904404,0.552314983595,0.584011828088,0.536193803995,0.560102816041,1,0.5,2025-11-01,0.552314983595,historical_prior,30
2025-11-25,2025-12-25,0,-0.00165606119083,0.552314983595,0.584011828088,0.532495310441,0.558253569264,1,0.5,2025-11-01,0.552314983595,historical_prior,30
2025-11-26,2025-12-26,0,-0.0344200003492,0.552314983595,0.584011828088,0.539692661606,0.561852244847,1,0.5,2025-11-01,0.552314983595,historical_prior,30
2025-11-27,2025-12-27,0,-0.0378494524763,0.552314983595,0.584011828088,0.547205084049,0.565608456068,1,0.5,2025-11-01,0.552314983595,historical_prior,30
2025-11-28,2025-12-28,0,-0.032324429232,0.552314983595,0.584011828088,0.549174069308,0.566592948698,1,0.5,2025-11-01,0.552314983595,historical_prior,30
2025-11-29,2025-12-29,0,-0.0392644735097,0.552314983595,0.584011828088,0.550054282256,0.567033055172,1,0.5,2025-11-01,0.552314983595,historical_prior,30
2025-11-30,2025-12-30,0,-0.0207449092519,0.552314983595,0.584011828088,0.54630171133,0.565156769709,1,0.5,2025-11-01,0.552314983595,historical_prior,30
2025-12-01,2025-12-31,1,0.0157871478818,0.546339704291,0.581269631094,0.531322979943,0.556296305518,1,0.5,2025-12-01,0.546339704291,historical_prior,30
2025-12-02,2026-01-01,0,-0.0267188501749,0.546339704291,0.581269631094,0.541751637878,0.561510634486,1,0.5,2025-12-01,0.546339704291,historical_prior,30
2025-12-03,2026-01-02,0,-0.0367635859807,0.546339704291,0.581269631094,0.542559735435,0.561914683264,1,0.5,2025-12-01,0.546339704291,historical_prior,30
2025-12-04,2026-01-03,0,-0.0157480511644,0.546339704291,0.581269631094,0.540608880226,0.56093925566,1,0.5,2025-12-01,0.546339704291,historical_prior,30
2025-12-05,2026-01-04,1,0.0246243033139,0.546339704291,0.581269631094,0.536071759677,0.558670695385,1,0.5,2025-12-01,0.546339704291,historical_prior,30
2025-12-06,2026-01-05,1,0.0518050907031,0.546339704291,0.581269631094,0.53679646603,0.559033048562,1,0.5,2025-12-01,0.546339704291,historical_prior,30
2025-12-07,2026-01-06,1,0.037088871093,0.546339704291,0.581269631094,0.53818114228,0.559725386687,1,0.5,2025-12-01,0.546339704291,historical_prior,30
2025-12-08,2026-01-07,1,0.00805235631439,0.546339704291,0.581269631094,0.543778796596,0.562524213845,1,0.5,2025-12-01,0.546339704291,historical_prior,30
2025-12-09,2026-01-08,0,-0.017035287466,0.546339704291,0.581269631094,0.539959441125,0.560614536109,1,0.5,2025-12-01,0.546339704291,historical_prior,30
2025-12-10,2026-01-09,0,-0.0149332660402,0.546339704291,0.581269631094,0.535922544633,0.558596087863,1,0.5,2025-12-01,0.546339704291,historical_prior,30
2025-12-11,2026-01-10,0,-0.0217123188019,0.546339704291,0.581269631094,0.539039476427,0.56015455376,1,0.5,2025-12-01,0.546339704291,historical_prior,30
2025-12-12,2026-01-11,1,0.00825571113353,0.546339704291,0.581269631094,0.539579306056,0.560424468575,1,0.5,2025-12-01,0.546339704291,historical_prior,30
2025-12-13,2026-01-12,1,0.011704231859,0.546339704291,0.581269631094,0.540274356201,0.560771993647,1,0.5,2025-12-01,0.546339704291,historical_prior,30
2025-12-14,2026-01-13,1,0.0821328317087,0.546339704291,0.581269631094,0.536755845532,0.559012738313,1,0.5,2025-12-01,0.546339704291,historical_prior,30
2025-12-15,2026-01-14,1,0.121710596343,0.546339704291,0.581269631094,0.533404029872,0.557336830483,1,0.5,2025-12-01,0.546339704291,historical_prior,30
2025-12-16,2026-01-15,1,0.0881069733002,0.546339704291,0.581269631094,0.533951003302,0.557610317198,1,0.5,2025-12-01,0.546339704291,historical_prior,30
2025-12-17,2026-01-16,1,0.107924077974,0.546339704291,0.581269631094,0.532950036167,0.557109833631,1,0.5,2025-12-01,0.546339704291,historical_prior,30
2025-12-18,2026-01-17,1,0.112625869117,0.546339704291,0.581269631094,0.530866636023,0.556068133558,1,0.5,2025-12-01,0.546339704291,historical_prior,30
2025-12-19,2026-01-18,1,0.0628136170827,0.546339704291,0.581269631094,0.538592973787,0.55993130244,1,0.5,2025-12-01,0.546339704291,historical_prior,30
2025-12-20,2026-01-19,1,0.0483256734596,0.546339704291,0.581269631094,0.539520141695,0.560394886395,1,0.5,2025-12-01,0.546339704291,historical_prior,30
2025-12-21,2026-01-20,0,-0.00260774839649,0.546339704291,0.581269631094,0.542899075944,0.562084353519,1,0.5,2025-12-01,0.546339704291,historical_prior,30
2025-12-22,2026-01-21,1,0.0094102072437,0.546339704291,0.581269631094,0.545088418161,0.563179024627,1,0.5,2025-12-01,0.546339704291,historical_prior,30
2025-12-23,2026-01-22,1,0.0237028781748,0.546339704291,0.581269631094,0.540467045632,0.560868338363,1,0.5,2025-12-01,0.546339704291,historical_prior,30
2025-12-24,2026-01-23,1,0.0220237494361,0.546339704291,0.581269631094,0.541900941306,0.5615852862,1,0.5,2025-12-01,0.546339704291,historical_prior,30
2025-12-25,2026-01-24,1,0.0229299376201,0.546339704291,0.581269631094,0.542453369646,0.56186150037,1,0.5,2025-12-01,0.546339704291,historical_prior,30
2025-12-26,2026-01-25,0,-0.00800278724077,0.546339704291,0.581269631094,0.537398065719,0.559333848406,1,0.5,2025-12-01,0.546339704291,historical_prior,30
2025-12-27,2026-01-26,1,0.00534918063325,0.546339704291,0.581269631094,0.537512052436,0.559390841765,1,0.5,2025-12-01,0.546339704291,historical_prior,30
2025-12-28,2026-01-27,1,0.0147498581908,0.546339704291,0.581269631094,0.537448349594,0.559358990344,1,0.5,2025-12-01,0.546339704291,historical_prior,30
2025-12-29,2026-01-28,1,0.0236465825962,0.546339704291,0.581269631094,0.536441735285,0.558855683189,1,0.5,2025-12-01,0.546339704291,historical_prior,30
2025-12-30,2026-01-29,0,-0.0433441686315,0.546339704291,0.581269631094,0.540045056253,0.560657343673,1,0.5,2025-12-01,0.546339704291,historical_prior,30
2025-12-31,2026-01-30,0,-0.0386514409534,0.546339704291,0.581269631094,0.539022825627,0.560146228361,1,0.5,2025-12-01,0.546339704291,historical_prior,30
2026-01-01,2026-01-31,0,-0.113665681214,0.542082738944,0.569904778556,0.531196054372,0.550550416464,1,0.5,2026-01-01,0.542082738944,historical_prior,30
2026-01-02,2026-02-01,0,-0.144751388214,0.542082738944,0.569904778556,0.531461306629,0.550683042593,1,0.5,2026-01-01,0.542082738944,historical_prior,30
2026-01-03,2026-02-02,0,-0.131189022025,0.542082738944,0.569904778556,0.53238100417,0.551142891363,1,0.5,2026-01-01,0.542082738944,historical_prior,30
2026-01-04,2026-02-03,0,-0.172179247115,0.542082738944,0.569904778556,0.534248233457,0.552076506006,1,0.5,2026-01-01,0.542082738944,historical_prior,30
2026-01-05,2026-02-04,0,-0.220476709336,0.542082738944,0.569904778556,0.53931109242,0.554607935488,1,0.5,2026-01-01,0.542082738944,historical_prior,30
2026-01-06,2026-02-05,0,-0.328946962798,0.542082738944,0.569904778556,0.536932110451,0.553418444503,1,0.5,2026-01-01,0.542082738944,historical_prior,30
2026-01-07,2026-02-06,0,-0.227484168847,0.542082738944,0.569904778556,0.534795540104,0.55235015933,1,0.5,2026-01-01,0.542082738944,historical_prior,30
2026-01-08,2026-02-07,0,-0.239413967005,0.542082738944,0.569904778556,0.531476213399,0.550690495978,1,0.5,2026-01-01,0.542082738944,historical_prior,30
2026-01-09,2026-02-08,0,-0.224080021818,0.542082738944,0.569904778556,0.529668132156,0.549786455356,1,0.5,2026-01-01,0.542082738944,historical_prior,30
2026-01-10,2026-02-09,0,-0.225034721954,0.542082738944,0.569904778556,0.528422847359,0.549163812958,1,0.5,2026-01-01,0.542082738944,historical_prior,30
2026-01-11,2026-02-10,0,-0.243615765328,0.542082738944,0.569904778556,0.52871642882,0.549310603688,1,0.5,2026-01-01,0.542082738944,historical_prior,30
2026-01-12,2026-02-11,0,-0.265221115446,0.542082738944,0.569904778556,0.52649661291,0.548200695733,1,0.5,2026-01-01,0.542082738944,historical_prior,30
2026-01-13,2026-02-12,0,-0.30542509485,0.542082738944,0.569904778556,0.535132085951,0.552518432254,1,0.5,2026-01-01,0.542082738944,historical_prior,30
2026-01-14,2026-02-13,0,-0.28981231701,0.542082738944,0.569904778556,0.540688907979,0.555296843268,1,0.5,2026-01-01,0.542082738944,historical_prior,30
2026-01-15,2026-02-14,0,-0.26967108346,0.542082738944,0.569904778556,0.538384757243,0.5541447679,1,0.5,2026-01-01,0.542082738944,historical_prior,30
2026-01-16,2026-02-15,0,-0.279624250688,0.542082738944,0.458743650259,0.539234303415,0.498988976837,1,0.5,2026-01-01,0.542082738944,historical_prior,30
2026-01-17,2026-02-16,0,-0.27594277827,0.542082738944,0.569904778556,0.539085139569,0.554494959063,1,0.5,2026-01-01,0.542082738944,historical_prior,30
2026-01-18,2026-02-17,0,-0.27937165339,0.542082738944,0.569904778556,0.534496710526,0.552200744541,1,0.5,2026-01-01,0.542082738944,historical_prior,30
2026-01-19,2026-02-18,0,-0.282518811197,0.542082738944,0.458743650259,0.532614819151,0.495679234705,1,0.5,2026-01-01,0.542082738944,historical_prior,30
2026-01-20,2026-02-19,0,-0.24227634204,0.542082738944,0.569904778556,0.523104078498,0.546504428527,1,0.5,2026-01-01,0.542082738944,historical_prior,30
2026-01-21,2026-02-20,0,-0.239615278029,0.542082738944,0.569904778556,0.523179312844,0.5465420457,1,0.5,2026-01-01,0.542082738944,historical_prior,30
2026-01-22,2026-02-21,0,-0.240998431548,0.542082738944,0.458743650259,0.525261552508,0.492002601383,1,0.5,2026-01-01,0.542082738944,historical_prior,30
2026-01-23,2026-02-22,0,-0.245053529979,0.542082738944,0.458743650259,0.525284352803,0.492014001531,1,0.5,2026-01-01,0.542082738944,historical_prior,30
2026-01-24,2026-02-23,0,-0.275362581975,0.542082738944,0.458743650259,0.525345530211,0.492044590235,1,0.5,2026-01-01,0.542082738944,historical_prior,30
2026-01-25,2026-02-24,0,-0.260898997074,0.542082738944,0.569904778556,0.523448474171,0.546676626364,1,0.5,2026-01-01,0.542082738944,historical_prior,30
2026-01-26,2026-02-25,0,-0.230443835835,0.542082738944,0.458743650259,0.527390600315,0.493067125287,1,0.5,2026-01-01,0.542082738944,historical_prior,30
2026-01-27,2026-02-26,0,-0.243863529412,0.542082738944,0.458743650259,0.533823238835,0.496283444547,1,0.5,2026-01-01,0.542082738944,historical_prior,30
2026-01-28,2026-02-27,0,-0.262350421316,0.542082738944,0.569904778556,0.532969662926,0.551437220741,1,0.5,2026-01-01,0.542082738944,historical_prior,30
2026-01-29,2026-02-28,0,-0.208822995727,0.542082738944,0.569904778556,0.526401270151,0.548153024354,1,0.5,2026-01-01,0.542082738944,historical_prior,30
2026-01-30,2026-03-01,0,-0.2193675826,0.542082738944,0.569904778556,0.526064479024,0.54798462879,1,0.5,2026-01-01,0.542082738944,historical_prior,30
2026-01-31,2026-03-02,0,-0.125868590338,0.542082738944,0.569904778556,0.518616673232,0.544260725894,1,0.5,2026-01-01,0.542082738944,historical_prior,30
2026-02-01,2026-03-03,0,-0.112126941759,0.543209876543,0.572101885279,0.519920972094,0.546011428686,1,0.5,2026-02-01,0.543209876543,historical_prior,30
2026-02-02,2026-03-04,0,-0.0771138835192,0.543209876543,0.572101885279,0.521163144977,0.546632515128,1,0.5,2026-02-01,0.543209876543,historical_prior,30
2026-02-03,2026-03-05,0,-0.0643985281287,0.543209876543,0.572101885279,0.514677691211,0.543389788245,1,0.5,2026-02-01,0.543209876543,historical_prior,30
2026-02-04,2026-03-06,0,-0.0690460287268,0.543209876543,0.572101885279,0.508370259053,0.540236072166,1,0.5,2026-02-01,0.543209876543,historical_prior,30
2026-02-05,2026-03-07,1,0.0691950355636,0.543209876543,0.572101885279,0.501128449854,0.536615167566,1,0.5,2026-02-01,0.543209876543,historical_prior,30
2026-02-06,2026-03-08,0,-0.0653023947489,0.543209876543,0.572101885279,0.524340826127,0.548221355703,1,0.5,2026-02-01,0.543209876543,historical_prior,30
2026-02-07,2026-03-09,0,-0.0123715928761,0.543209876543,0.572101885279,0.528891203959,0.550496544619,1,0.5,2026-02-01,0.543209876543,historical_prior,30
2026-02-08,2026-03-10,0,-0.00542795304106,0.543209876543,0.572101885279,0.533748751139,0.552925318209,1,0.5,2026-02-01,0.543209876543,historical_prior,30
2026-02-09,2026-03-11,1,0.000767914682483,0.543209876543,0.572101885279,0.531046963712,0.551574424495,1,0.5,2026-02-01,0.543209876543,historical_prior,30
2026-02-10,2026-03-12,1,0.0246952083553,0.543209876543,0.572101885279,0.532085138594,0.552093511937,1,0.5,2026-02-01,0.543209876543,historical_prior,30
2026-02-11,2026-03-13,1,0.0573544345084,0.543209876543,0.572101885279,0.531913619207,0.552007752243,1,0.5,2026-02-01,0.543209876543,historical_prior,30
2026-02-12,2026-03-14,1,0.0745377735481,0.543209876543,0.572101885279,0.542884438642,0.55749316196,1,0.5,2026-02-01,0.543209876543,historical_prior,30
2026-02-13,2026-03-15,1,0.0575316220011,0.543209876543,0.572101885279,0.53619494187,0.554148413574,1,0.5,2026-02-01,0.543209876543,historical_prior,30
2026-02-14,2026-03-16,1,0.0724936428495,0.543209876543,0.572101885279,0.540879672988,0.556490779133,1,0.5,2026-02-01,0.543209876543,historical_prior,30
2026-02-15,2026-03-17,1,0.0737554803263,0.543209876543,0.572101885279,0.537299013078,0.554700449178,1,0.5,2026-02-01,0.543209876543,historical_prior,30
2026-02-16,2026-03-18,1,0.0341708080264,0.543209876543,0.572101885279,0.537907725173,0.555004805226,1,0.5,2026-02-01,0.543209876543,historical_prior,30
2026-02-17,2026-03-19,1,0.0359459773357,0.543209876543,0.572101885279,0.537664628245,0.554883256762,1,0.5,2026-02-01,0.543209876543,historical_prior,30
2026-02-18,2026-03-20,1,0.0609339311777,0.543209876543,0.572101885279,0.538633217863,0.555367551571,1,0.5,2026-02-01,0.543209876543,historical_prior,30
2026-02-19,2026-03-21,1,0.0285713944582,0.543209876543,0.572101885279,0.542802187792,0.557452036535,1,0.5,2026-02-01,0.543209876543,historical_prior,30
2026-02-20,2026-03-22,0,-0.00236709756438,0.543209876543,0.572101885279,0.54049442316,0.55629815422,1,0.5,2026-02-01,0.543209876543,historical_prior,30
2026-02-21,2026-03-23,1,0.0431111424294,0.543209876543,0.572101885279,0.538878003944,0.555489944611,1,0.5,2026-02-01,0.543209876543,historical_prior,30
2026-02-22,2026-03-24,1,0.0430690946936,0.543209876543,0.572101885279,0.539602535736,0.555852210508,1,0.5,2026-02-01,0.543209876543,historical_prior,30
2026-02-23,2026-03-25,1,0.103323866826,0.543209876543,0.572101885279,0.53365267435,0.552877279814,1,0.5,2026-02-01,0.543209876543,historical_prior,30
2026-02-24,2026-03-26,1,0.0743412040466,0.543209876543,0.572101885279,0.535627700783,0.553864793031,1,0.5,2026-02-01,0.543209876543,historical_prior,30
2026-02-25,2026-03-27,0,-0.0232505599514,0.543209876543,0.572101885279,0.545956918728,0.559029402003,1,0.5,2026-02-01,0.543209876543,historical_prior,30
2026-02-26,2026-03-28,0,-0.0164206422803,0.543209876543,0.572101885279,0.543492849927,0.557797367603,1,0.5,2026-02-01,0.543209876543,historical_prior,30
2026-02-27,2026-03-29,1,0.00210756906186,0.543209876543,0.572101885279,0.538507962484,0.555304923881,1,0.5,2026-02-01,0.543209876543,historical_prior,30
2026-02-28,2026-03-30,0,-0.00262627203753,0.543209876543,0.572101885279,0.542898814734,0.557500350007,1,0.5,2026-02-01,0.543209876543,historical_prior,30
2026-03-01,2026-03-31,1,0.0381292884826,0.537897310513,0.561036986666,0.536765951012,0.548901468839,1,0.5,2026-03-01,0.537897310513,historical_prior,30
2026-03-02,2026-04-01,0,-0.0104044657233,0.537897310513,0.561036986666,0.550321151483,0.555679069075,1,0.5,2026-03-01,0.537897310513,historical_prior,30
2026-03-03,2026-04-02,0,-0.0210133454301,0.537897310513,0.561036986666,0.55110369381,0.556070340238,1,0.5,2026-03-01,0.537897310513,historical_prior,30
2026-03-04,2026-04-03,0,-0.0784742462063,0.537897310513,0.561036986666,0.553890594609,0.557463790638,1,0.5,2026-03-01,0.537897310513,historical_prior,30
2026-03-05,2026-04-04,0,-0.0506455569925,0.537897310513,0.561036986666,0.552537825814,0.55678740624,1,0.5,2026-03-01,0.537897310513,historical_prior,30
2026-03-06,2026-04-05,1,0.0135091131018,0.537897310513,0.561036986666,0.551020169266,0.556028577966,1,0.5,2026-03-01,0.537897310513,historical_prior,30
2026-03-07,2026-04-06,1,0.0236497350471,0.537897310513,0.561036986666,0.544943319634,0.55299015315,1,0.5,2026-03-01,0.537897310513,historical_prior,30
2026-03-08,2026-04-07,1,0.0902366487194,0.537897310513,0.561036986666,0.53237237971,0.546704683188,1,0.5,2026-03-01,0.537897310513,historical_prior,30
2026-03-09,2026-04-08,1,0.0385457656166,0.537897310513,0.561036986666,0.534341458747,0.547689222707,1,0.5,2026-03-01,0.537897310513,historical_prior,30
2026-03-10,2026-04-09,1,0.0262955829156,0.537897310513,0.561036986666,0.537683695739,0.549360341203,1,0.5,2026-03-01,0.537897310513,historical_prior,30
2026-03-11,2026-04-10,1,0.0394752325982,0.537897310513,0.561036986666,0.531933497625,0.546485242146,1,0.5,2026-03-01,0.537897310513,historical_prior,30
2026-03-12,2026-04-11,1,0.035466011845,0.537897310513,0.561036986666,0.535795047557,0.548416017112,1,0.5,2026-03-01,0.537897310513,historical_prior,30
2026-03-13,2026-04-12,0,-0.00266488086846,0.537897310513,0.561036986666,0.541378176825,0.551207581746,1,0.5,2026-03-01,0.537897310513,historical_prior,30
2026-03-14,2026-04-13,1,0.0450210954763,0.537897310513,0.561036986666,0.543625210151,0.552331098409,1,0.5,2026-03-01,0.537897310513,historical_prior,30
2026-03-15,2026-04-14,1,0.0180773969845,0.537897310513,0.561036986666,0.546558618715,0.55379780269,1,0.5,2026-03-01,0.537897310513,historical_prior,30
2026-03-16,2026-04-15,0,-0.000997266863832,0.537897310513,0.561036986666,0.546439747484,0.553738367075,1,0.5,2026-03-01,0.537897310513,historical_prior,30
2026-03-17,2026-04-16,1,0.0168440100144,0.537897310513,0.561036986666,0.542928683348,0.551982835007,1,0.5,2026-03-01,0.537897310513,historical_prior,30
2026-03-18,2026-04-17,1,0.0817648127193,0.537897310513,0.561036986666,0.538218398616,0.549627692641,1,0.5,2026-03-01,0.537897310513,historical_prior,30
2026-03-19,2026-04-18,1,0.0823932503933,0.537897310513,0.561036986666,0.535896009217,0.548466497942,1,0.5,2026-03-01,0.537897310513,historical_prior,30
2026-03-20,2026-04-19,1,0.04667459832,0.537897310513,0.561036986666,0.537015631069,0.549026308867,1,0.5,2026-03-01,0.537897310513,historical_prior,30
2026-03-21,2026-04-20,1,0.100450360515,0.537897310513,0.561036986666,0.533323712188,0.547180349427,1,0.5,2026-03-01,0.537897310513,historical_prior,30
2026-03-22,2026-04-21,1,0.124923002107,0.537897310513,0.561036986666,0.528177078172,0.544607032419,1,0.5,2026-03-01,0.537897310513,historical_prior,30
2026-03-23,2026-04-22,1,0.10255456309,0.537897310513,0.561036986666,0.532580296479,0.546808641573,1,0.5,2026-03-01,0.537897310513,historical_prior,30
2026-03-24,2026-04-23,1,0.109142514237,0.537897310513,0.561036986666,0.533438364391,0.547237675529,1,0.5,2026-03-01,0.537897310513,historical_prior,30
2026-03-25,2026-04-24,1,0.0855185975544,0.537897310513,0.561036986666,0.539491121828,0.550264054247,1,0.5,2026-03-01,0.537897310513,historical_prior,30
2026-03-26,2026-04-25,1,0.127937377789,0.537897310513,0.561036986666,0.537504251732,0.549270619199,1,0.5,2026-03-01,0.537897310513,historical_prior,30
2026-03-27,2026-04-26,1,0.184471792852,0.537897310513,0.561036986666,0.527774303705,0.544405645186,1,0.5,2026-03-01,0.537897310513,historical_prior,30
2026-03-28,2026-04-27,1,0.165633954999,0.537897310513,0.561036986666,0.53036076153,0.545698874098,1,0.5,2026-03-01,0.537897310513,historical_prior,30
2026-03-29,2026-04-28,1,0.156517110121,0.537897310513,0.561036986666,0.531889419647,0.546463203157,1,0.5,2026-03-01,0.537897310513,historical_prior,30
2026-03-30,2026-04-29,1,0.134475803464,0.537897310513,0.561036986666,0.528206569747,0.544621778206,1,0.5,2026-03-01,0.537897310513,historical_prior,30
2026-03-31,2026-04-30,1,0.118066213582,0.537897310513,0.561036986666,0.532680540133,0.5468587634,1,0.5,2026-03-01,0.537897310513,historical_prior,30
2026-04-01,2026-05-01,1,0.148533662429,0.538355217692,0.561596525511,0.528193867115,0.544895196313,1,0.5,2026-04-01,0.538355217692,historical_prior,30
2026-04-02,2026-05-02,1,0.176151112994,0.538355217692,0.561596525511,0.530010600628,0.545803563069,1,0.5,2026-04-01,0.538355217692,historical_prior,30
2026-04-03,2026-05-03,1,0.173290395031,0.538355217692,0.561596525511,0.528920083739,0.545258304625,1,0.5,2026-04-01,0.538355217692,historical_prior,30
2026-04-04,2026-05-04,1,0.186634645074,0.538355217692,0.561596525511,0.530275184506,0.545935855008,1,0.5,2026-04-01,0.538355217692,historical_prior,30
2026-04-05,2026-05-05,1,0.171963221697,0.538355217692,0.561596525511,0.535358552719,0.548477539115,1,0.5,2026-04-01,0.538355217692,historical_prior,30
2026-04-06,2026-05-06,1,0.182900226364,0.538355217692,0.561596525511,0.534020677273,0.547808601392,1,0.5,2026-04-01,0.538355217692,historical_prior,30
2026-04-07,2026-05-07,1,0.112365208827,0.538355217692,0.561596525511,0.539536735638,0.550566630574,1,0.5,2026-04-01,0.538355217692,historical_prior,30
2026-04-08,2026-05-08,1,0.128369902714,0.538355217692,0.561596525511,0.535941504344,0.548769014928,1,0.5,2026-04-01,0.538355217692,historical_prior,30
2026-04-09,2026-05-09,1,0.123842894569,0.538355217692,0.452891038931,0.538213759951,0.495552399441,1,0.5,2026-04-01,0.538355217692,historical_prior,30
2026-04-10,2026-05-10,1,0.126741060843,0.538355217692,0.452891038931,0.540446090197,0.496668564564,1,0.5,2026-04-01,0.538355217692,historical_prior,30
2026-04-11,2026-05-11,1,0.11914175126,0.538355217692,0.452891038931,0.539841625342,0.496366332137,1,0.5,2026-04-01,0.538355217692,historical_prior,30
2026-04-12,2026-05-12,1,0.138017454663,0.538355217692,0.452891038931,0.533070584786,0.492980811858,1,0.5,2026-04-01,0.538355217692,historical_prior,30
2026-04-13,2026-05-13,1,0.0657854370966,0.538355217692,0.452891038931,0.542185499269,0.4975382691,1,0.5,2026-04-01,0.538355217692,historical_prior,30
2026-04-14,2026-05-14,1,0.093866106941,0.538355217692,0.452891038931,0.535701433274,0.494296236102,1,0.5,2026-04-01,0.538355217692,historical_prior,30
2026-04-15,2026-05-15,1,0.057521996728,0.538355217692,0.452891038931,0.536734442432,0.494812740682,1,0.5,2026-04-01,0.538355217692,historical_prior,30
2026-04-16,2026-05-16,1,0.039834851743,0.538355217692,0.452891038931,0.536654233343,0.494772636137,1,0.5,2026-04-01,0.538355217692,historical_prior,30
2026-04-17,2026-05-17,1,0.005004022213,0.538355217692,0.452891038931,0.539161705781,0.496026372356,1,0.5,2026-04-01,0.538355217692,historical_prior,30
2026-04-18,2026-05-18,1,0.0173084890614,0.538355217692,0.452891038931,0.537160693536,0.495025866234,1,0.5,2026-04-01,0.538355217692,historical_prior,30
2026-04-19,2026-05-19,1,0.0410907377721,0.538355217692,0.452891038931,0.537281498701,0.495086268816,1,0.5,2026-04-01,0.538355217692,historical_prior,30
2026-04-20,2026-05-20,1,0.0225637936857,0.538355217692,0.452891038931,0.536430230888,0.494660634909,1,0.5,2026-04-01,0.538355217692,historical_prior,30
2026-04-21,2026-05-21,1,0.0167596872517,0.538355217692,0.452891038931,0.538089372862,0.495490205897,1,0.5,2026-04-01,0.538355217692,historical_prior,30
2026-04-22,2026-05-22,0,-0.0337527467685,0.538355217692,0.452891038931,0.537858644252,0.495374841592,1,0.5,2026-04-01,0.538355217692,historical_prior,30
2026-04-23,2026-05-23,0,-0.019237394304,0.538355217692,0.452891038931,0.537621039236,0.495256039084,1,0.5,2026-04-01,0.538355217692,historical_prior,30
2026-04-24,2026-05-24,0,-0.00480609237455,0.538355217692,0.452891038931,0.533020643389,0.49295584116,1,0.5,2026-04-01,0.538355217692,historical_prior,30
2026-04-25,2026-05-25,0,-0.00390325281804,0.538355217692,0.452891038931,0.535479056571,0.494185047751,1,0.5,2026-04-01,0.538355217692,historical_prior,30
2026-04-26,2026-05-26,0,-0.0346761372557,0.538355217692,0.452891038931,0.540130513118,0.496510776025,1,0.5,2026-04-01,0.538355217692,historical_prior,30
2026-04-27,2026-05-27,0,-0.0377661903661,0.538355217692,0.452891038931,0.535197821851,0.494044430391,1,0.5,2026-04-01,0.538355217692,historical_prior,30
2026-04-28,2026-05-28,0,-0.0356976829633,0.538355217692,0.452891038931,0.532978123709,0.49293458132,1,0.5,2026-04-01,0.538355217692,historical_prior,30
2026-04-29,2026-05-29,0,-0.0306046450251,0.538355217692,0.452891038931,0.528914493326,0.490902766128,1,0.5,2026-04-01,0.538355217692,historical_prior,30
2026-04-30,2026-05-30,0,-0.0322501718152,0.538355217692,0.452891038931,0.528735466334,0.490813252632,1,0.5,2026-04-01,0.538355217692,historical_prior,30
2026-05-01,2026-05-31,0,-0.0582471453499,0.541039671683,0.453289720217,0.537764581501,0.495527150859,1,0.5,2026-05-01,0.541039671683,historical_prior,30
2026-05-02,2026-06-01,0,-0.0924925829411,0.541039671683,0.453289720217,0.538609124111,0.495949422164,1,0.5,2026-05-01,0.541039671683,historical_prior,30
2026-05-03,2026-06-02,0,-0.150285794943,0.541039671683,0.453289720217,0.537000158558,0.495144939387,1,0.5,2026-05-01,0.541039671683,historical_prior,30
2026-05-04,2026-06-03,0,-0.196820200496,0.541039671683,0.453289720217,0.540800236756,0.497044978487,1,0.5,2026-05-01,0.541039671683,historical_prior,30
2026-05-05,2026-06-04,0,-0.21036302591,0.541039671683,0.453289720217,0.542576404232,0.497933062224,1,0.5,2026-05-01,0.541039671683,historical_prior,30
2026-05-06,2026-06-05,0,-0.250353450667,0.541039671683,0.453289720217,0.544286235592,0.498787977904,1,0.5,2026-05-01,0.541039671683,historical_prior,30
2026-05-07,2026-06-06,0,-0.238999325051,0.541039671683,0.453289720217,0.538346289566,0.495818004892,1,0.5,2026-05-01,0.541039671683,historical_prior,30
2026-05-08,2026-06-07,0,-0.210256808653,0.541039671683,0.453289720217,0.536402875874,0.494846298046,1,0.5,2026-05-01,0.541039671683,historical_prior,30
2026-05-09,2026-06-08,0,-0.218056010035,0.541039671683,0.453289720217,0.536151049451,0.494720384834,1,0.5,2026-05-01,0.541039671683,historical_prior,30
2026-05-10,2026-06-09,0,-0.249118751511,0.541039671683,0.453289720217,0.538227460681,0.495758590449,1,0.5,2026-05-01,0.541039671683,historical_prior,30
2026-05-11,2026-06-10,0,-0.247531948183,0.541039671683,0.453289720217,0.535777305853,0.494533513035,1,0.5,2026-05-01,0.541039671683,historical_prior,30
2026-05-12,2026-06-11,0,-0.209658917076,0.541039671683,0.453289720217,0.532821737736,0.493055728977,1,0.5,2026-05-01,0.541039671683,historical_prior,30
2026-05-13,2026-06-12,0,-0.198372007024,0.541039671683,0.453289720217,0.525960679969,0.489625200093,1,0.5,2026-05-01,0.541039671683,historical_prior,30
2026-05-14,2026-06-13,0,-0.205105217056,0.541039671683,0.453289720217,0.531356152192,0.492322936204,1,0.5,2026-05-01,0.541039671683,historical_prior,30
2026-05-15,2026-06-14,0,-0.168957371342,0.541039671683,0.453289720217,0.528054086168,0.490671903193,1,0.5,2026-05-01,0.541039671683,historical_prior,30
2026-05-16,2026-06-15,0,-0.151242545399,0.541039671683,0.453289720217,0.525716553545,0.489503136881,1,0.5,2026-05-01,0.541039671683,historical_prior,30
2026-05-17,2026-06-16,0,-0.152117408128,0.541039671683,0.453289720217,0.520938681905,0.487114201061,1,0.5,2026-05-01,0.541039671683,historical_prior,30
2026-05-18,2026-06-17,0,-0.162235930114,0.541039671683,0.453289720217,0.521152921306,0.487221320762,1,0.5,2026-05-01,0.541039671683,historical_prior,30
2026-05-19,2026-06-18,0,-0.180600840561,0.541039671683,0.453289720217,0.522760670697,0.488025195457,1,0.5,2026-05-01,0.541039671683,historical_prior,30
2026-05-20,2026-06-19,0,-0.180630782635,0.541039671683,0.453289720217,0.523695392555,0.488492556386,1,0.5,2026-05-01,0.541039671683,historical_prior,30
2026-05-21,2026-06-20,0,-0.171583080291,0.541039671683,0.453289720217,0.521164157252,0.487226938735,1,0.5,2026-05-01,0.541039671683,historical_prior,30
2026-05-22,2026-06-21,0,-0.161869088358,0.541039671683,0.453289720217,0.519150357512,0.486220038865,1,0.5,2026-05-01,0.541039671683,historical_prior,30
2026-05-23,2026-06-22,0,-0.165884906467,0.541039671683,0.453289720217,0.52287707851,0.488083399363,1,0.5,2026-05-01,0.541039671683,historical_prior,30
2026-05-24,2026-06-23,0,-0.185952085098,0.541039671683,0.453289720217,0.52469407742,0.488991898819,1,0.5,2026-05-01,0.541039671683,historical_prior,30
2026-05-25,2026-06-24,0,-0.210082743581,0.541039671683,0.453289720217,0.525653037119,0.489471378668,1,0.5,2026-05-01,0.541039671683,historical_prior,30
2026-05-26,2026-06-25,0,-0.212511627484,0.541039671683,0.453289720217,0.522946785789,0.488118253003,1,0.5,2026-05-01,0.541039671683,historical_prior,30
2026-05-27,2026-06-26,0,-0.192775889095,0.541039671683,0.453289720217,0.520085026765,0.486687373491,1,0.5,2026-05-01,0.541039671683,historical_prior,30
2026-05-28,2026-06-27,0,-0.184582580965,0.541039671683,0.453289720217,0.518954444913,0.486122082565,1,0.5,2026-05-01,0.541039671683,historical_prior,30
2026-05-29,2026-06-28,0,-0.188995679055,0.541039671683,0.453289720217,0.521736338375,0.487513029296,1,0.5,2026-05-01,0.541039671683,historical_prior,30
2026-05-30,2026-06-29,0,-0.184398515627,0.541039671683,0.453289720217,0.520504315403,0.48689701781,1,0.5,2026-05-01,0.541039671683,historical_prior,30
2026-05-31,2026-06-30,0,-0.204272882341,0.541039671683,0.453289720217,0.5178477713,0.485568745759,1,0.5,2026-05-01,0.541039671683,historical_prior,30
2026-06-01,2026-07-01,0,-0.159432507713,0.542470389171,0.457587178101,0.515531291569,0.486559234835,1,0.5,2026-06-01,0.542470389171,historical_prior,30
2026-06-02,2026-07-02,0,-0.0779024167315,0.542470389171,0.570803284662,0.511906154442,0.541354719552,1,0.5,2026-06-01,0.542470389171,historical_prior,30
2026-06-03,2026-07-03,0,-0.0243128023042,0.542470389171,0.570803284662,0.508252037932,0.539527661297,1,0.5,2026-06-01,0.542470389171,historical_prior,30
2026-06-04,2026-07-04,0,-0.0116141269784,0.542470389171,0.570803284662,0.50803159201,0.539417438336,1,0.5,2026-06-01,0.542470389171,historical_prior,30
2026-06-05,2026-07-05,1,0.042477562165,0.542470389171,0.570803284662,0.502464899933,0.536634092298,1,0.5,2026-06-01,0.542470389171,historical_prior,30
2026-06-06,2026-07-06,1,0.0518587452792,0.542470389171,0.570803284662,0.502117759149,0.536460521906,1,0.5,2026-06-01,0.542470389171,historical_prior,30
2026-06-07,2026-07-07,1,0.000504957919384,0.542470389171,0.570803284662,0.509565015512,0.540184150087,1,0.5,2026-06-01,0.542470389171,historical_prior,30
2026-06-08,2026-07-08,0,-0.0126175399641,0.542470389171,0.570803284662,0.512065509792,0.541434397227,1,0.5,2026-06-01,0.542470389171,historical_prior,30
2026-06-09,2026-07-09,1,0.0242993682164,0.542470389171,0.570803284662,0.51518024966,0.542991767161,1,0.5,2026-06-01,0.542470389171,historical_prior,30
2026-06-10,2026-07-10,1,0.0430936000217,0.542470389171,0.570803284662,0.519327862107,0.545065573385,1,0.5,2026-06-01,0.542470389171,historical_prior,30
2026-06-11,2026-07-11,1,0.00303350879098,0.542470389171,0.570803284662,0.526470319826,0.548636802244,1,0.5,2026-06-01,0.542470389171,historical_prior,30
2026-06-12,2026-07-12,1,0.00314548550716,0.542470389171,0.570803284662,0.531957538407,0.551380411535,1,0.5,2026-06-01,0.542470389171,historical_prior,30
2026-06-13,2026-07-13,0,-0.0329437722325,0.542470389171,0.570803284662,0.532986503195,0.551894893929,1,0.5,2026-06-01,0.542470389171,historical_prior,30
2026-06-14,2026-07-14,0,-0.0106845312561,0.542470389171,0.570803284662,0.53271191449,0.551757599576,1,0.5,2026-06-01,0.542470389171,historical_prior,30
2026-06-15,2026-07-15,0,-0.0237070687608,0.542470389171,0.570803284662,0.534991175528,0.552897230095,1,0.5,2026-06-01,0.542470389171,historical_prior,30
2026-06-16,2026-07-16,0,-0.028089984303,0.542470389171,0.570803284662,0.536338676182,0.553570980422,1,0.5,2026-06-01,0.542470389171,historical_prior,30
2026-06-17,2026-07-17,0,-0.00895574908463,0.542470389171,0.570803284662,0.534530962567,0.552667123615,1,0.5,2026-06-01,0.542470389171,historical_prior,30
2026-06-18,2026-07-18,1,0.0298009736966,0.542470389171,0.570803284662,0.527643159524,0.549223222093,1,0.5,2026-06-01,0.542470389171,historical_prior,30
2026-06-19,2026-07-19,1,0.0185482763022,0.542470389171,0.570803284662,0.528641192065,0.549722238364,1,0.5,2026-06-01,0.542470389171,historical_prior,30
2026-06-20,2026-07-20,1,0.0148915961785,0.542470389171,0.570803284662,0.528940413631,0.549871849147,1,0.5,2026-06-01,0.542470389171,historical_prior,30
2026-06-21,2026-07-21,1,0.0512410050608,0.542470389171,0.570803284662,0.525409653798,0.54810646923,1,0.5,2026-06-01,0.542470389171,historical_prior,30
2026-06-22,2026-07-22,1,0.0327160211315,0.542470389171,0.570803284662,0.525212546886,0.548007915774,1,0.5,2026-06-01,0.542470389171,historical_prior,30
2026-06-23,2026-07-23,1,0.0376889488523,0.542470389171,0.570803284662,0.523305600198,0.54705444243,1,0.5,2026-06-01,0.542470389171,historical_prior,30
2026-06-24,2026-07-24,1,0.050132625517,0.542470389171,0.570803284662,0.52151423403,0.546158759346,1,0.5,2026-06-01,0.542470389171,historical_prior,30
2026-06-25,2026-07-25,1,0.0766130380975,0.542470389171,0.570803284662,0.521957882509,0.546380583586,1,0.5,2026-06-01,0.542470389171,historical_prior,30
2026-06-26,2026-07-26,1,0.0882356220174,0.542470389171,0.570803284662,0.522448151051,0.546625717857,1,0.5,2026-06-01,0.542470389171,historical_prior,30
2026-06-27,2026-07-27,1,0.0620843259091,0.542470389171,0.570803284662,0.521433223945,0.546118254304,1,0.5,2026-06-01,0.542470389171,historical_prior,30
2026-06-28,2026-07-28,1,0.072813153933,0.542470389171,0.570803284662,0.522118329514,0.546460807088,1,0.5,2026-06-01,0.542470389171,historical_prior,30
2026-06-29,2026-07-29,1,0.0617998178234,0.542470389171,0.570803284662,0.522375936955,0.546589610809,1,0.5,2026-06-01,0.542470389171,historical_prior,30
2026-06-30,2026-07-30,1,0.104995146245,0.542470389171,0.570803284662,0.521069161213,0.545936222937,1,0.5,2026-06-01,0.542470389171,historical_prior,30
2026-07-01,2026-07-31,1,0.047712248434,0.537018425461,0.570393704751,0.522209885858,0.546301795304,1,0.5,2026-07-01,0.537018425461,historical_prior,30
2026-07-02,2026-08-01,1,0.0205269655621,0.537018425461,0.570393704751,0.528278223973,0.549335964362,1,0.5,2026-07-01,0.537018425461,historical_prior,30
2026-07-03,2026-08-02,1,0.0157668360517,0.537018425461,0.570393704751,0.530577838589,0.55048577167,1,0.5,2026-07-01,0.537018425461,historical_prior,30
2026-07-04,2026-08-03,1,0.0059544840437,0.537018425461,0.570393704751,0.53220574827,0.55129972651,1,0.5,2026-07-01,0.537018425461,historical_prior,30
2026-07-05,2026-08-04,1,0.00717297721917,0.537018425461,0.570393704751,0.533973913521,0.552183809136,1,0.5,2026-07-01,0.537018425461,historical_prior,30
2026-07-06,2026-08-05,1,0.00973126706497,0.537018425461,0.570393704751,0.533653942528,0.552023823639,1,0.5,2026-07-01,0.537018425461,historical_prior,30
2026-07-07,2026-08-06,1,0.0151445639708,0.537018425461,0.570393704751,0.532344576811,0.551369140781,1,0.5,2026-07-01,0.537018425461,historical_prior,30
2026-07-08,2026-08-07,1,0.0422730775405,0.537018425461,0.570393704751,0.527607713089,0.54900070892,1,0.5,2026-07-01,0.537018425461,historical_prior,30
2026-07-09,2026-08-08,1,0.0274015498972,0.537018425461,0.570393704751,0.527409879073,0.548901791912,1,0.5,2026-07-01,0.537018425461,historical_prior,30
2026-07-10,2026-08-09,1,0.0115313305192,0.537018425461,0.570393704751,0.52792974427,0.54916172451,1,0.5,2026-07-01,0.537018425461,historical_prior,30
2026-07-11,2026-08-10,1,0.00236622322506,0.537018425461,0.570393704751,0.52366683623,0.54703027049,1,0.5,2026-07-01,0.537018425461,historical_prior,30
2026-07-12,2026-08-11,0,-0.00282220131703,0.537018425461,0.570393704751,0.522678731113,0.546536217932,1,0.5,2026-07-01,0.537018425461,historical_prior,30
2026-07-13,2026-08-12,1,0.018376174229,0.537018425461,0.570393704751,0.518470090328,0.544431897539,1,0.5,2026-07-01,0.537018425461,historical_prior,30
2026-07-14,2026-08-13,0,-0.0238779976256,0.537018425461,0.570393704751,0.526631242576,0.548512473663,1,0.5,2026-07-01,0.537018425461,historical_prior,30
2026-07-15,2026-08-14,0,-0.0264487089129,0.537018425461,0.570393704751,0.527524589412,0.548959147082,1,0.5,2026-07-01,0.537018425461,historical_prior,30
2026-07-16,2026-08-15,0,-0.0116589012724,0.537018425461,0.570393704751,0.524201350042,0.547297527397,1,0.5,2026-07-01,0.537018425461,historical_prior,30
2026-07-17,2026-08-16,0,-0.0161370725964,0.537018425461,0.570393704751,0.523117778535,0.546755741643,1,0.5,2026-07-01,0.537018425461,historical_prior,30
2026-07-18,2026-08-17,0,-0.0046598848571,0.537018425461,0.570393704751,0.526215935797,0.548304820274,1,0.5,2026-07-01,0.537018425461,historical_prior,30
2026-07-19,2026-08-18,1,4.44976355995e-05,0.537018425461,0.570393704751,0.525602124087,0.547997914419,1,0.5,2026-07-01,0.537018425461,historical_prior,30
2026-07-20,2026-08-19,1,0.0625124223227,0.537018425461,0.570393704751,0.528870593949,0.54963214935,1,0.5,2026-07-01,0.537018425461,historical_prior,30
2026-07-21,2026-08-20,1,0.0971959620267,0.537018425461,0.570393704751,0.527495720718,0.548944712734,1,0.5,2026-07-01,0.537018425461,historical_prior,30
2026-07-22,2026-08-21,1,0.184884433049,0.537018425461,0.570393704751,0.526575610961,0.548484657856,1,0.5,2026-07-01,0.537018425461,historical_prior,30
2026-07-23,2026-08-22,1,0.183965429868,0.537018425461,0.570393704751,0.526553286525,0.548473495638,1,0.5,2026-07-01,0.537018425461,historical_prior,30
2026-07-24,2026-08-23,1,0.211942814459,0.537018425461,0.570393704751,0.524645214804,0.547519459777,1,0.5,2026-07-01,0.537018425461,historical_prior,30
2026-07-25,2026-08-24,1,0.22707184466,0.537018425461,0.570393704751,0.523736623218,0.547065163985,1,0.5,2026-07-01,0.537018425461,historical_prior,30
2026-07-26,2026-08-25,1,0.20090446497,0.537018425461,0.570393704751,0.526195654517,0.548294679634,1,0.5,2026-07-01,0.537018425461,historical_prior,30
2026-07-27,2026-08-26,1,0.239474300872,0.537018425461,0.570393704751,0.522480041416,0.546436873083,1,0.5,2026-07-01,0.537018425461,historical_prior,30
2026-07-28,2026-08-27,1,0.255567237738,0.537018425461,0.570393704751,0.5207462326,0.545569968675,1,0.5,2026-07-01,0.537018425461,historical_prior,30
2026-07-29,2026-08-28,1,0.216640556087,0.537018425461,0.570393704751,0.521122480173,0.545758092462,1,0.5,2026-07-01,0.537018425461,historical_prior,30
2026-07-30,2026-08-29,1,0.207625437596,0.537018425461,0.570393704751,0.524770587245,0.547582145998,1,0.5,2026-07-01,0.537018425461,historical_prior,30
2026-07-31,2026-08-30,1,0.235245964723,0.537018425461,0.570393704751,0.521957259563,0.546175482157,1,0.5,2026-07-01,0.537018425461,historical_prior,30
2026-08-01,2026-08-31,1,0.250823575329,0.538461538462,0.573665747933,0.52217270019,0.547919224062,1,0.5,2026-08-01,0.538461538462,historical_prior,30
2026-08-02,2026-09-01,1,0.218168947617,0.538461538462,0.573665747933,0.521312068355,0.547488908144,1,0.5,2026-08-01,0.538461538462,historical_prior,30
2026-08-03,2026-09-02,1,0.217569426952,0.538461538462,0.573665747933,0.523612865143,0.548639306538,1,0.5,2026-08-01,0.538461538462,historical_prior,30
2026-08-04,2026-09-03,1,0.267738746238,0.538461538462,0.573665747933,0.524314897703,0.548990322818,1,0.5,2026-08-01,0.538461538462,historical_prior,30
2026-08-05,2026-09-04,1,0.231894945707,0.538461538462,0.435547785548,0.525181627401,0.480364706474,1,0.5,2026-08-01,0.538461538462,historical_prior,30
2026-08-06,2026-09-05,1,0.24109561015,0.538461538462,0.435547785548,0.523339767212,0.47944377638,1,0.5,2026-08-01,0.538461538462,historical_prior,30
2026-08-07,2026-09-06,1,0.237490486835,0.538461538462,0.435547785548,0.528104775955,0.481826280751,1,0.5,2026-08-01,0.538461538462,historical_prior,30
2026-08-08,2026-09-07,1,0.217808554461,0.538461538462,0.435547785548,0.527560412012,0.48155409878,1,0.5,2026-08-01,0.538461538462,historical_prior,30
2026-08-09,2026-09-08,1,0.20884249523,0.538461538462,0.435547785548,0.525400192358,0.480473988953,1,0.5,2026-08-01,0.538461538462,historical_prior,30
2026-08-10,2026-09-09,1,0.224111579786,0.538461538462,0.435547785548,0.523926254785,0.479737020167,1,0.5,2026-08-01,0.538461538462,historical_prior,30
2026-08-11,2026-09-10,1,0.203910691824,0.538461538462,0.435547785548,0.522176314758,0.478862050153,1,0.5,2026-08-01,0.538461538462,historical_prior,30
2026-08-12,2026-09-11,1,0.216536108465,0.538461538462,0.435547785548,0.521063355203,0.478305570375,1,0.5,2026-08-01,0.538461538462,historical_prior,30
2026-08-13,2026-09-12,1,0.217163068826,0.538461538462,0.573665747933,0.517765730401,0.545715739167,1,0.5,2026-08-01,0.538461538462,historical_prior,30
2026-08-14,2026-09-13,1,0.218871681739,0.538461538462,0.573665747933,0.515961646046,0.544813696989,1,0.5,2026-08-01,0.538461538462,historical_prior,30
2026-08-15,2026-09-14,1,0.239406486478,0.538461538462,0.573665747933,0.516163349967,0.54491454895,1,0.5,2026-08-01,0.538461538462,historical_prior,30
2026-08-16,2026-09-15,1,0.202614944356,0.538461538462,0.573665747933,0.515802816922,0.544734282428,1,0.5,2026-08-01,0.538461538462,historical_prior,30
2026-08-17,2026-09-16,1,0.180900823001,0.538461538462,0.573665747933,0.521059361226,0.547362554579,1,0.5,2026-08-01,0.538461538462,historical_prior,30
